case_name,document_id,categories,entry_level,is_guidance,amounts,text,absolute_url
Seadrill Limited,30780920,"multiple_attendees,duplication",True,True,,"21. Certain of the Retained Professionals billed for instances in which numerous professionals attended hearings, meetings, or conference calls. While there may be justification for more than a few professionals from a single firm to attend the same hearing, meeting, or conference call, those occasions should be uncommon. See, e.g., In re CCT Comms., Inc., No. 07-10210 (SMB), 2010 WL 3386947, at *10 (Bankr. S.D.N.Y. Aug. 24, 2010) (“[T]wo or more lawyers billing their time attending the same conference is [not] per se unreasonable. In particular, the early stages of a chapter 11 case are often chaotic, require the performance of multiple tasks in a compressed time frame, and hence, necessitate frequent communication among lawyers in the same firm, between the lawyers and the client, and where required, between general and special counsel.”). Indeed, a firm may send as many partners, associates, and staff to a hearing or meeting as it likes, but estate compensation for multiple attendees should be supported by a compelling showing of each timekeeper’s contributory role. See id. (allowing multi-lawyer billing when the professionals were “heavily involved in the strategy and execution of the strategy [of the case]”); see also In re Fibermark, Inc., 349 B.R. at 396 (“[W]hen a professional seeks compensation for meetings and conferences among multiple professionals . . . the professional must demonstrate the benefit [to] the estate and document consistent amounts of time by all participants.”).",/docket/6151350/1222/seadrill-limited-and-seadrill-management-ltd/
Seadrill Limited,30780920,"vague,duplication",True,True,,"22. The U.S. Trustee Guidelines require a time entry, regardless of the amount of time, to contain sufficient information to identify the purpose of the work or the benefit to the Debtors’ estate. See also Louisiana Power & Light Co. v. Kellstrom, 50 F.3d 319, 326 (5th Cir. 1995) (stating that when adjusting a lodestar amount “the district court may properly reduce or eliminate hours when the supporting documentation is too vague to permit meaningful review”); In re Gemini Interests LLC, No. 11-38815, at *4 (Bankr. S.D. Tex. Feb. 27, 2015) (explaining when considering the reasonableness of time entries under a lodestar evaluation that “time entries that are vague, duplicative, excessive, or fall outside of the professionals’ appointment authority should be excluded. . . .”); In re CCT Comms., Inc., 2010 WL 3386947, at *7 (“The failure to provide sufficient details to allow the court to perform its task of determining the nature and value of the time spent by the attorney for the debtor while engaged in those telephone calls compels a conclusion that they are not compensable.”) (quoting In re Citrone Dev. Corp., 16 B.R. 359 (Bankr. S.D.N.Y. 1989)). Additionally, to be compensable, the Applicants should draft the time entries with sufficient detail to enable the Court to determine if the particular timekeeper complied with applicable Bankruptcy Code sections, rules, standards, and guidelines. The U.S. Trustee Guidelines provide that generally, “attention to” or “read” followed by a general term is not sufficient detail to recommend estate compensation. Further, narrative time entries that are duplicative or repetitive are inherently vague because these entries do not contain sufficient information to conclude that such identical work was reasonable and necessary to the Debtors’ estates. These patterns also raise concerns that the timekeeper failed to keep accurate and contemporaneous records, leading to the repetitive or vague entries.",/docket/6151350/1222/seadrill-limited-and-seadrill-management-ltd/
Seadrill Limited,30780920,seniority_mismatch,False,True,,"23. During the review of the Fee Applications, the Fee Examiner and his counsel identified certain instances in which partners or other higher billing rate professionals performed work that associates or lower billing rate professionals could have performed. Such instances include preliminary drafting, research projects, document review, or other similar work. Entries such as these require further explanation regarding why partners or higher billing rate professionals performed this work because the Fee Examiner must consider “whether the task at hand could have been performed competently by a less experienced professional at a lower cost to the estate.” In re Fibermark, Inc., 349 B.R. at 396.",/docket/6151350/1222/seadrill-limited-and-seadrill-management-ltd/
Seadrill Limited,30780920,"vague,block_billing,time_increments",True,True,,"24. Proper time record keeping enables the Court to determine the reasonableness of the work performed and any “uncertainties due to poor record-keeping will be resolved against the applicant.” See In re Poseidon Pools of America, 216 B.R. 98, 100–01 (E.D.N.Y. 1997); see also In re Digerati Techs., Inc., 537 B.R. 317, 334 (Bankr. S.D. Tex. 2015) (explaining that under the lodestar approach, “lumped entries prevent a court from accurately determining how many hours were reasonably billed”) (citing In re 900 Corp., 327 B.R. 585, 598 (Bankr. N.D. Tex. 2005) (“When time entries are vague or lumped together, such that the Court cannot determine how much time was spent on particular services, then the Applicant has not met its burden to show that its fees are reasonable.”)). The U.S. Trustee Guidelines require professionals to record time spent in tenth of an hour increments. Block billing and lumping violate these guidelines when the time entry is greater than a half hour increment for a particular time entry and not separated into tenth of an hour increments for each discrete task.",/docket/6151350/1222/seadrill-limited-and-seadrill-management-ltd/
Seadrill Limited,30780920,billing_activities,True,False,,"25. The U.S. Trustee Guidelines do not allow professionals to seek compensation for reviewing or revising time records or preparing, reviewing, or revising invoices. The Fee Examiner has reviewed the Applications to determine whether any of the Applicants has requested compensation for these tasks.",/docket/6151350/1222/seadrill-limited-and-seadrill-management-ltd/
Seadrill Limited,30780920,expenses,False,False,"$350.00,$500.00,$9,000.00","26. In reviewing the expenses requested in the Fee Applications, the Fee Examiner utilized a rubric applicable to travel expenses and identified: (i) lodging expenses generally exceeding $350.00 in cities other than New York City and London; (ii) lodging expenses exceeding $500.00 in New York City and London; and (iii) international airfare expenses exceeding $9,000.00.",/docket/6151350/1222/seadrill-limited-and-seadrill-management-ltd/
Seadrill Limited,30780920,vague,True,False,,"27. As with the review of time entries, the Fee Examiner reviewed any vague or repetitive expenses. Examples of vague expense requests are entries for which only the merchant and amount of the expense was provided and entries for travel expenses that failed to include origination or destination points. The Fee Applications",/docket/6151350/1222/seadrill-limited-and-seadrill-management-ltd/
Seadrill Limited,30780920,rates,False,False,"$923.41,$345.06","31. In the Kirkland Fee Application, Kirkland indicates that its timekeepers performed 12,662.70 hours of work at a blended rate of $923.41 per hour for professionals and $345.06 per hour for paraprofessionals. See Kirkland Fee Application, at 3 of 1157.",/docket/6151350/1222/seadrill-limited-and-seadrill-management-ltd/
Seadrill Limited,30780920,"duplication,budget_staffing_plan",False,True,,"In the Alvarez Retention Application, Alvarez describes its services as financial advisor to the Debtors as follows:  providing assistance to the Debtors in the preparation of financial-related disclosures required by the Court, including the Debtors’ Schedules of Assets and Liabilities, Statements of Financial Affairs and Monthly Operating Reports;  providing assistance with the identification and implementation of short- term cash management procedures;  providing assistance with identification of executory contracts and leases and performance of cost/benefit evaluations with respect to the affirmation or rejection of each;  providing assistance to Debtors’ management team and counsel focused on the coordination of resources related to the ongoing reorganization effort;  providing assistance in the preparation of financial information for distribution to creditors and others, including, cash flow projections and budgets, cash receipts and disbursement analysis, analysis of various asset and liability accounts, and analysis of proposed transactions for which Court approval is sought;  attending meetings and providing assistance in discussions with potential investors, banks, and other secured lenders, any official committee(s) appointed in these chapter 11 cases, the United States Trustee, other parties in interest and professionals hired by same, as requested;  analyzing creditor claims by type, entity, and individual claim, including assisting with development of databases, as necessary, to track such claims;  assisting in the preparation of information and analysis necessary for the confirmation of a plan of reorganization in these chapter 11 cases, including information contained in the disclosure statement;  providing assistance in the evaluation and analysis of avoidance actions, including fraudulent conveyances and preferential transfers;  providing expert witness testimony on case related issues as required by the debtors; and  rendering such other general business consulting or such other assistance as Debtors’ management or counsel may deem necessary consistent with the role of a financial advisor to the extent that it would not be duplicative of services provided by other professionals in this proceeding.",/docket/6151350/1222/seadrill-limited-and-seadrill-management-ltd/
Seadrill Limited,30780920,rates,False,False,"$543.93,$300.00","37. In the Alvarez Fee Application, Alvarez indicates that its timekeepers performed 12,820.80 hours of work at a blended rate of $543.93 per hour for professionals and $300.00 per hour for paraprofessionals. See Alvarez Fee Application, at 3 of 20.",/docket/6151350/1222/seadrill-limited-and-seadrill-management-ltd/
Seadrill Limited,30780920,rates,False,False,$366.73,"43. In the PwC Fee Application, PwC indicates that its timekeepers performed 3,349.30 hours of work at a blended rate of $366.73 per hour for professionals. See PwC Fee Application, at 3.",/docket/6151350/1222/seadrill-limited-and-seadrill-management-ltd/
Seadrill Limited,30780920,rates,False,False,"$652.00,$150.00","49. In the Conyers Fee Application, Conyers indicates that its timekeepers performed 471.75 hours of work at a blended rate of $652.00 per hour for professionals and $150.00 per hour for paraprofessionals. See Conyers Fee Application, at 3.",/docket/6151350/1222/seadrill-limited-and-seadrill-management-ltd/
Seadrill Limited,30780920,rates,False,False,"$801.27,$301.38","55. In the Skadden Fee Application, Skadden indicates that its timekeepers performed 1,930.207 hours of work at a blended rate of $801.27 per hour for professionals and $301.38 per hour for paraprofessionals. See Skadden Fee Application, at 22–23.",/docket/6151350/1222/seadrill-limited-and-seadrill-management-ltd/
Seadrill Limited,30780920,rates,False,False,$649.70,"61. In the Slaughter and May Fee Application, Slaughter and May indicates that its timekeepers performed 4,766.70 hours of work at a blended rate of £470.80 (or approximately $649.70) per hour for professionals. See Slaughter and May Fee Application, at 2 of 353.",/docket/6151350/1222/seadrill-limited-and-seadrill-management-ltd/
Seadrill Limited,30780920,rates,False,False,$384.31,"67. In the KPMG Fee Application, KPMG indicates that its timekeepers performed 349.30 hours of work at a blended rate of $384.31 per hour for professionals. See KPMG Fee Application, at 5. The KPMG Interim Fee Application generally complied with the Review Guidelines. The Fee Examiner did not identify any questions or concerns with respect to the KPMG Fee Application. The Fee Examiner supports entry of an order approving the KPMG Fee Application.",/docket/6151350/1222/seadrill-limited-and-seadrill-management-ltd/
Seadrill Limited,30780920,rates,False,False,$602.93,"71. In the Baker Tilly Fee Application, Baker Tilly indicates that its timekeepers performed 4,215.80 hours of work at a blended rate of $602.93 per hour for professionals. See Baker Tilly Fee Application, at 3 of 79.",/docket/6151350/1222/seadrill-limited-and-seadrill-management-ltd/
Seadrill Limited,30780920,rates,False,False,"$896.81,$337.87","76. In the Willkie Fee Application, Willkie indicates that its timekeepers performed 111.0 hours of work at a blended rate of $896.81 per hour for professionals and $337.879 per hour for paraprofessionals. See Willkie Fee Application, at 2.",/docket/6151350/1222/seadrill-limited-and-seadrill-management-ltd/
Seadrill Limited,30780920,rates,False,False,,"79. On October 18, 2017, the Committee filed the Application of the Official Committee of Unsecured Creditors, Pursuant to Sections 328 and 1103 of the Bankruptcy Code and Federal Rule of Bankruptcy Procedure 2014 for an Order Approving the Retention and Employment of Kramer Levin Naftalis & Frankel LLP as Counsel to the Committee Nunc Pro The Willkie Fee Application includes blended hourly rates by professionals and paraprofessionals by separate matter. For purposes of this Examiner Report, the Fee Examiner calculated the blended hourly rates for Willkie’s professionals and paraprofessionals on a weighted average basis for all matters. Tunc to September 27, 2017 [Docket No. 284] (the “Kramer Retention Application”). On November 9, 2017, the Court entered the Order Authorizing and Approving the Employment of Kramer Levin Naftalis & Frankel LLP as Counsel to the Official Committee of Unsecured Creditors Nunc Pro Tunc to September 27, 2017 [Docket No. 448] (the “Kramer Retention Order”).",/docket/6151350/1222/seadrill-limited-and-seadrill-management-ltd/
Seadrill Limited,30780920,rates,False,False,"$793.00,$357.00","82. In the Kramer Fee Application, Kramer indicates that its timekeepers performed 8,383.40 hours of work at a blended rate of $793.00 per hour for professionals and $357.00 per hour for paraprofessionals. See Kramer Fee Application, at 2.",/docket/6151350/1222/seadrill-limited-and-seadrill-management-ltd/
Seadrill Limited,30780920,nonworking_travel,True,False,"$519,696.75,$24,611.31,$34,174.36","86. On March 9, 2018, Cole Schotz P.C. (“Cole Schotz”) filed the First Interim Application of Cole Schotz P.C. for Allowance of Compensation for Services Rendered as Local Counsel to the Official Committee of Unsecured Creditors for the Period from September 28, 2017 through December 31, 2017 [Docket No. 1074] (as amended, the “Cole Schotz Fee Application”).10 In the Cole Schotz Fee Application, Cole Schotz seeks approval of fees of On March 12, 2018, Cole Schotz filed its First Interim Application of Cole Schotz P.C. for Allowance of Compensation for Services Rendered as Local and Conflicts Counsel to the Official Committee of Unsecured Creditors for the Period from September 28, 2017 through December 31, 2017 [Docket No. 1066]. On March 13, 2018, Cole Schotz filed a corrected First Interim Application of Cole Schotz P.C. for Allowance of Compensation for Services Rendered as Local and Conflicts Counsel to the Official Committee of Unsecured Creditors for the Period from September 28, 2017 through December 31, 2017 [Docket No. 1073]. On March 13, 2018, Cole Schotz filed a further corrected First Interim Application of Cole Schotz P.C. for Allowance of Compensation for Services Rendered as Local and Conflicts Counsel to the Official Committee of Unsecured Creditors for the Period from September 28, 2017 through December 31, 2017 [Docket No. 1074]. $519,696.75 and expenses of $24,611.31. In the Cole Schotz Fee Application, Cole Schotz indicates that it discounted its fees and expenses by a total of $34,174.36 (including a fifty percent (50%) reduction for non-working travel time) for the First Interim Period. See Cole Schotz Fee Application, at 1 n.2.",/docket/6151350/1222/seadrill-limited-and-seadrill-management-ltd/
Seadrill Limited,30780920,rates,False,False,"$526.86,$257.96","88. In the Cole Schotz Fee Application, Cole Schotz indicates that its timekeepers performed 1,035.10 hours of work at a blended rate of $526.86 per hour for professionals and $257.96 per hour for paraprofessionals. See Cole Schotz Fee Application, at 1–2.",/docket/6151350/1222/seadrill-limited-and-seadrill-management-ltd/
Seadrill Limited,30780920,"time_increments,billing_activities",True,False,,"91. On November 1, 2017, the Committee filed the Application for Entry of an Order Authorizing the Retention and Employment of Perella Weinberg Partners LP as Investment Banker to the Official Committee of Unsecured Creditors, Nunc Pro Tunc to October 5, 2017 [Docket No. 400] (the “PWP Retention Application”). On November 27, 2017, the Court entered the Order Authorizing Employment and Retention of Perella Weinberg Partners LP as Investment Banker for the Official Committee of Unsecured Creditors Effective October 5, 2017 and Modifying Certain Time-Keeping Requirements [Docket No. 735] (the “PWP Retention Order”). The PWP Retention Order authorized the firm to “keep reasonably detailed time records in half-hour increments.” See PWP Retention Order, ¶ 12.",/docket/6151350/1222/seadrill-limited-and-seadrill-management-ltd/
Seadrill Limited,30780920,rates,False,False,,"97. On November 1, 2017, the Committee filed the Application for Approval of the Employment of Advokatfirmaet Selmer DA as Norwegian Counsel to the Official Committee of Unsecured Creditors, Effective as of October 6, 2017 [Docket No. 396] (the “Selmer Retention Application”). On November 29, 2017, the Court entered the Amended Order Approving Application for Approval of the Employment of Advokatfirmaet Selmer DA as Norwegian The PWP Fee Application does not include a calculation of the average hourly rates by professionals and paraprofessionals. For purposes of this Examiner Report, the Fee Examiner calculated the average hourly rates for PWP’s professionals and paraprofessionals by dividing the total amount of fees by the total hours worked. Counsel to the Official Committee of Unsecured Creditors, Effective October 6, 2017 [Docket No. 790] (the “Selmer Retention Order”).12",/docket/6151350/1222/seadrill-limited-and-seadrill-management-ltd/
Seadrill Limited,30780920,rates,False,False,"$275,087.29,$278,613.23","100. In the Selmer Fee Application, Selmer indicates its timekeepers performed 620.40 hours of services at a blended rate of NOK 3,609.81 per hour for all professionals. See Selmer Fee Application, at 2. The Selmer Retention Order amended the Order Approving Application for Approval of the Employment of Advokatfirmaet Selmer DA as Norwegian Counsel to the Official Committee of Unsecured Creditors, Effective October 6, 2017 [Docket No. 446]. The Selmer Fee Application states: “Rates are charged in Norwegian Kroner (“NOK”). For the purposes of this fee application, estimates have been provided in U.S. dollars at the exchange rate of USD/NOK 8,134.” See Selmer Fee Application, at 1 n.2. On the coversheet to the Selmer Fee Application, Selmer indicates that the fees requested in its Fee Application total $275,087.29. See Selmer Fee Application, at 1 of 114. In its “Summary of Compensation Requested by Project Category,” Selmer indicates that the fees requested in its Fee Application total $278,613.23. See Selmer Fee Application, at 30 of 114.",/docket/6151350/1222/seadrill-limited-and-seadrill-management-ltd/
Seadrill Limited,30780920,rates,False,False,$686.05,"106. In the FTI Fee Application, FTI indicates that its timekeepers performed 4,194.20 hours of work at a blended rate of $686.05 per hour for professionals. See FTI Interim Fee Application, at 2 of 280.",/docket/6151350/1222/seadrill-limited-and-seadrill-management-ltd/
Seadrill Limited,37429894,"multiple_attendees,duplication",True,True,,"42. Certain of the Retained Professionals billed for instances in which numerous professionals attended hearings, meetings, or conference calls. While there may be justification for more than a few professionals from a single firm to attend the same hearing, meeting, or conference call, those occasions should not be routine. See, e.g., In re CCT Comms., Inc., No. 07-10210 (SMB), 2010 WL 3386947, at *10 (Bankr. S.D.N.Y. Aug. 24, 2010) (“[T]wo or more lawyers billing their time attending the same conference is [not] per se unreasonable. In particular, the early stages of a chapter 11 case are often chaotic, require the performance of multiple tasks in a compressed time frame, and hence, necessitate frequent communication among lawyers in the same firm, between the lawyers and the client, and where required, between general and special counsel.”). Aa firm may send as many partners, associates, and staff to a hearing or meeting as it likes, but estate compensation for multiple attendees should be supported by a compelling showing of each timekeeper’s contributory role. See id. (allowing multi-lawyer billing when the professionals were “heavily involved in the strategy and execution of the strategy [of the case]”); see also In re Fibermark, Inc., 349 B.R. at 396 (“[W]hen a professional seeks compensation for meetings and conferences among multiple professionals . . . the professional must demonstrate the benefit [to] the estate and document consistent amounts of time by all participants.”).",/docket/6151350/1412/seadrill-limited-and-seadrill-management-ltd/
Seadrill Limited,37429894,"vague,duplication",True,True,,"43. The U.S. Trustee Guidelines require a time entry, regardless of the amount of time, to contain sufficient information to identify the purpose of the work or the benefit to the Debtors’ estate. See also Louisiana Power & Light Co. v. Kellstrom, 50 F.3d 319, 326 (5th Cir. 1995) (stating that when adjusting a lodestar amount “the district court may properly reduce or eliminate hours when the supporting documentation is too vague to permit meaningful review”); In re Gemini Interests LLC, No. 11-38815, 2015 Bankr. LEXIS 612, at *4 (Bankr. S.D. Tex. Feb. 27, 2015) (explaining when considering the reasonableness of time entries under a lodestar evaluation that “time entries that are vague, duplicative, excessive, or fall outside of the professionals’ appointment authority should be excluded. . . .”); In re CCT Comms., Inc., 2010 WL 3386947, at *7 (“The failure to provide sufficient details to allow the court to perform its task of determining the nature and value of the time spent by the attorney for the debtor while engaged in those telephone calls compels a conclusion that they are not compensable.”) (quoting In re Citrone Dev. Corp., 16 B.R. 359 (Bankr. S.D.N.Y. 1989)). Additionally, to be compensable, the Retained Professionals should draft the time entries with sufficient detail to enable the Court to determine if the particular timekeeper complied with applicable Bankruptcy Code sections, rules, standards, and guidelines. The U.S. Trustee Guidelines provide that generally, “attention to” or “read” followed by a general term is not sufficient detail to recommend estate compensation. Further, narrative time entries that are duplicative or repetitive are inherently vague because these entries do not contain sufficient information to conclude that such identical work was reasonable and necessary to the Debtors’ estates.",/docket/6151350/1412/seadrill-limited-and-seadrill-management-ltd/
Seadrill Limited,37429894,vague,True,False,,These patterns also raise concerns that the timekeeper failed to keep accurate and contemporaneous records leading to the repetitive or vague entries.,/docket/6151350/1412/seadrill-limited-and-seadrill-management-ltd/
Seadrill Limited,37429894,seniority_mismatch,False,True,,"44. During the review of the Fee Applications, the Fee Examiner and his counsel identified instances in which partners or other higher billing rate professionals performed work that associates or lower billing rate professionals could have performed. Such instances include preliminary drafting, research projects, document review, or other similar work. Entries such as these required further explanation regarding why partners or higher billing rate professionals performed this work so the Fee Examiner could consider “whether the task at hand could have been performed competently by a less experienced professional at a lower cost to the estate.” In re Fibermark, Inc., 349 B.R. at 396.",/docket/6151350/1412/seadrill-limited-and-seadrill-management-ltd/
Seadrill Limited,37429894,"vague,block_billing,time_increments",True,True,,"45. Proper time keeping enables the Court to determine the reasonableness of the work performed and any “uncertainties due to poor record-keeping will be resolved against the applicant.” See In re Poseidon Pools of America, 216 B.R. 98, 100–01 (E.D.N.Y. 1997); see also In re Digerati Techs., Inc., 537 B.R. 317, 334 (Bankr. S.D. Tex. 2015) (explaining that under the lodestar approach, “lumped entries prevent a court from accurately determining how many hours were reasonably billed”) (citing In re 900 Corp., 327 B.R. 585, 598 (Bankr. N.D. Tex. 2005) (“When time entries are vague or lumped together, such that the Court cannot determine how much time was spent on particular services, then the Applicant has not met its burden to show that its fees are reasonable.”)). The U.S. Trustee Guidelines require professionals to record time spent in tenth of an hour increments. Block billing and lumping violate these guidelines when the time entry is greater than a half-hour increment for a particular time entry and not separated into tenth of an hour increments for each discrete task.",/docket/6151350/1412/seadrill-limited-and-seadrill-management-ltd/
Seadrill Limited,37429894,billing_activities,True,False,,"46. The U.S. Trustee Guidelines do not allow professionals to seek compensation for reviewing or revising time records or preparing, reviewing, or revising invoices. The Fee Examiner has reviewed the Final Fee Applications to determine whether any of the Final Fee Applicants requested compensation for these tasks.",/docket/6151350/1412/seadrill-limited-and-seadrill-management-ltd/
Seadrill Limited,37429894,rates,False,False,,"47. The Fee Examiner did not review the reasonableness of the Retained Professionals’ hourly rates. The retention applications and accompanying engagement letters included hourly rates information for the respective professionals. The Court, after considering the retention applications, entered retention orders authorizing the retention of the Retained Professionals. The Fee Examiner, therefore, did not undertake nor believe an extensive review of the hourly rates charged by the Retained Professionals was necessary or appropriate. The Fee Examiner only considered whether the fees charged by the Retained Professionals were consistent with those approved by the Court in the retention orders.",/docket/6151350/1412/seadrill-limited-and-seadrill-management-ltd/
Seadrill Limited,37429894,rates,False,True,,"48. The U.S. Trustee Guidelines require disclosure of rate increases. Boilerplate language in retention applications or engagement letter that provide a range of potential hourly rates is insufficient. Many of the Court’s retention orders in the Chapter 11 Cases provided that prior to any rate increase, the Retained Professionals must first file a notice with the Court and provide ten (10) business days’ notice to the Debtors, the U.S. Trustee, and any official committee before any rate increase became effective. The Fee Examiner reviewed the Final Fee Applications to determine whether any of the Final Fee Applicants requested compensation for unnoticed rate increases.",/docket/6151350/1412/seadrill-limited-and-seadrill-management-ltd/
Seadrill Limited,37429894,expenses,False,False,"$350.00,$500.00,$9,000.00","49. In reviewing the expenses requested in the Final Fee Applications, the Fee Examiner utilized a rubric applicable to travel expenses and identified: (i) lodging expenses generally exceeding $350.00 in cities other than New York City and London; (ii) lodging expenses exceeding $500.00 in New York City and London; and (iii) international airfare expenses exceeding $9,000.00 (the “Expense Rubric”).",/docket/6151350/1412/seadrill-limited-and-seadrill-management-ltd/
Seadrill Limited,37429894,vague,True,False,,"50. As with the review of time entries, the Fee Examiner reviewed any vague or repetitive expenses. Examples of vague expense requests are entries for which only the merchant and amount of the expense was provided and entries for travel expenses that failed to include origination or destination points. The Final Fee Applications",/docket/6151350/1412/seadrill-limited-and-seadrill-management-ltd/
Seadrill Limited,37429894,rates,False,False,"$923.41,$345.06","58. In the Kirkland Interim Fee Application, Kirkland indicates that its timekeepers performed 12,662.70 hours of work at a blended rate of $923.41 per hour for professionals and $345.06 per hour for paraprofessionals. See Kirkland Fee Application, at 3.",/docket/6151350/1412/seadrill-limited-and-seadrill-management-ltd/
Seadrill Limited,37429894,"vague,block_billing,seniority_mismatch",True,True,,"60. On June 8, 2017, the Fee Examiner filed the Fee Examiner’s First Supplemental Report Regarding Review of First Interim Fee Application of Kirkland & Ellis LLP and Kirkland & Ellis International LLP, Attorneys for the Debtors and Debtors in Possession, for the Period September 12, 2017 Through and Including December 31, 2017 [Docket No. 1365] (the “Supplemental Fee Examiner’s Report”). In the Supplemental Fee Examiner’s Report, the Fee Examiner stated that The Fee Examiner and his counsel identified certain of [Kirkland’s] time entries that: (1) had numerous professionals attending hearings, meetings, or conference calls; (2) did not include sufficient detail; (3) had partners or high billing professionals perform work that associates or lower billing rate professionals could perform; and (4) had blocked billed or lumped time entries. Additionally, the Fee Examiner and his counsel identified certain expense items that were either vague or improperly billed. [Kirkland] agreed to eliminate these identified expense entries in their entirety. Supplemental Fee Examiner’s Report, ¶ 6.",/docket/6151350/1412/seadrill-limited-and-seadrill-management-ltd/
Seadrill Limited,37429894,rates,False,False,"$963.30,$335.93","63. In the Kirkland Final Fee Application, Kirkland indicates that its timekeepers performed 22,605.20 hours of work at a blended rate of $963.30 per hour for professionals and $335.93 per hour for paraprofessionals for the Final Fee Period. See Kirkland Final Fee Application, at 3.",/docket/6151350/1412/seadrill-limited-and-seadrill-management-ltd/
Seadrill Limited,37429894,"vague,block_billing,billing_activities,seniority_mismatch",True,True,,"64. On July 26, 2018, the Fee Examiner and his counsel participated in the Final Fee Conference with Kirkland to discuss the Kirkland Final Fee Application. The Fee Examiner and his counsel presented their observations regarding Kirkland’s compliance with the Review These figures are net of the Kirkland Interim Fee Adjustment. See Kirkland Final Fee Application, p. 2 nn. 1–2. These figures are net of the Kirkland Interim Fee Adjustment. See id. at p. 31 nn. 8–9. Guidelines in the Kirkland Final Fee Application. The Fee Examiner and his counsel also raised questions regarding certain time entries and expenses. Specifically, the Fee Examiner and his counsel identified certain of Kirkland’s time entries that: (1) had numerous professionals attending hearings, meetings, or conference calls; (2) did not include sufficient detail; (3) had partners or high billing professionals perform work that associates or lower billing rate professionals could perform; (4) had blocked billed or lumped time entries; and (5) had time entries for invoicing. Additionally, the Fee Examiner and his counsel identified certain expense items that were either vague or exceeded the Expense Rubric.",/docket/6151350/1412/seadrill-limited-and-seadrill-management-ltd/
Seadrill Limited,37429894,"duplication,budget_staffing_plan",False,True,,"In the Alvarez Retention Application, Alvarez & Marsal North America, LLP and Alvarez & Marsal Europe LLP (“Alvarez”) describes its services as financial advisor to the Debtors as follows:  providing assistance to the Debtors in the preparation of financial-related disclosures required by the Court, including the Debtors’ Schedules of Assets and Liabilities, Statements of Financial Affairs and Monthly Operating Reports;  providing assistance with the identification and implementation of short- term cash management procedures;  providing assistance with identification of executory contracts and leases and performance of cost/benefit evaluations with respect to the affirmation or rejection of each;  providing assistance to Debtors’ management team and counsel focused on the coordination of resources related to the ongoing reorganization effort;  providing assistance in the preparation of financial information for distribution to creditors and others, including, cash flow projections and budgets, cash receipts and disbursement analysis, analysis of various asset and liability accounts, and analysis of proposed transactions for which Court approval is sought;  attending meetings and providing assistance in discussions with potential investors, banks, and other secured lenders, any official committee(s) appointed in these chapter 11 cases, the United States Trustee, other parties in interest and professionals hired by same, as requested;  analyzing creditor claims by type, entity, and individual claim, including assisting with development of databases, as necessary, to track such claims;  assisting in the preparation of information and analysis necessary for the confirmation of a plan of reorganization in these chapter 11 cases, including information contained in the disclosure statement;  providing assistance in the evaluation and analysis of avoidance actions, including fraudulent conveyances and preferential transfers;  providing expert witness testimony on case related issues as required by the debtors; and  rendering such other general business consulting or such other assistance as Debtors’ management or counsel may deem necessary consistent with the role of a financial advisor to the extent that it would not be duplicative of services provided by other professionals in this proceeding.",/docket/6151350/1412/seadrill-limited-and-seadrill-management-ltd/
Seadrill Limited,37429894,rates,False,False,"$543.93,$300.00","69. In the Alvarez Interim Fee Application, Alvarez indicates that its timekeepers performed 12,820.80 hours of work at a blended rate of $543.93 per hour for professionals and $300.00 per hour for paraprofessionals. See Alvarez Interim Fee Application, at 3.",/docket/6151350/1412/seadrill-limited-and-seadrill-management-ltd/
Seadrill Limited,37429894,"block_billing,seniority_mismatch",True,True,,"70. On April 23, 2018, the Fee Examiner and his counsel participated in the Interim Fee Conference with Alvarez to discuss the Alvarez Interim Fee Application. The Fee Examiner and his counsel presented their observations regarding Alvarez’s compliance with the Review Guidelines in the Alvarez Interim Fee Application. The Fee Examiner and his counsel also raised questions regarding certain time entries and expenses. Specifically, the Fee Examiner and his counsel identified certain of Alvarez’s time entries that: (1) had numerous professionals attending hearings, meetings, or conference calls; (2) did not include sufficient detail; (3) had partners or high billing professionals perform work that associates or lower billing rate professionals could perform; and (4) had blocked billed or lumped time entries. Following the Initial Conference, Alvarez provided the Fee Examiner and his counsel with additional information pertaining to these matters raised in the Initial Conference.",/docket/6151350/1412/seadrill-limited-and-seadrill-management-ltd/
Seadrill Limited,37429894,budget_staffing_plan,False,False,"$95,000.00","71. During the course of its employment as the Debtors’ financial advisor, Alvarez sent many of its professionals overseas to assist with the Debtors’ businesses in the United Kingdom for multiple weeks at a time. Because transatlantic flights are expensive, instead of flying professionals back and forth from the United States to the United Kingdom on the weekends, Alvarez proposed an alternative expense structure to the Debtors. The alternative expense structure is referred to herein as the “In Lieu of Charges.” The In Lieu of Charges included hotels, meals, European transportation, and laundry within a budget agreed upon by Alvarez and the Debtors. Alvarez’s incurred the In Lieu of Charges to minimize the cost to the estate of significant transatlantic flights. For the Final Period, Alvarez incurred In Lieu of Charges for approximately $95,000.00. The Fee Examiner believes the In Lieu of Charges saved the estate a substantial amount in excess of the In Lieu of Charges. The Fee Examiner does not object to these charges and believes the alternative expense structure was beneficial to the estate.17",/docket/6151350/1412/seadrill-limited-and-seadrill-management-ltd/
Seadrill Limited,37429894,rates,False,False,"$560.32,$300.00","75. In the Alvarez Final Fee Application, Alvarez indicates that its timekeepers performed 21,334.20 hours of work at a blended rate of $560.32 per hour for professionals and $300.00 per hour for paraprofessionals for the Final Fee Period. See Alvarez Final Fee Application, at 3.",/docket/6151350/1412/seadrill-limited-and-seadrill-management-ltd/
Seadrill Limited,37429894,"vague,block_billing,seniority_mismatch",True,True,,"76. On July 30, 2018, the Fee Examiner and his counsel participated in the Final Fee Conference with Alvarez to discuss the Alvarez Final Fee Application. The Fee Examiner and his counsel presented their observations regarding Alvarez’s compliance with the Review Guidelines in the Alvarez Final Fee Application. The Fee Examiner and his counsel also raised questions regarding certain time entries and expenses. Specifically, the Fee Examiner and his counsel identified certain of Alvarez’s time entries that: (1) had numerous professionals attending hearings, meetings, or conference calls; (2) did not include sufficient detail; (3) had partners or high billing professionals perform work that associates or lower billing rate professionals could perform; and (4) had blocked billed or lumped time entries. The Fee Examiner and his counsel also reviewed the In Lieu of Charges and identified certain expense items that were either vague or exceed the Expense Rubric.",/docket/6151350/1412/seadrill-limited-and-seadrill-management-ltd/
Seadrill Limited,37429894,rates,False,False,$366.73,"81. In the PwC Interim Fee Application, PwC indicates that its timekeepers performed 3,349.30 hours of work at a blended rate of $366.73 per hour for professionals. See PwC Interim Fee Application, at 3.",/docket/6151350/1412/seadrill-limited-and-seadrill-management-ltd/
Seadrill Limited,37429894,"vague,overhead_clerical",True,True,,"82. On April 20, 2018, the Fee Examiner and his counsel participated in the Interim Fee Conference with PwC to discuss the PwC Interim Fee Application. The Fee Examiner and his counsel presented their observations regarding PwC’s compliance with the Review Guidelines in the PwC Interim Fee Application. The Fee Examiner and his counsel also raised questions regarding certain time entries and expenses. Specifically, the Fee Examiner and his counsel identified certain of PwC’s time entries that: (1) had numerous professionals attending hearings, meetings, or conference calls; (2) did not include sufficient detail; and (3) included potentially non-compensable administrative tasks. Additionally, the Fee Examiner and his counsel identified certain expense items that were either vague or improperly billed. Following the Interim Fee Conference, PwC provided the Fee Examiner and his counsel with additional information pertaining to the matters raised in the Interim Fee Conference.",/docket/6151350/1412/seadrill-limited-and-seadrill-management-ltd/
Seadrill Limited,37429894,rates,False,False,$282.29,"85. In the PwC Final Fee Application, PwC indicates that its timekeepers performed 10,081.70 hours of work at a blended rate of $282.29 per hour for professionals for the Final Fee Period. See PwC Final Fee Application, at 3.",/docket/6151350/1412/seadrill-limited-and-seadrill-management-ltd/
Seadrill Limited,37429894,"vague,overhead_clerical",True,True,,"86. On August 8, 2018, the Fee Examiner and his counsel participated in the Final Fee Conference with PwC to discuss the PwC Final Fee Application. The Fee Examiner and his counsel presented their observations regarding PwC’s compliance with the Review Guidelines in the PwC Final Fee Application. The Fee Examiner and his counsel also raised questions regarding certain time entries and expenses. Specifically, the Fee Examiner and his counsel identified certain of PwC’s time entries that: (1) had numerous professionals attending hearings, meetings, or conference calls; (2) did not include sufficient detail; or (3) included potentially non-compensable administrative tasks. Additionally, the Fee Examiner and his counsel identified certain expense items that were either vague or improperly billed.",/docket/6151350/1412/seadrill-limited-and-seadrill-management-ltd/
Seadrill Limited,37429894,rates,False,False,"$652.00,$150.00","91. In the Conyers Interim Fee Application, Conyers indicates that its timekeepers performed 471.75 hours of work at a blended rate of $652.00 per hour for professionals and $150.00 per hour for paraprofessionals. See Conyers Interim Fee Application, at 3.",/docket/6151350/1412/seadrill-limited-and-seadrill-management-ltd/
Seadrill Limited,37429894,seniority_mismatch,False,True,,"92. On April 24, 2018, the Fee Examiner and his counsel participated in the Interim Fee Conference with Conyers to discuss the Conyers Interim Fee Application. The Fee Examiner and his counsel presented their observations regarding Conyers’ compliance with the Review Guidelines in the Conyers Interim Fee Application. The Fee Examiner and his counsel also raised questions regarding certain time entries and expenses. Specifically, the Fee Examiner and his counsel identified certain of Conyers’ time entries that: (1) did not include sufficient detail and (2) had partners or high billing professionals perform work that associates or lower billing rate professionals could potentially perform. Following the Interim Fee Conference, Conyers provided the Fee Examiner and his counsel with additional information pertaining to the matters raised in the Interim Fee Conference.",/docket/6151350/1412/seadrill-limited-and-seadrill-management-ltd/
Seadrill Limited,37429894,rates,False,False,"$711.00,$150.00","95. In the Conyers Final Fee Application, Conyers indicates that its timekeepers performed 1,313.50 hours of work at a blended rate of $711.00 per hour for professionals and $150.00 per hour for paraprofessionals for the Final Fee Period. See Conyers Final Fee Application, at 49–50.",/docket/6151350/1412/seadrill-limited-and-seadrill-management-ltd/
Seadrill Limited,37429894,"vague,block_billing",True,True,,"96. On August 7, 2018, the Fee Examiner and his counsel participated in the Final Fee Conference with Conyers to discuss the Conyers Final Fee Application. The Fee Examiner and his counsel presented their observations regarding Conyers’ compliance with the Review Guidelines in the Conyers Final Fee Application. The Fee Examiner and his counsel also raised questions regarding certain time entries and expenses. Specifically, the Fee Examiner and his counsel identified certain of Conyers’ time entries that: (1) did not include sufficient detail; (2) had blocked billed or lumped time entries; and (3) were charged at rates that were in excess of those approved by the Conyers Retention Order. Additionally, the Fee Examiner and his counsel identified certain expense items that were either vague or improperly billed.",/docket/6151350/1412/seadrill-limited-and-seadrill-management-ltd/
Seadrill Limited,37429894,rates,False,False,"$801.27,$301.38","101. In the Skadden Interim Fee Application, Skadden indicates that its timekeepers performed 1,930.2019 hours of work at a blended rate of $801.27 per hour for professionals and $301.38 per hour for paraprofessionals. See Skadden Interim Fee Application, at 22–23.",/docket/6151350/1412/seadrill-limited-and-seadrill-management-ltd/
Seadrill Limited,37429894,"vague,billing_activities",True,True,,"102. On April 23, 2018, the Fee Examiner and his counsel participated in the Interim Fee Conference with Skadden to discuss the Skadden Interim Fee Application. The Fee Examiner and his counsel presented their observations regarding Skadden’s compliance with the Review Guidelines in the Skadden Interim Fee Application. The Fee Examiner and his counsel also raised questions regarding certain time entries and expenses. Specifically, the Fee Examiner and his counsel identified certain of Skadden’s time entries that: (1) had numerous professionals attending hearings, meetings, or conference calls and (2) did not include sufficient detail. Additionally, the Fee Examiner and his counsel identified certain expense items that were either vague, including insufficient fee details for certain barrister invoices, or improperly billed. Following the Interim Fee Conference, Skadden provided the Fee Examiner and his counsel with additional information pertaining to the matters raised in the Interim Fee Conference.",/docket/6151350/1412/seadrill-limited-and-seadrill-management-ltd/
Seadrill Limited,37429894,rates,False,False,"$811.47,$309.93","105. In the Skadden Final Fee Application, Skadden indicates that its timekeepers performed 2,874.90 hours of work at a blended rate of $811.47 per hour for professionals and a blended rate of $309.93 per hour for paraprofessionals for the Final Fee Period. See Skadden Final Fee Application, at 24–25.",/docket/6151350/1412/seadrill-limited-and-seadrill-management-ltd/
Seadrill Limited,37429894,"vague,overhead_clerical",True,True,,"106. On July 27, 2018, the Fee Examiner and his counsel participated in the Final Fee Conference with Skadden to discuss the Skadden Final Fee Application. The Fee Examiner and his counsel presented their observations regarding Skadden’s compliance with the Review Guidelines in the Skadden Final Fee Application. The Fee Examiner and his counsel also raised questions regarding certain time entries and expenses. Specifically, the Fee Examiner and his counsel identified certain of Skadden’s time entries that: (1) did not include sufficient detail and (2) related to potentially non-compensable administrative tasks and retention-related matters. Additionally, the Fee Examiner and his counsel identified certain expense items that were either vague or improperly billed.",/docket/6151350/1412/seadrill-limited-and-seadrill-management-ltd/
Seadrill Limited,37429894,rates,False,False,$649.70,"111. In the Slaughter and May Interim Fee Application, Slaughter and May indicates that its timekeepers performed 4,766.70 hours of work at a blended rate of £470.80 (or approximately $649.70) per hour for professionals. See Slaughter and May Interim Fee Application, at 2.",/docket/6151350/1412/seadrill-limited-and-seadrill-management-ltd/
Seadrill Limited,37429894,"vague,block_billing",True,True,,"112. On April 24, 2018, the Fee Examiner and his counsel participated in the Interim Fee Conference with Slaughter and May to discuss the Slaughter and May Interim Fee Application. The Fee Examiner and his counsel presented their observations regarding Slaughter and May’s compliance with the Review Guidelines in the Slaughter and May Interim Fee Application. The Fee Examiner and his counsel also raised questions regarding certain time entries and expenses. Specifically, the Fee Examiner and his counsel identified certain of Skadden’s time entries that: (1) did not include sufficient detail; (2) had blocked billed or lumped time entries; (3) had an unclear benefit to the estate. Additionally, the Fee Examiner and his counsel identified certain expense items that were vague. Following the Interim Fee Conference, Slaughter and May provided the Fee Examiner and his counsel with additional information pertaining to the matters raised in the Interim Fee Conference.",/docket/6151350/1412/seadrill-limited-and-seadrill-management-ltd/
Seadrill Limited,37429894,rates,False,False,$587.79,"115. In the Slaughter and May Final Fee Application, Slaughter and May indicates that its timekeepers performed 9,659.40 hours of work at a blended rate of £438.65 (or approximately $587.79) per hour for professionals. See Slaughter and May Final Fee Application, at 3.",/docket/6151350/1412/seadrill-limited-and-seadrill-management-ltd/
Seadrill Limited,37429894,"vague,block_billing,seniority_mismatch",True,True,,"116. On July 26, 2018, the Fee Examiner and his counsel participated in the Final Fee Conference with Slaughter and May to discuss the Slaughter and May Final Fee Application. The Fee Examiner and his counsel presented their observations regarding Slaughter and May’s compliance with the Review Guidelines in the Slaughter and May Final Fee Application. The Pursuant to the Slaughter and May Final Fee Application, USD amounts were calculated using a GBP-USD exchange rate of 1.34 USD: 1 GBP. See Slaughter and May Final Fee Application, at 3 n.3. These amounts do not include Slaughter and May’s requests in the Interim Fee Application. See supra ¶ 110. Fee Examiner and his counsel also raised questions regarding certain time entries and expenses. Specifically, the Fee Examiner and his counsel identified certain of Slaughter and May’s time entries that: (1) did not include sufficient detail; (2) had partners or high billing professionals perform work that associates or lower billing rate professionals could perform; and (3) had blocked billed or lumped time entries. Additionally, the Fee Examiner and his counsel identified certain expense items that were vague.",/docket/6151350/1412/seadrill-limited-and-seadrill-management-ltd/
Seadrill Limited,37429894,rates,False,False,$384.31,"121. In the KPMG Interim Fee Application, KPMG indicates that its timekeepers performed 349.30 hours of work at a blended rate of $384.31 per hour for professionals. See KPMG Interim Fee Application, at 5. The KPMG Interim Fee Application generally complied with the Review Guidelines. The Fee Examiner did not identify any questions or concerns with respect to the KPMG Fee Application. The Fee Examiner did not object to the entry of an order approving the KPMG Interim Fee Application.",/docket/6151350/1412/seadrill-limited-and-seadrill-management-ltd/
Seadrill Limited,37429894,rates,False,False,$398.04,"124. In the KPMG Final Fee Application, KPMG indicates that its timekeepers performed 5,132.80 hours of work at a blended rate of $398.04 per hour for the Final Fee Period. See KPMG Final Fee Application, at 9.",/docket/6151350/1412/seadrill-limited-and-seadrill-management-ltd/
Seadrill Limited,37429894,rates,False,False,$521.42,"131. In the E&Y Interim Fee Application, E&Y indicates that its timekeepers performed 6,937.70 hours of work at a blended rate of $521.42 per hour for the Interim Fee Period. See E&Y Interim Fee Application, at 2–3.",/docket/6151350/1412/seadrill-limited-and-seadrill-management-ltd/
Seadrill Limited,37429894,rates,False,False,$529.27,"134. In the E&Y Final Fee Application, E&Y indicates that its timekeepers performed 7,626.90 hours of work at a blended rate of $529.27 per hour for the Final Fee Period. See E&Y Final Fee Application, at 3.",/docket/6151350/1412/seadrill-limited-and-seadrill-management-ltd/
Seadrill Limited,37429894,vague,True,True,,"135. On August 6, 2018, the Fee Examiner and his counsel participated in the Final Fee Conference with E&Y to discuss the E&Y Final Fee Application. The Fee Examiner and his counsel presented their observations regarding E&Y’s compliance with the Review Guidelines in the E&Y Final Fee Application. The Fee Examiner and his counsel also raised questions regarding certain time entries and expenses. Specifically, the Fee Examiner and his counsel identified certain of E&Y’s time entries that: (1) did not include sufficient detail and (2) represented potentially non-compensable fees billed to the estate in relation to administrative matters and E&Y’s engagement. Additionally, the Fee Examiner and his counsel identified certain expense items that were either vague or improperly billed.",/docket/6151350/1412/seadrill-limited-and-seadrill-management-ltd/
Seadrill Limited,37429894,rates,False,False,"$591.10,$272.70","148. In the Jackson Walker Interim Fee Application, Jackson Walker indicates that its timekeepers performed 388.70 hours of work at a blended rate of $591.10 per hour for professionals and $272.70 per hour for paraprofessionals for the Interim Fee Period. See Jackson Walker Interim Fee Application, at 1.",/docket/6151350/1412/seadrill-limited-and-seadrill-management-ltd/
Seadrill Limited,37429894,rates,False,False,"$648.25,$274.27","151. In the Jackson Walker Final Fee Application, Jackson Walker indicates that its timekeepers performed 525.80 hours of work at a blended rate of $648.25 per hour for professionals and $274.27 per hour for paraprofessionals for the Final Fee Period. See Jackson Walker Final Fee Application, at 16.",/docket/6151350/1412/seadrill-limited-and-seadrill-management-ltd/
Seadrill Limited,37429894,"block_billing,seniority_mismatch",True,True,,"152. On June 25, 2018, 2018, the Fee Examiner and his counsel participated in the Final Fee Conference with Jackson Walker to discuss the Jackson Walker Final Fee Application. The Fee Examiner and his counsel presented their observations regarding Jackson Walker’s compliance with the Review Guidelines in the Jackson Walker Interim Fee Application and the Jackson Walker Final Fee Application. The Fee Examiner and his counsel also raised questions regarding certain time entries and expenses. Specifically, the Fee Examiner and his counsel identified certain of Jackson Walker’s time entries that: (1) did not include sufficient detail; (2) had partners or high billing professionals perform work that associates or lower billing rate professionals could perform; and (3) had blocked billed or lumped time entries",/docket/6151350/1412/seadrill-limited-and-seadrill-management-ltd/
Seadrill Limited,37429894,rates,False,False,"$505.00,$151.00","157. In the Thommessen Final Fee Application, Thommessen indicates that its timekeepers performed 665.95 hours of work at a blended rate of NOK 4,124 (approximately $505.00) per hour for professionals and NOK 1,237 (approximately $151.00) per hour for paraprofessionals for the Final Fee Period. See Thommessen Final Fee Application, at 3.",/docket/6151350/1412/seadrill-limited-and-seadrill-management-ltd/
Seadrill Limited,37429894,"block_billing,overhead_clerical",True,True,,"158. On July 27, 2018, the Fee Examiner and his counsel participated in the Final Fee Conference with Thommessen to discuss the Thommessen Final Fee Application. The Fee Examiner and his counsel presented their observations regarding Thommessen’s compliance with the Review Guidelines in the Thommessen Final Fee Application. The Fee Examiner and his counsel also raised questions regarding certain time entries and expenses. Specifically, the Fee Examiner and his counsel identified certain of Thommessen’s time entries that: (1) did not include sufficient detail; (2) had blocked billed or lumped time entries; (3) included potentially non-compensable administrative tasks; and (4) had rates that were not approved by the Thommessen Retention Order.",/docket/6151350/1412/seadrill-limited-and-seadrill-management-ltd/
Seadrill Limited,37429894,rates,False,False,$602.93,"163. In the Baker Tilly Interim Fee Application, Baker Tilly indicates that its timekeepers performed 4,215.80 hours of work at a blended rate of $602.93 per hour for professionals. See Baker Tilly Interim Fee Application, at 3.",/docket/6151350/1412/seadrill-limited-and-seadrill-management-ltd/
Seadrill Limited,37429894,"vague,seniority_mismatch",True,False,,"164. On April 24, 2018, the Fee Examiner and his counsel participated in the Initial Conference with Baker Tilly to discuss the Baker Tilly Interim Fee Application. The Fee Examiner and his counsel presented their observations regarding Baker Tilly’s compliance with the Review Guidelines in the Baker Tilly Interim Fee Application. The Fee Examiner and his counsel also raised questions regarding certain time entries and expenses. Specifically, the Fee Examiner and his counsel identified certain of Baker Tilly’s time entries that: (1) had numerous professionals attending hearings, meetings, or conference calls; (2) had partners or high billing professionals perform work that associates or lower billing rate professionals could potentially perform; and (3) had rates above those approved by the Baker Tilly Retention Order. Additionally, the Fee Examiner and his counsel identified certain expense items that were either vague or improperly billed.",/docket/6151350/1412/seadrill-limited-and-seadrill-management-ltd/
Seadrill Limited,37429894,rates,False,False,$580.28,"167. In the Baker Tilly Final Fee Application, Baker Tilly indicates that its timekeepers performed 8,869.30 hours of work at a blended rate of $580.28 per hour for professionals for the Final Fee Period. See Baker Tilly Final Fee Application, at 3.",/docket/6151350/1412/seadrill-limited-and-seadrill-management-ltd/
Seadrill Limited,37429894,rates,False,False,"$896.81,$337.87","173. In the Willkie Interim Fee Application, Willkie indicates that its timekeepers performed 111.0 hours of work at a blended rate of $896.81 per hour for professionals and $337.8727 per hour for paraprofessionals. See Willkie Interim Fee Application, at 2.",/docket/6151350/1412/seadrill-limited-and-seadrill-management-ltd/
Seadrill Limited,37429894,rates,False,False,,"174. On April 23, 2018, the Fee Examiner and his counsel participated in the Interim Fee Conference with Willkie to discuss the Willkie Interim Fee Application. The Fee Examiner and his counsel presented their observations regarding Willkie’s compliance with the Review Guidelines in the Willkie Interim Fee Application. The Fee Examiner and his counsel also raised questions regarding certain time entries and expenses. Following the Interim Fee Conference, Willkie provided the Fee Examiner and his counsel with additional information pertaining to the matters raised in the Interim Fee Conference. The Willkie Interim Fee Application includes blended hourly rates by professionals and paraprofessionals by separate matter. For purposes of this Fee Examiner’s Report, the Fee Examiner calculated the blended hourly rates for Willkie’s professionals and paraprofessionals on a weighted average basis for all matters.",/docket/6151350/1412/seadrill-limited-and-seadrill-management-ltd/
Seadrill Limited,37429894,rates,False,False,"$879.48,$361.76","178. In the Willkie Final Fee Application, Willkie indicates that its timekeepers performed 146.20 hours of work at a blended rate of $879.48 per hour for professionals and $361.7628 per hour for paraprofessionals for the Final Fee Period. See Willkie Final Fee Application, at 3.",/docket/6151350/1412/seadrill-limited-and-seadrill-management-ltd/
Seadrill Limited,37429894,rates,False,False,,"179. On July 25, 2018, the Fee Examiner and his counsel participated in the Final Fee Conference with Willkie to discuss the Willkie Final Fee Application. The Fee Examiner and his The Willkie Final Fee Application includes blended hourly rates by professionals and paraprofessionals by separate matter. For purposes of this Fee Examiner’s Report, the Fee Examiner calculated the blended hourly rates for Willkie’s professionals and paraprofessionals on a weighted average basis for all matters. counsel presented their observations regarding Willkie’s compliance with the Review Guidelines in the Willkie Final Fee Application. Because Willkie complied with the Review Guidelines, the Fee Examiner does not object to entry of an order approving the Willkie Final Fee Application.",/docket/6151350/1412/seadrill-limited-and-seadrill-management-ltd/
Seadrill Limited,37429894,rates,False,False,"$793.00,$357.00","183. In the Kramer Interim Fee Application, Kramer indicates that its timekeepers performed 8,383.40 hours of work at a blended rate of $793.00 per hour for professionals and $357.00 per hour for paraprofessionals. See Kramer Interim Fee Application, at 2.",/docket/6151350/1412/seadrill-limited-and-seadrill-management-ltd/
Seadrill Limited,37429894,"vague,block_billing,billing_activities,seniority_mismatch",True,True,,"184. On April 23, 2018, the Fee Examiner and his counsel participated in the Interim Fee Conference with Kramer to discuss the Interim Kramer Fee Application. The Fee Examiner and his counsel presented their observations regarding Kramer’s compliance with the Review Guidelines in the Kramer Interim Fee Application. The Fee Examiner and his counsel also raised questions regarding certain time entries and expenses. Specifically, the Fee Examiner and his counsel identified certain of Kramer’s time entries that: (1) had numerous professionals attending hearings, meetings, or conference calls; (2) did not include sufficient detail; (3) had partners or high billing professionals perform work that associates or lower billing rate professionals could perform; and (4) had blocked billed or lumped time entries. The Fee Examiner and his counsel also identified time entries for invoicing tasks. Additionally, the Fee Examiner and his counsel identified certain expense items that were either vague or improperly billed. Following the Interim Fee Conference, Kramer provided the Fee Examiner and his counsel with additional information pertaining to the matters raised in the Initial Conference.",/docket/6151350/1412/seadrill-limited-and-seadrill-management-ltd/
Seadrill Limited,37429894,rates,False,False,"$832.36,$366.08","187. In the Kramer Final Fee Application, Kramer indicates that its timekeepers performed 14,858.20 hours of work at a blended rate of $832.36 per hour for professionals and $366.08 per hour for paraprofessionals for the Final Fee Period. See Kramer Final Fee Application, at 3.",/docket/6151350/1412/seadrill-limited-and-seadrill-management-ltd/
Seadrill Limited,37429894,vague,True,True,,"188. On August 6, 2018, the Fee Examiner and his counsel participated in the Final Fee Conference with Kramer to discuss the Kramer Final Fee Application. The Fee Examiner and his counsel presented their observations regarding Kramer’s compliance with the Review Guidelines in the Kramer Final Fee Application. The Fee Examiner and his counsel also raised questions regarding certain time entries and expenses. Specifically, the Fee Examiner and his counsel identified certain of Kramer’s time entries that: (1) had numerous professionals attending hearings, meetings, or conference calls; and (2) did not include sufficient detail. Additionally, the Fee Examiner and his counsel identified certain expense items that were vague.",/docket/6151350/1412/seadrill-limited-and-seadrill-management-ltd/
Seadrill Limited,37429894,nonworking_travel,True,False,"$519,696.75,$24,611.31,$34,174.36","192. On March 13, 2018, Cole Schotz P.C. (“Cole Schotz”) filed the First Interim Application of Cole Schotz P.C. for Allowance of Compensation for Services Rendered as Local Counsel to the Official Committee of Unsecured Creditors for the Period from September 28, 2017 through December 31, 2017 [Docket No. 1074] (as amended, the “Cole Schotz Interim Fee Application”).30 In the Cole Schotz Interim Fee Application, Cole Schotz seeks approval of fees of $519,696.75 and expenses of $24,611.31. In the Cole Schotz Interim Fee Application, Cole Schotz indicates that it voluntarily adjusted its fees and expenses by a total of $34,174.36 (including a fifty percent (50%) reduction for non-working travel time) for the First Interim Fee Period. See Cole Schotz Interim Fee Application, at 1 n.2.",/docket/6151350/1412/seadrill-limited-and-seadrill-management-ltd/
Seadrill Limited,37429894,rates,False,False,"$526.86,$257.96","193. In the Cole Schotz Interim Fee Application, Cole Schotz indicates that its timekeepers performed 1,035.10 hours of work at a blended rate of $526.86 per hour for professionals and $257.96 per hour for paraprofessionals. See Cole Schotz Interim Fee Application, at 1–2.",/docket/6151350/1412/seadrill-limited-and-seadrill-management-ltd/
Seadrill Limited,37429894,"block_billing,billing_activities,seniority_mismatch",True,True,,"194. On April 20, 2018, the Fee Examiner and his counsel participated in the Interim Fee Conference with Cole Schotz to discuss the Cole Schotz Interim Fee Application. The Fee Examiner and his counsel presented their observations regarding Cole Schotz’s compliance with the Review Guidelines in the Cole Schotz Fee Application. The Fee Examiner and his counsel also raised questions regarding certain time entries and expenses. Specifically, the Fee Examiner and his counsel identified certain of Cole Schotz’s time entries that: (1) did not include sufficient detail; (2) had partners or high billing professionals perform work that associates or lower billing rate professionals could perform; and (3) had blocked billed or lumped time entries. The Fee Examiner and his counsel also identified time entries for invoicing tasks. Additionally, On March 12, 2018, Cole Schotz filed its First Interim Application of Cole Schotz P.C. for Allowance of Compensation for Services Rendered as Local and Conflicts Counsel to the Official Committee of Unsecured Creditors for the Period from September 28, 2017 through December 31, 2017 [Docket No. 1066]. On March 13, 2018, Cole Schotz filed a corrected First Interim Application of Cole Schotz P.C. for Allowance of Compensation for Services Rendered as Local and Conflicts Counsel to the Official Committee of Unsecured Creditors for the Period from September 28, 2017 through December 31, 2017 [Docket No. 1073].",/docket/6151350/1412/seadrill-limited-and-seadrill-management-ltd/
Seadrill Limited,37429894,vague,True,False,,"On March 13, 2018, Cole Schotz filed a further corrected First Interim Application of Cole Schotz P.C. for Allowance of Compensation for Services Rendered as Local and Conflicts Counsel to the Official Committee of Unsecured Creditors for the Period from September 28, 2017 through December 31, 2017 [Docket No. 1074]. the Fee Examiner and his counsel identified certain expense items that were either vague or improperly billed.31 Following the Interim Fee Conference, Cole Schotz provided the Fee Examiner and his counsel with additional information pertaining to the matters raised in the Initial Conference.",/docket/6151350/1412/seadrill-limited-and-seadrill-management-ltd/
Seadrill Limited,37429894,rates,False,False,"$516.86,$251.97","198. In the Cole Schotz Final Fee Application, Cole Schotz indicates that its timekeepers performed 2,105.70 hours of work at a blended rate of $516.86 per hour for professionals and $251.97 per hour for paraprofessionals for the Final Fee Period. See Cole Schotz Final Fee Application, at 2.",/docket/6151350/1412/seadrill-limited-and-seadrill-management-ltd/
Seadrill Limited,37429894,"vague,block_billing",True,True,,"199. On July 25, 2018, the Fee Examiner and his counsel participated in the Final Fee Conference with Cole Schotz to discuss the Cole Schotz Final Fee Application. The Fee Examiner and his counsel presented their observations regarding Cole Schotz’s compliance with the Review Guidelines in the Cole Schotz Final Fee Application. The Fee Examiner and his counsel also raised questions regarding certain time entries and expenses. Specifically, the Fee Examiner and his counsel identified certain of Cole Schotz’s time entries that: (1) had numerous professionals attending hearings, meetings, or conference calls; (2) did not include sufficient detail; and (3) had blocked billed or lumped time entries. Additionally, the Fee Examiner and his counsel identified certain expense items that were either vague or exceeded the Expense Rubric.",/docket/6151350/1412/seadrill-limited-and-seadrill-management-ltd/
Seadrill Limited,37429894,"time_increments,billing_activities",True,False,,"201. On November 1, 2017, the Committee filed the Application for Entry of an Order Authorizing the Retention and Employment of Perella Weinberg Partners LP as Investment Banker to the Official Committee of Unsecured Creditors, Nunc Pro Tunc to October 5, 2017 [Docket No. 400] (the “PWP Retention Application”). On November 27, 2017, the Court entered the Order Authorizing Employment and Retention of Perella Weinberg Partners LP as Investment Banker for the Official Committee of Unsecured Creditors Effective October 5, 2017 and Modifying Certain Time-Keeping Requirements [Docket No. 735] (the “PWP Retention Order”). The PWP Retention Order authorized the firm to “keep reasonably detailed time records in half-hour increments.” See PWP Retention Order, ¶ 12.",/docket/6151350/1412/seadrill-limited-and-seadrill-management-ltd/
Seadrill Limited,37429894,rates,False,False,"$175,000.00","202. In the PWP Retention Application, PWP explained that instead of receiving compensation for hourly rates, the Debtors agreed to compensate PWP for its services with a flat rate compensation of $175,000.00 per month. See PWP Retention Application, ¶11.",/docket/6151350/1412/seadrill-limited-and-seadrill-management-ltd/
Seadrill Limited,37429894,rates,False,False,,"207. The Fee Examiner and PWP continued to discuss the PWP Interim Fee Application. To facilitate continued discussions regarding the PWP Interim Fee Application and in light of the deadline for final fee applications in the Chapter 11 Cases, PWP and the Fee Examiner agreed to continue the hearing on the PWP Interim Fee Application until the hearing on PWP’s final fee application. Pending the hearing on PWP’s final fee application, the Fee Examiner consents to the payment of the Holdback Disbursement to PWP. The PWP Fee Application does not include a calculation of the average hourly rates by professionals and paraprofessionals. For purposes of this Fee Examiner’s Report, the Fee Examiner calculated the average hourly rates for PWP’s professionals and paraprofessionals by dividing the total amount of fees by the total hours worked.",/docket/6151350/1412/seadrill-limited-and-seadrill-management-ltd/
Seadrill Limited,37429894,"vague,seniority_mismatch",True,False,,"210. On July 31, 2018, the Fee Examiner and his counsel participated in the Final Fee Conference with PWP to discuss the PWP Final Fee Application. The Fee Examiner and his counsel presented their observations regarding PWP’s compliance with the Review Guidelines in the PWP Final Fee Application. The Fee Examiner and his counsel also raised questions regarding certain time entries and expenses. Specifically, the Fee Examiner and his counsel identified certain of PWP’s time entries that had partners or high billing professionals perform work that associates or lower billing rate professionals could perform. Additionally, the Fee Examiner and his counsel identified certain expense items that were either vague, improperly billed, or exceeded the Expense Rubric.",/docket/6151350/1412/seadrill-limited-and-seadrill-management-ltd/
Seadrill Limited,37429894,rates,False,False,,"215. In the Selmer Interim Fee Application, Selmer indicates its timekeepers performed 620.40 hours of services at a blended rate of NOK 3,609.81 per hour for all professionals. See Selmer Interim Fee Application, at 2.",/docket/6151350/1412/seadrill-limited-and-seadrill-management-ltd/
Seadrill Limited,37429894,"block_billing,seniority_mismatch",True,True,,"216. On April 23, 2018, the Fee Examiner and his counsel participated in the Interim Fee Conference with Selmer to discuss the Selmer Interim Fee Application. The Fee Examiner and his counsel presented their observations regarding Selmer’s compliance with the Review Guidelines in the Selmer Interim Fee Application. The Fee Examiner and his counsel also raised questions regarding certain time entries and expenses. Specifically, the Fee Examiner and his counsel identified certain of Selmer’s time entries that: (1) had numerous professionals attending hearings, meetings, or conference calls; (2) did not include sufficient detail; (3) had partners or high billing professionals perform work that associates or lower billing rate professionals could perform; and (4) had blocked billed or lumped time entries.. Following the Initial Conference, Selmer provided the Fee Examiner and his counsel with additional information pertaining to the matters raised in the Initial Conference.",/docket/6151350/1412/seadrill-limited-and-seadrill-management-ltd/
Seadrill Limited,37429894,rates,False,False,$442.03,"219. In the Selmer Interim Fee Application, Selmer indicates its timekeepers performed 225.60 hours of services at a blended rate of NOK 3,595.30 (approximately $442.03) per hour for all professionals for the Final Fee Period. See Selmer Final Fee Application, at 11.",/docket/6151350/1412/seadrill-limited-and-seadrill-management-ltd/
Seadrill Limited,37429894,rates,False,False,$686.05,"225. In the FTI Interim Fee Application, FTI indicates that its timekeepers performed 4,194.20 hours of work at a blended rate of $686.05 per hour for professionals. See FTI Interim Fee Application, at 2.",/docket/6151350/1412/seadrill-limited-and-seadrill-management-ltd/
Seadrill Limited,37429894,"vague,block_billing",True,True,,"226. On April 24, 2018, the Fee Examiner and his counsel participated in the Interim Fee Conference with FTI to discuss the FTI Interim Fee Application. The Fee Examiner and his counsel presented their observations regarding FTI’s compliance with the Review Guidelines in the FTI Interim Fee Application. The Fee Examiner and his counsel also raised questions regarding certain time entries and expenses. Specifically, the Fee Examiner and his counsel identified certain of FTI’s time entries that: (1) had numerous professionals attending hearings, meetings, or conference calls; (2) did not include sufficient detail; and (3) had blocked billed or lumped time entries.. Additionally, the Fee Examiner and his counsel identified certain expense items that were vague, improperly billed, or exceeded the Expense Rubric. Following the Interim Fee Conference, FTI provided the Fee Examiner and his counsel with additional information pertaining to the matters raised in the Initial Conference.",/docket/6151350/1412/seadrill-limited-and-seadrill-management-ltd/
Seadrill Limited,37429894,rates,False,False,$695.51,"229. In the FTI Final Fee Application, FTI indicates that its timekeepers performed 6,641.2 hours of work at a blended rate of $695.51 per hour for professionals for the Final Fee Period. See FTI Final Fee Application, at 1.",/docket/6151350/1412/seadrill-limited-and-seadrill-management-ltd/
Seadrill Limited,37429894,vague,True,True,,"230. On July 25, 2018, the Fee Examiner and his counsel participated in the Final Fee Conference with FTI to discuss the FTI Final Fee Application. The Fee Examiner and his counsel presented their observations regarding FTI’s compliance with the Review Guidelines in the FTI Final Fee Application. The Fee Examiner and his counsel also raised questions regarding certain time entries and expenses. Specifically, the Fee Examiner and his counsel identified certain of FTI’s time entries that: (1) had numerous professionals attending hearings, meetings, or conference calls; and (2) did not include sufficient detail. Additionally, the Fee Examiner and his counsel identified certain expense items that were vague, improperly billed, or exceeded the Expense Rubric.",/docket/6151350/1412/seadrill-limited-and-seadrill-management-ltd/
Seadrill Limited,37429894,rates,False,False,$395.24,"235. In the Machado Final Fee Application, Machado indicates that its timekeepers performed 194.70 hours of work at a blended rate of $395.24 per hour for professionals for the Final Fee Period. See Machado Final Fee Application, at 1.",/docket/6151350/1412/seadrill-limited-and-seadrill-management-ltd/
Seadrill Limited,37429894,block_billing,True,True,,"236. On August 3, 2018, the Fee Examiner and his counsel participated in the Final Fee Conference with Machado to discuss the Machado Final Fee Application. The Fee Examiner and his counsel presented their observations regarding Machado’s compliance with the Review Guidelines in the Machado Final Fee Application. The Fee Examiner and his counsel also raised questions regarding certain time entries and expenses. Specifically, the Fee Examiner and his counsel identified certain of Machado’s time entries that: (1) did not include sufficient detail; and (2) had blocked billed or lumped time entries.",/docket/6151350/1412/seadrill-limited-and-seadrill-management-ltd/
Seadrill Limited,37429894,rates,False,False,$311.34,"241. In the PMA Final Fee Application, PMA indicates that its timekeepers performed 69 hours of work at a blended rate of £220.80 (approximately $311.34) per hour for professionals for the Final Fee Period. See PMA Final Fee Application, at 1.",/docket/6151350/1412/seadrill-limited-and-seadrill-management-ltd/
Seadrill Limited,37429894,rates,False,False,"$1,117.00,$315.00","248. In the Quinn Final Fee Application, Quinn indicates that its timekeepers performed 95.00 hours of work at a blended rate of $1,117.00 per hour for professionals and $315.00 per hour for paraprofessionals for the Final Fee Period. See id.",/docket/6151350/1412/seadrill-limited-and-seadrill-management-ltd/
Seadrill Limited,37429894,block_billing,True,True,,"249. On August 9, 2018, the Fee Examiner and his counsel participated in the Final Fee Conference with Quinn to discuss the Quinn Final Fee Application. The Fee Examiner and his counsel presented their observations regarding Quinn’s compliance with the Review The Quinn Retention Order amended the Order Approving Application for Approval of the Employment of Quinn Emanuel Urquhart & Sullivan, UK LLP as English Counsel to the Official Committee of Unsecured Creditors, Effective as of October 16, 2017 [Docket No. 447] entered on November 9, 2017. On June 1, 2018, Quinn timely filed the First and Final Fee Application of Quinn Emanuel Urquhart and Sullivan UK LLP for Allowance of Compensation for Services Rendered as English Counsel to the Official Committee of Unsecured Creditors for the Period from October 16, 2017 through January 31, 2018 [Docket No. 1319] (the “Original Quinn Final Fee Application”). Although Quinn timely filed the Original Quinn Final Fee Application, such application was missing “certain exhibits which were inadvertently omitted in the original filing.” See Quinn Final Fee Application, p. 3, n.2. Guidelines in the Quinn Final Fee Application. The Fee Examiner and his counsel also raised questions regarding certain time entries and expenses. Specifically, the Fee Examiner and his counsel identified certain of Quinn’s time entries that: (1) did not include sufficient detail; and (2) had blocked billed or lumped time entries.",/docket/6151350/1412/seadrill-limited-and-seadrill-management-ltd/
Seadrill Limited,37429894,rates,False,False,$650.00,"254. In the Zuill Final Fee Application, Zuill indicates that its timekeepers performed 299.60 hours of work at a blended rate of $650.00 per hour for professionals for the Final Fee Period. See Zuill Final Fee Application, at 1.",/docket/6151350/1412/seadrill-limited-and-seadrill-management-ltd/
Seadrill Limited,37429894,billing_activities,True,True,,"255. On August 6, 2018, the Fee Examiner and his counsel participated in the Final Fee Conference with Zuill to discuss the Zuill Final Fee Application. The Fee Examiner and his counsel presented their observations regarding Zuill’s compliance with the Review Guidelines in the Zuill Final Fee Application. The Fee Examiner and his counsel also raised questions regarding certain time entries and expenses. Specifically, the Fee Examiner and his counsel identified certain of Zuill’s time entries that (1) did not include sufficient detail; and (2) were for invoicing tasks.",/docket/6151350/1412/seadrill-limited-and-seadrill-management-ltd/
Seadrill Limited,37429894,duplication,False,True,$500.00,"To the extent possible, we will avoid duplicative review when reviewing final fee applications comprised of interim fee application requests that we have already reviewed. Request for Certain Documents To fulfill the responsibility of reviewing the Applications and preparing reports to the best of our ability, we need each professional’s billing policy (if any) and engagement letter with their client. To ensure expeditious processing of my review, by no later than March 23, 2018, please send these policies and engagement letter by email to the following individuals:  The Fee Examiner, Charles A. Beckham, Jr.: charles.beckham@haynesboone.com  Counsel to the Fee Examiner, Kelli S. Norfleet: kelli.norfleet@haynesboone.com  Counsel to the Fee Examiner, Arsalan Muhammad: arsalan.muhammad@haynesboone.com In addition, to supplement my review of the Applications, to the extent not included in the applicable Application, please include receipts for all expenses exceeding $500.00, and for all flights and hotels. Timeline of the Review of the Applications Professionals may file interim fee applications every three months commencing on the period ending on December 31, 2017 (each an “Interim Fee Application”). See Interim Compensation Order, pp. 3–4. The Debtors and I anticipate that the Professionals may file most of the Interim Fee Applications for the first interim period (September 12, 2017 to December 31, 2017) in the first few weeks of March 2018. For every interim period, the Court may hold a hearing on the Interim Fee Applications (each, a “Fee Hearing”). As of the date of this Memorandum, no Fee Hearing has been scheduled. -2- Generally, once a Professional files an Application, I have forty-five (45) days to serve the Professional with a report (each, an “Initial Report”). I am not required to file Initial Reports; I will serve Initial Reports in the exercise of my sole discretion.",/docket/6151350/1412/seadrill-limited-and-seadrill-management-ltd/
BlockFi Inc.,383405363,"vague,block_billing,duplication",True,False,,"10. Due to the size and complexity of these Chapter 11 Cases, the Fee Examiner reviewed the time entries supporting the Fee Applications on a monthly basis, to the extent that LEDES or other electronic files were provided. Areas of general concern to the Fee Examiner during her review were the role of each attorney attending hearings and meetings so that she could assess case staffing issues and the benefit to the estate of certain work streams that the Fee Examiner deemed administrative in nature in addition to general concerns about block billing and vague entries.",/docket/66497849/2051/blockfi-inc/
BlockFi Inc.,383405363,"vague,block_billing,time_increments,transitory_timekeepers,duplication",True,True,,"11. The Fee Examiner focused her review on the following issues: a. Vague time entries that do not include complete activity descriptions that are sufficiently detailed to allow the reviewer to determine whether the time billed is actual, reasonable and necessary (hereinafter, “Vague Time Entries”); b. Block billed or “lumped” time entries that do not clearly identify each discrete task billed, indicate the date the task was performed, the precise amount of time spent (not to be billed in increments greater than one-tenth of an hour), who performed the task, the level of experience, and that person’s hourly rate as required by the UST Guidelines at C.9(d) (hereinafter, “Block Billing Entries”); c. Entries that the Fee Examiner identified as more in the nature of overhead or other administrative activities where the benefit to the Debtors’ estate was not readily ascertainable from the time entry (hereinafter “Administrative Entries”); d. Time entries where the sub-parts of a particular time entry did not equal the amount of time that was actually charged (hereinafter, “Over/Under Billing Entries”); e. Duplicate time entries (hereinafter, “Duplicate Entries”) where based upon the narrative the Fee Examiner was unable to ascertain if the timekeeper undertook separate tasks or the entry was duplicative; f. Time charges attributable to transitory timekeepers who billed less than five (5) hours per month during the Fee Period (hereinafter, “Transitory Timekeepers”). The Fee Examiner reviewed the nature of the work performed and the expertise the timekeeper brought to the case and made recommendations specific to the Retained Professionals; g.",/docket/66497849/2051/blockfi-inc/
BlockFi Inc.,383405363,"overhead_clerical,duplication,budget_staffing_plan,expenses",True,False,,"Staffing inefficiencies where the number of professionals participating in conference calls, meetings, depositions, and hearings appeared excessive and the benefit to the estate appeared minimal or where the Retained Professional staffed the case with summer associates or unadmitted attorneys (hereinafter, “Staffing Inefficiency Entries”); h. Professionals with a disproportionate amount of time billed in rounded (.5 or .0) hours (hereinafter, “Rounded Hour Entries”); i. Mismatched entries where the professionals participating in conference calls, meetings, depositions and hearings billed differing amounts to the same activity (“Mismatched Time Entries”); j. Expense reimbursement-related issues (flights, train travel, taxi/ground transportation, meals, service/booking fees, tips, photocopies/facsimiles, in- flight internet, upgrades, car service, and unknown expenses); k. Whether there was a duplication of effort, or coordination between the professionals retained by the Debtors; l. Budgeted fees vs. actual fees; and m. Compliance with the Interim Compensation Order and the Fee Examiner Order.",/docket/66497849/2051/blockfi-inc/
BlockFi Inc.,383405363,"duplication,budget_staffing_plan",False,False,,"12. In undertaking her review, the Fee Examiner considered reductions taken by the Retained Professionals in an exercise of their billing discretion prior to submission of the relevant fee application, whether the Retained Professional stayed within budget, and general staffing considerations.",/docket/66497849/2051/blockfi-inc/
BlockFi Inc.,383405363,transitory_timekeepers,False,False,"$10,739,931.00,$293,491.24,$176,611.00,$3,403.58","20. Brown Rudnick requests a final allowance of fees in the amount $10,739,931.002 and expenses in the amount of $293,491.24 for the Compensation Period [Dkt. No. 1956]. These amounts are inclusive of the fees and expenses requested for the Third Interim Fee Period. Brown Rudnick voluntarily excluded fees in the amount of $176,611.00 related to Transitory Timekeepers and $3,403.58 in expenses in an exercise of its billing discretion during the Compensation Period.",/docket/66497849/2051/blockfi-inc/
BlockFi Inc.,383283210,"vague,block_billing,duplication",True,False,,"10. Due to the size and complexity of these Chapter 11 Cases, the Fee Examiner reviewed the time entries supporting the Fee Applications on a monthly basis, to the extent that LEDES or other electronic files were provided. Areas of general concern to the Fee Examiner during her review were the role of each attorney attending hearings and meetings so that she could assess case staffing issues and the benefit to the estate of certain work streams that the Fee Examiner deemed administrative in nature in addition to general concerns about block billing and vague entries.",/docket/66497849/2045/blockfi-inc/
BlockFi Inc.,383283210,"vague,block_billing,time_increments,transitory_timekeepers,duplication",True,True,,"11. The Fee Examiner focused her review on the following issues: a. Vague time entries that do not include complete activity descriptions that are sufficiently detailed to allow the reviewer to determine whether the time billed is actual, reasonable and necessary (hereinafter, “Vague Time Entries”); b. Block billed or “lumped” time entries that do not clearly identify each discrete task billed, indicate the date the task was performed, the precise amount of time spent (not to be billed in increments greater than one-tenth of an hour), who performed the task, the level of experience, and that person’s hourly rate as required by the UST Guidelines at C.9(d) (hereinafter, “Block Billing Entries”); c. Entries that the Fee Examiner identified as more in the nature of overhead or other administrative activities where the benefit to the Debtors’ estate was not readily ascertainable from the time entry (hereinafter “Administrative Entries”); d. Time entries where the sub-parts of a particular time entry did not equal the amount of time that was actually charged (hereinafter, “Over/Under Billing Entries”); e. Duplicate time entries (hereinafter, “Duplicate Entries”) where based upon the narrative the Fee Examiner was unable to ascertain if the timekeeper undertook separate tasks or the entry was duplicative; f. Time charges attributable to transitory timekeepers who billed less than five (5) hours per month during the Fee Period (hereinafter, “Transitory Timekeepers”). The Fee Examiner reviewed the nature of the work performed and the expertise the timekeeper brought to the case and made recommendations specific to the Retained Professionals; g.",/docket/66497849/2045/blockfi-inc/
BlockFi Inc.,383283210,"overhead_clerical,duplication,budget_staffing_plan,expenses",True,False,,"Staffing inefficiencies where the number of professionals participating in conference calls, meetings, depositions, and hearings appeared excessive and the benefit to the estate appeared minimal or where the Retained Professional staffed the case with summer associates or unadmitted attorneys (hereinafter, “Staffing Inefficiency Entries”); h. Professionals with a disproportionate amount of time billed in rounded (.5 or .0) hours (hereinafter, “Rounded Hour Entries”); i. Mismatched entries where the professionals participating in conference calls, meetings, depositions and hearings billed differing amounts to the same activity (“Mismatched Time Entries”); j. Expense reimbursement-related issues (flights, train travel, taxi/ground transportation, meals, service/booking fees, tips, photocopies/facsimiles, in- flight internet, upgrades, car service, and unknown expenses); k. Whether there was a duplication of effort, or coordination between the professionals retained by the Debtors; l. Budgeted fees vs. actual fees; and m. Compliance with the Interim Compensation Order and the Fee Examiner Order.",/docket/66497849/2045/blockfi-inc/
BlockFi Inc.,383283210,"duplication,budget_staffing_plan",False,False,,"12. In undertaking her review, the Fee Examiner considered reductions taken by the Retained Professionals in an exercise of their billing discretion prior to submission of the relevant fee application, whether the Retained Professional stayed within budget, and general staffing considerations.",/docket/66497849/2045/blockfi-inc/
BlockFi Inc.,383283210,rates,False,False,"$2,$3","19. On January 24, 2023, the Court entered the Order Approving the Employment and Retention of Haynes and Boone, LLP as Bankruptcy Co-Counsel for the Debtors and Debtors in Possession Effective as of the Petition Date (the “HB Retention Order”) [Dkt. No. 393]. Pursuant to the HB Retention Order, the Debtors were authorized to employ HB as their general bankruptcy and restructuring co-counsel to render general legal services to the Debtors as needed throughout the course of the Chapter 11 Cases. For its services, HB is compensated on an hourly basis subject to a discount, calculated on a calendar year basis, equal to 10% off the firm’s hourly rates with the discount increasing to (a) 12.5% after the firm has been paid $2.5 million in such calendar year, and (b) 15% after the firm has been paid $3.5 million in such calendar year. The discount applicable to the Third Interim Fee Period was 15%.",/docket/66497849/2045/blockfi-inc/
BlockFi Inc.,383283210,"transitory_timekeepers,duplication",False,True,"$937,331.07,$7,686.33,$749,864.86,$7,686.33,$1,146,739.62,$10,738.28,$917,391.70,$10,738.28,$123,611.23,$1,259.07,$98,888.98,$1,259.07,$2,207,681.92,$19,683.68,$1,766,145.54,$19,683.68,$12,641,195.23,$212,064.83,$2,207,681.92,$19,683.68","21. During the Third Interim Fee Period, HB filed three (3) monthly applications covering three (3) months for compensation as follows: Dated Requested Paid to Date Filed/ Period Docket No. Covered Fees Expenses Fees Expenses 10/03/2023 08/01/2023 – $937,331.07 $7,686.33 $749,864.86 $7,686.33 Dkt. 1640 08/31//2023 10/27/2023 09/01/2023 – $1,146,739.62 $10,738.28 $917,391.70 $10,738.28 Dkt. 1804 09/30/2023 11/29/2023 10/01/2023 – $123,611.23 $1,259.07 $98,888.98 $1,259.07 Dkt. 1929 10/03/2023 TOTAL $2,207,681.92 $19,683.68 $1,766,145.54 $19,683.68 The Fee Examiner notes and appreciates that HB’s timekeeping was exceptional and substantially in compliance with the UST Guidelines. The Fee Examiner’s initial report regarding the HB Fee Application identified very minor issues with expenses that required additional information, Transitory Timekeepers, Staffing Inefficiencies, and miscellaneous issues but taking into account the written explanations provided by HB and the fee discount, the Fee Examiner did not recommend any further reduction or adjustment in light of the strong and Guideline compliant timekeeping. Accordingly, the Fee Examiner recommends a final allowance of fees in the amount of $12,641,195.23 and reimbursement of expenses in the amount of $212,064.83 for the Compensation Period, inclusive of fees in the amount of $2,207,681.92 and expenses in the amount of $19,683.68 related to the Third Interim Fee Period. Deloitte Tax LLP (Tax Services Provider to the Debtors)",/docket/66497849/2045/blockfi-inc/
BlockFi Inc.,380386886,"vague,block_billing,duplication",True,False,,"10. Due to the size and complexity of these Chapter 11 Cases, the Fee Examiner reviewed the time entries supporting the Fee Applications on a monthly basis, to the extent that LEDES or other electronic files were provided. Areas of general concern to the Fee Examiner during her review were the role of each attorney attending hearings and meetings so that she could assess case staffing issues and the benefit to the estate of certain work streams that the Fee Examiner deemed administrative in nature in addition to general concerns about block billing and vague entries.",/docket/66497849/1958/blockfi-inc/
BlockFi Inc.,380386886,"vague,block_billing,time_increments,transitory_timekeepers,duplication",True,True,,"11. The Fee Examiner focused her review on the following issues: a. Vague time entries that do not include complete activity descriptions that are sufficiently detailed to allow the reviewer to determine whether the time billed is actual, reasonable and necessary (hereinafter, “Vague Time Entries”); b. Block billed or “lumped” time entries that do not clearly identify each discrete task billed, indicate the date the task was performed, the precise amount of time spent (not to be billed in increments greater than one-tenth of an hour), who performed the task, the level of experience, and that person’s hourly rate as required by the UST Guidelines at C.9(d) (hereinafter, “Block Billing Entries”); c. Entries that the Fee Examiner identified as more in the nature of overhead or other administrative activities where the benefit to the Debtors’ estate was not readily ascertainable from the time entry (hereinafter “Administrative Entries”); d. Time entries where the sub-parts of a particular time entry did not equal the amount of time that was actually charged (hereinafter, “Over/Under Billing Entries”); e. Duplicate time entries (hereinafter, “Duplicate Entries”) where based upon the narrative the Fee Examiner was unable to ascertain if the timekeeper undertook separate tasks or the entry was duplicative; f. Time charges attributable to transitory timekeepers who billed less than five (5) hours per month during the Fee Period (hereinafter, “Transitory Timekeepers”). The Fee Examiner reviewed the nature of the work performed and the expertise the timekeeper brought to the case and made recommendations specific to the Retained Professionals; g.",/docket/66497849/1958/blockfi-inc/
BlockFi Inc.,380386886,"overhead_clerical,duplication,budget_staffing_plan,expenses",True,False,,"Staffing inefficiencies where the number of professionals participating in conference calls, meetings, depositions, and hearings appeared excessive and the benefit to the estate appeared minimal or where the Retained Professional staffed the case with summer associates or unadmitted attorneys (hereinafter, “Staffing Inefficiency Entries”); h. Professionals with a disproportionate amount of time billed in rounded (.5 or .0) hours (hereinafter, “Rounded Hour Entries”); i. Mismatched entries where the professionals participating in conference calls, meetings, depositions and hearings billed differing amounts to the same activity (“Mismatched Time Entries”); j. Expense reimbursement-related issues (flights, train travel, taxi/ground transportation, meals, service/booking fees, tips, photocopies/facsimiles, in- flight internet, upgrades, car service, and unknown expenses); k. Whether there was a duplication of effort, or coordination between the professionals retained by the Debtors; l. Budgeted fees vs. actual fees; and m. Compliance with the Interim Compensation Order and the Fee Examiner Order; and",/docket/66497849/1958/blockfi-inc/
BlockFi Inc.,380386886,"duplication,budget_staffing_plan",False,False,,"12. In undertaking her review, the Fee Examiner considered reductions taken by the Retained Professionals in an exercise of their billing discretion prior to submission of the relevant fee application, whether the Retained Professional stayed within budget, and general staffing considerations.",/docket/66497849/1958/blockfi-inc/
BlockFi Inc.,380386886,duplication,False,False,"$16,286,645.00,$1,632,145.55,$1,693,489.50,$286,087.24","22. The Fee Examiner notes and appreciates that K&E’s timekeeping was exceptional and substantially in compliance with the UST Guidelines and that she had few, if any, issues with the K&E Fee Application. The Fee Examiner focused her review on potential duplication of effort between K&E, Haynes and Boone, LLP, Cole Schotz, and the other Debtor professionals, Administrative Entries, Staffing Inefficiencies, Hearing Attendance, and expense- related issues. After completing her review, K&E and the Fee Examiner engaged in a productive dialogue to address and resolve the issues raised by the Fee Examiner. Accordingly, the Fee Examiner recommends a final allowance of fees in the amount of $16,286,645.00 and reimbursement of expenses in the amount of $1,632,145.55 for the Compensation Period, inclusive of fees in the amount of $1,693,489.50 and expenses in the amount of $286,087.24 related to the Third Interim Period. Cole Schotz P.C. (Local Counsel to the Debtors)",/docket/66497849/1958/blockfi-inc/
BlockFi Inc.,380386886,rates,False,False,,"24. On January 24, 2023, the Court entered the Order Authorizing the Employment and Retention of Cole Schotz P.C as New Jersey Counsel to the Debtors Nunc Pro Tunc to Petition Date [Dkt. No. 392] (the “Cole Schotz Retention Order”). Pursuant to the Cole Schotz Retention Order, the Debtors were authorized to employ Cole Schotz as their local counsel to render professional services to the Debtors. For its services, Cole Schotz P.C. is compensated on an hourly basis in accordance with its ordinary and customary hourly rates in effect on the date such services are rendered and for out-of-pocket expenses.",/docket/66497849/1958/blockfi-inc/
BlockFi Inc.,380386886,billing_activities,True,False,"$4,002,916.67,$84,088.09,$306,666.67,$5,380.00","32. The Fee Examiner reviewed the Moelis Retention Order and confirmed the Monthly Fees (as defined in the Moelis Retention Application) were billed appropriately and further confirmed that the time charges were adequately supported by the time records. The Fee Examiner also reviewed the expenses submitted by Moelis, and after a productive dialogue with Moelis, recommends allowance as requested. Accordingly, with regard to the Moelis Fee Application, the Fee Examiner recommends a final allowance of fees in the amount of $4,002,916.67 and reimbursement of expenses in the amount of $84,088.09 for the Compensation Period, inclusive of fees in the amount of $306,666.67 and expenses in the amount of $5,380.00 related to the Third Interim Period. Conclusion For the reasons stated above, and in the absence of any objection to the Fee Applications of the Retained Professionals, the Fee Examiner recommends that the Court enter an Order, substantially in the form attached hereto as Exhibit A, on a final basis granting the fee requests of the Retained Professionals in the amounts recommended herein. Dated: New York, New York December 10, 2023 Respectfully Submitted, ELISE S. FREJKA 415 East 52nd Street | Suite 3 New York, New York 10022 Phone: 212-641-0800 Facsimile: 212-641-0800 Fee Examiner Exhibit A (Proposed Order) UNITED STATES BANKRUPTCY COURT DISTRICT OF NEW JERSEY Caption in Compliance with D.N.J. LBR 9004-1(b) Jeffrey Traurig TRAURIG LAW LLC One University Plaza, Suite 124 Hackensack, NJ 07601 Tel: (646) 974-8650 E-mail: jtraurig@trauriglaw.com Counsel for the Fee Examiner In re: Case No. 22-19361 (MBK) BLOCKFI INC., et al.,1 Judge Michael B.",/docket/66497849/1958/blockfi-inc/
BlockFi Inc.,380196772,"vague,block_billing,duplication",True,False,,"10. Due to the size and complexity of these Chapter 11 Cases, the Fee Examiner reviewed the time entries supporting the Fee Applications on a monthly basis, to the extent that LEDES or other electronic files were provided. Areas of general concern to the Fee Examiner during her review were the role of each attorney attending hearings and meetings so that she could assess case staffing issues and the benefit to the estate of certain work streams that the Fee Examiner deemed administrative in nature in addition to general concerns about block billing and vague entries.",/docket/66497849/1947/blockfi-inc/
BlockFi Inc.,380196772,rates,False,False,,"12. Section 330 of the Bankruptcy Code provides: (a)(1) After notice to the parties in interest and the United States Trustee and a hearing, and subject to sections 326, 328, and 329, the court may award to a trustee, a consumer privacy ombudsman appointed under section 332, an examiner, an ombudsman appointed under section 333, or a professional person employed under section 327 or 1103— (A) reasonable compensation for actual, necessary services rendered by the trustee, examiner, ombudsman, professional person, or attorney and by any paraprofessional person employed by any such person; and (B) reimbursement for actual, necessary expenses. (2) The court may, on its own motion or on the motion of the United States Trustee, the United States Trustee for the District or Region, the trustee for the estate, or any other party in interest, award compensation that is less than the amount of compensation that is requested. (3) In determining the amount of reasonable compensation to be awarded to an examiner, trustee under chapter 11, or professional person, the court shall consider the nature, the extent, and the value of such services, taking into account all relevant factors, including— (A) the time spent on such services; (B) the rates charged for such services; (C) whether the services were necessary to the administration of, or beneficial at the time at which the service was rendered toward the completion of, a case under this title; (D) whether the services were performed within a reasonable amount of time commensurate with the complexity, importance, and nature of the problem, issue, or task addressed; (E) with respect to a professional person, whether the person is board certified or otherwise has demonstrated skill and experience in the bankruptcy field; and (F) whether the compensation is reasonable based on the customary compensation charged by comparably skilled practitioners in cases other than cases under this title.",/docket/66497849/1947/blockfi-inc/
BlockFi Inc.,380196772,duplication,False,True,,"(4)(A) Except as provided in subparagraph (B), the court shall not allow compensation for— (i) unnecessary duplication of services; or (ii) services that were not— (I) reasonably likely to benefit the debtor’s estate; or (II) necessary to the administration of the case. (5) The court shall reduce the amount of compensation awarded under this section by the amount of any interim compensation awarded under section 331, and, if the amount of such interim compensation exceeds the amount of compensation awarded under this section, may order the return of the excess to the estate. (6) Any compensation awarded for the preparation of a fee application shall be based on the level and skill reasonably required to prepare the application. 11 U.S.C. § 330.",/docket/66497849/1947/blockfi-inc/
BlockFi Inc.,380196772,rates,False,True,,"14. The statute enumerates six (6) relevant factors that the court must consider to determine whether the fees are reasonable: ● The time spent on such services; ● The rates charged for such services; ● Whether the services were necessary to the administration of, or beneficial at the time at which the service was rendered toward the completion of the cases; ● Whether the services were performed within a reasonable amount of time commensurate with the complexity, importance and nature of the problem, issue or task addressed; ● With respect to a professional person, whether the person is board certified or otherwise has demonstrated skill and experience in the bankruptcy field; and ● Whether the compensation is reasonable based on the customary compensation charged by comparably skilled practitioners in non- bankruptcy cases. 11 U.S.C. § 330(a)(3)(A)-(F).",/docket/66497849/1947/blockfi-inc/
BlockFi Inc.,380196772,"vague,block_billing,time_increments,transitory_timekeepers,duplication",True,True,,"18. The Fee Examiner focused her review on the following issues: a. Vague time entries that do not include complete activity descriptions that are sufficiently detailed to allow the reviewer to determine whether the time billed is actual, reasonable and necessary (hereinafter, “Vague Time Entries”); b. Block billed or “lumped” time entries that do not clearly identify each discrete task billed, indicate the date the task was performed, the precise amount of time spent (not to be billed in increments greater than one-tenth of an hour), who performed the task, the level of experience, and that person’s hourly rate as required by the UST Guidelines at C.9(d) (hereinafter, “Block Billing Entries”); c. Entries that the Fee Examiner identified as more in the nature of overhead or other administrative activities where the benefit to the Debtors’ estate was not readily ascertainable from the time entry (hereinafter “Administrative Entries”); d. Time entries where the sub-parts of a particular time entry did not equal the amount of time that was actually charged (hereinafter, “Over/Under Billing Entries”); e. Duplicate time entries (hereinafter, “Duplicate Entries”) where based upon the narrative the Fee Examiner was unable to ascertain if the timekeeper undertook separate tasks or the entry was duplicative; f. Time charges attributable to transitory timekeepers who billed less than five (5) hours per month during the Fee Period (hereinafter, “Transitory Timekeepers”). The Fee Examiner reviewed the nature of the work performed and the expertise the timekeeper brought to the case and made recommendations specific to the Retained Professionals; g.",/docket/66497849/1947/blockfi-inc/
BlockFi Inc.,380196772,"overhead_clerical,duplication,budget_staffing_plan,expenses",True,False,,"Staffing inefficiencies where the number of professionals participating in conference calls, meetings, depositions, and hearings appeared excessive and the benefit to the estate appeared minimal or where the Retained Professional staffed the case with summer associates or unadmitted attorneys (hereinafter, “Staffing Inefficiency Entries”); h. Professionals with a disproportionate amount of time billed in rounded (.5 or .0) hours (hereinafter, “Rounded Hour Entries”); i. Mismatched entries where the professionals participating in conference calls, meetings, depositions and hearings billed differing amounts to the same activity (“Mismatched Time Entries”); j. Expense reimbursement-related issues (flights, train travel, taxi/ground transportation, meals, service/booking fees, tips, photocopies/facsimiles, in- flight internet, upgrades, car service, and unknown expenses); k. Whether there was a duplication of effort or coordination between the professionals retained by the Committee; l. Budgeted fees vs. actual fees; and m. Compliance with the Interim Compensation Order and the Fee Examiner Order; and",/docket/66497849/1947/blockfi-inc/
BlockFi Inc.,380196772,"duplication,budget_staffing_plan",False,False,,"19. In undertaking her review, the Fee Examiner considered reductions taken by the Retained Professionals in an exercise of their billing discretion prior to submission of the relevant fee application, whether the Retained Professional stayed within budget, and general staffing considerations. Fee Examiner’s Recommendations",/docket/66497849/1947/blockfi-inc/
BlockFi Inc.,380196772,"transitory_timekeepers,duplication",False,True,,25. The Fee Examiner notes and appreciates that Brown Rudnick’s timekeeping was exceptional and substantially in compliance with the UST Guidelines. The Fee Examiner’s initial report regarding the Brown Rudnick Fee Application identified the following issues where further information was required to ascertain compliance with the Guidelines: a. Staffing Inefficiencies; b. Transitory Timekeepers; c. Mismatched Time Entries; and d. Administrative Entries;,/docket/66497849/1947/blockfi-inc/
BlockFi Inc.,380196772,"vague,block_billing,duplication",True,True,,31. The Fee Examiner’s initial report regarding the Genova Burns Fee Application identified the following issues where further information was required to ascertain compliance with the Guidelines: a. Vague Entries; b. Block Billed Entries; c. Staffing Inefficiencies; d. Duplicate Entries; e. Mismatched Time Entries; f. Administrative Entries; and g. Expense-related entries (photocopies),/docket/66497849/1947/blockfi-inc/
BlockFi Inc.,380196772,"vague,block_billing,transitory_timekeepers,duplication",True,True,,37. The Fee Examiner notes and appreciates that McCarter & English’s timekeeping was exceptional and substantially in compliance with the UST Guidelines and that the discussions that occurred during the first period of review were implemented during this fee period. The Fee Examiner’s initial report regarding the McCarter & English Fee Application identified the following issues where further information was required to ascertain compliance with the Guidelines: a. Vague Entries; b. Block Billed Entries; c. Staffing Inefficiencies; d. Transitory Timekeepers; e. Administrative Entries; and f. Expense related issues (photocopying).,/docket/66497849/1947/blockfi-inc/
BlockFi Inc.,380196772,duplication,False,True,"$1,461,412.50,$3,537.90","43. The Fee Examiner notes and appreciates that M3’s timekeeping was exceptional and substantially in compliance with the UST Guidelines. The Fee Examiner’s initial report regarding the M3 Partners Fee Application identified potentially duplicative times entries where further information was required to ascertain compliance with the Guidelines and M3 provided an adequate explanation sufficient to allay the Fee Examiner’s concerns. Accordingly, with regard to the M3 Partners Fee Application, the Fee Examiner recommends allowance of fees as requested in the amount of $1,461,412.50 and reimbursement of expenses in the aggregate amount of $3,537.90. Elementus Inc. (Blockchain Intelligence and Forensics Expert)",/docket/66497849/1947/blockfi-inc/
BlockFi Inc.,379620976,"vague,block_billing,duplication",True,False,,"10. Due to the size and complexity of these Chapter 11 Cases, the Fee Examiner reviewed the time entries supporting the Fee Applications on a monthly basis, to the extent that LEDES or other electronic files were provided. Areas of general concern to the Fee Examiner during her review were the role of each attorney attending hearings and meetings so that she could assess case staffing issues and the benefit to the estate of certain work streams that the Fee Examiner deemed administrative in nature in addition to general concerns about block billing and vague entries.",/docket/66497849/1933/blockfi-inc/
BlockFi Inc.,379620976,rates,False,False,,"12. Section 330 of the Bankruptcy Code provides: (a)(1) After notice to the parties in interest and the United States Trustee and a hearing, and subject to sections 326, 328, and 329, the court may award to a trustee, a consumer privacy ombudsman appointed under section 332, an examiner, an ombudsman appointed under section 333, or a professional person employed under section 327 or 1103— (A) reasonable compensation for actual, necessary services rendered by the trustee, examiner, ombudsman, professional person, or attorney and by any paraprofessional person employed by any such person; and (B) reimbursement for actual, necessary expenses. (2) The court may, on its own motion or on the motion of the United States Trustee, the United States Trustee for the District or Region, the trustee for the estate, or any other party in interest, award compensation that is less than the amount of compensation that is requested. (3) In determining the amount of reasonable compensation to be awarded to an examiner, trustee under chapter 11, or professional person, the court shall consider the nature, the extent, and the value of such services, taking into account all relevant factors, including— (A) the time spent on such services; (B) the rates charged for such services; (C) whether the services were necessary to the administration of, or beneficial at the time at which the service was rendered toward the completion of, a case under this title; (D) whether the services were performed within a reasonable amount of time commensurate with the complexity, importance, and nature of the problem, issue, or task addressed; (E) with respect to a professional person, whether the person is board certified or otherwise has demonstrated skill and experience in the bankruptcy field; and (F) whether the compensation is reasonable based on the customary compensation charged by comparably skilled practitioners in cases other than cases under this title.",/docket/66497849/1933/blockfi-inc/
BlockFi Inc.,379620976,duplication,False,True,,"(4)(A) Except as provided in subparagraph (B), the court shall not allow compensation for— (i) unnecessary duplication of services; or (ii) services that were not— (I) reasonably likely to benefit the debtor’s estate; or (II) necessary to the administration of the case. (5) The court shall reduce the amount of compensation awarded under this section by the amount of any interim compensation awarded under section 331, and, if the amount of such interim compensation exceeds the amount of compensation awarded under this section, may order the return of the excess to the estate. (6) Any compensation awarded for the preparation of a fee application shall be based on the level and skill reasonably required to prepare the application. 11 U.S.C. § 330.",/docket/66497849/1933/blockfi-inc/
BlockFi Inc.,379620976,rates,False,True,,"14. The statute enumerates six (6) relevant factors that the court must consider to determine whether the fees are reasonable: භ The time spent on such services; භ The rates charged for such services; භ Whether the services were necessary to the administration of, or beneficial at the time at which the service was rendered toward the completion of the cases; භ Whether the services were performed within a reasonable amount of time commensurate with the complexity, importance and nature of the problem, issue or task addressed; භ With respect to a professional person, whether the person is board certified or otherwise has demonstrated skill and experience in the bankruptcy field; and භ Whether the compensation is reasonable based on the customary compensation charged by comparably skilled practitioners in non- bankruptcy cases. 11 U.S.C. § 330(a)(3)(A)-(F).",/docket/66497849/1933/blockfi-inc/
BlockFi Inc.,379620976,"vague,block_billing,time_increments,transitory_timekeepers,duplication",True,True,,"18. The Fee Examiner focused her review on the following issues: a. Vague time entries that do not include complete activity descriptions that are sufficiently detailed to allow the reviewer to determine whether the time billed is actual, reasonable and necessary (hereinafter, “Vague Time Entries”); b. Block billed or “lumped” time entries that do not clearly identify each discrete task billed, indicate the date the task was performed, the precise amount of time spent (not to be billed in increments greater than one-tenth of an hour), who performed the task, the level of experience, and that person’s hourly rate as required by the UST Guidelines at C.9(d) (hereinafter, “Block Billing Entries”); c. Entries that the Fee Examiner identified as more in the nature of overhead or other administrative activities where the benefit to the Debtors’ estate was not readily ascertainable from the time entry (hereinafter “Administrative Entries”); d. Time entries where the sub-parts of a particular time entry did not equal the amount of time that was actually charged (hereinafter, “Over/Under Billing Entries”); e. Duplicate time entries (hereinafter, “Duplicate Entries”) where based upon the narrative the Fee Examiner was unable to ascertain if the timekeeper undertook separate tasks or the entry was duplicative; f. Time charges attributable to transitory timekeepers who billed less than five (5) hours per month during the Fee Period (hereinafter, “Transitory Timekeepers”). The Fee Examiner reviewed the nature of the work performed and the expertise the timekeeper brought to the case and made recommendations specific to the Retained Professionals; g.",/docket/66497849/1933/blockfi-inc/
BlockFi Inc.,379620976,"overhead_clerical,duplication,budget_staffing_plan,expenses",True,False,,"Staffing inefficiencies where the number of professionals participating in conference calls, meetings, depositions, and hearings appeared excessive and the benefit to the estate appeared minimal or where the Retained Professional staffed the case with summer associates or unadmitted attorneys (hereinafter, “Staffing Inefficiency Entries”); h. Professionals with a disproportionate amount of time billed in rounded (.5 or .0) hours (hereinafter, “Rounded Hour Entries”); i. Mismatched entries where the professionals participating in conference calls, meetings, depositions and hearings billed differing amounts to the same activity (“Mismatched Time Entries”); j. Expense reimbursement-related issues (flights, train travel, taxi/ground transportation, meals, service/booking fees, tips, photocopies/facsimiles, in- flight internet, upgrades, car service, and unknown expenses); k. Whether there was a duplication of effort, or coordination between the professionals retained by the Debtors; l. Budgeted fees vs. actual fees; and m. Compliance with the Interim Compensation Order and the Fee Examiner Order; and",/docket/66497849/1933/blockfi-inc/
BlockFi Inc.,379620976,"duplication,budget_staffing_plan",False,False,,"19. In undertaking her review, the Fee Examiner considered reductions taken by the Retained Professionals in an exercise of their billing discretion prior to submission of the relevant fee application, whether the Retained Professional stayed within budget, and general staffing considerations. Fee Examiner’s Recommendations",/docket/66497849/1933/blockfi-inc/
BlockFi Inc.,379620976,"transitory_timekeepers,duplication",False,False,"$6,268,704.00,$1,065,031.40","25. The Fee Examiner notes and appreciates that K&E’s timekeeping was exceptional and substantially in compliance with the UST Guidelines and that she had few, if any issues with the K&E Fee Application. The Fee Examiner focused her review on potential duplication of effort between K&E, HB and the other Debtor-professionals, Transitory Timekeepers, Administrative Entries, Mismatched Time Entries, and expense related issues. After completing her review K&E and the Fee Examiner engaged in a productive dialogue to address and resolve the issues raised by the Fee Examiner. Both the Fee Examiner and K&E reserve all of their rights with respect to future applications for compensation and recognize that the recommended reduction represents a compromise of the parties’ various positions. Accordingly, with regard to the K&E Fee Application, the Fee Examiner recommends allowance of fees in the amount of $6,268,704.00 and reimbursement of expenses in the aggregate amount of $1,065,031.40 Haynes and Boone LLP (Co-Counsel to the Debtors)",/docket/66497849/1933/blockfi-inc/
BlockFi Inc.,379620976,rates,False,False,"$2,$3","27. On January 24, 2023, the Court entered the Order Approving the Employment and Retention of Haynes and Boone, LLP as Bankruptcy Co-Counsel for the Debtors and Debtors in Possession Effective as of the Petition Date (the “HB Retention Order”) [Dkt. No. 393]. Pursuant to the HB Retention Order, the Debtors were authorized to employ HB as their general bankruptcy and restructuring co-counsel to render general legal services to the Debtors as needed throughout the course of the Chapter 11 Cases. For its services, HB is compensated on an hourly basis subject to a discount, calculated on a calendar year basis, equal to 10% off the firm’s hourly rates with the discount increasing to (a) 12.5% after the firm has been paid $2.5 million in such calendar year, and (b) 15% after the firm has been paid $3.5 million in such calendar year. The discount applicable to the Fee Period was 15%.",/docket/66497849/1933/blockfi-inc/
BlockFi Inc.,379620976,rates,False,False,,"32. On January 24, 2023, the Court entered the Order Authorizing the Employment and Retention of Cole Schotz P.C as New Jersey Counsel to the Debtors Nunc Pro Tunc to Petition Date [Dkt. No. 392] (the “Cole Schotz Retention Order”). Pursuant to the Cole Schotz Retention Order, the Debtors were authorized to employ Cole Schotz as their local counsel to render professional services to the Debtors. For its services, Cole Schotz P.C. is compensated on an hourly basis in accordance with its ordinary and customary hourly rates in effect on the date such services are rendered and for out-of-pocket expenses.",/docket/66497849/1933/blockfi-inc/
BlockFi Inc.,379620976,"duplication,expenses",False,False,,"35. As with the other Debtor professionals, the Fee Examiner notes and appreciates that Cole Schotz’s timekeeping was exceptional and substantially in compliance with the UST Guidelines. The Fee Examiner’s initial report regarding the Cole Schotz Fee Application identified certain potentially Duplicate Entries and Administrative Entries and certain expense issues related to car service and photocopies.",/docket/66497849/1933/blockfi-inc/
BlockFi Inc.,379620976,billing_activities,True,False,"$800,000.00,$20,766.63","41. The Fee Examiner reviewed the Moelis Retention Order and confirmed the monthly fees were billed appropriately and further confirmed that the time charges were adequately supported by the time records. Further, the Fee Examiner reviewed the expenses submitted by Moelis, and after a productive dialogue with Moelis, recommends allowance as requested. As such, the Fee Examiner recommends allowance of fees in the amount of $800,000.00 and reimbursement of expenses in the amount of $20,766.63 as requested in the Moelis Fee Application. Deloitte Tax LLP (Tax Services Provider to the Debtors)",/docket/66497849/1933/blockfi-inc/
BlockFi Inc.,371150397,"vague,block_billing,duplication",True,False,,"7. Due to the size and complexity of these Chapter 11 Cases, the Fee Examiner reviewed the time entries supporting the Fee Applications on a monthly basis, to the extent that LEDES or other electronic files were provided. Areas of general concern to the Fee Examiner during her review were the role of each attorney attending hearings and meetings so that she could assess case staffing issues and the benefit to the estate of certain work streams that the Fee Examiner deemed administrative in nature in addition to general concerns about block billing and vague entries.",/docket/66497849/1464/blockfi-inc/
BlockFi Inc.,371150397,rates,False,False,,"9. Section 330 of the Bankruptcy Code provides: (a)(1) After notice to the parties in interest and the United States Trustee and a hearing, and subject to sections 326, 328, and 329, the court may award to a trustee, a consumer privacy ombudsman appointed under section 332, an examiner, an ombudsman appointed under section 333, or a professional person employed under section 327 or 1103— (A) reasonable compensation for actual, necessary services rendered by the trustee, examiner, ombudsman, professional person, or attorney and by any paraprofessional person employed by any such person; and (B) reimbursement for actual, necessary expenses. (2) The court may, on its own motion or on the motion of the United States Trustee, the United States Trustee for the District or Region, the trustee for the estate, or any other party in interest, award compensation that is less than the amount of compensation that is requested. (3) In determining the amount of reasonable compensation to be awarded to an examiner, trustee under chapter 11, or professional person, the court shall consider the nature, the extent, and the value of such services, taking into account all relevant factors, including— (A) the time spent on such services; (B) the rates charged for such services; (C) whether the services were necessary to the administration of, or beneficial at the time at which the service was rendered toward the completion of, a case under this title; (D) whether the services were performed within a reasonable amount of time commensurate with the complexity, importance, and nature of the problem, issue, or task addressed; (E) with respect to a professional person, whether the person is board certified or otherwise has demonstrated skill and experience in the bankruptcy field; and (F) whether the compensation is reasonable based on the customary compensation charged by comparably skilled practitioners in cases other than cases under this title.",/docket/66497849/1464/blockfi-inc/
BlockFi Inc.,371150397,duplication,False,True,,"(4)(A) Except as provided in subparagraph (B), the court shall not allow compensation for— (i) unnecessary duplication of services; or (ii) services that were not— (I) reasonably likely to benefit the debtor’s estate; or (II) necessary to the administration of the case. (5) The court shall reduce the amount of compensation awarded under this section by the amount of any interim compensation awarded under section 331, and, if the amount of such interim compensation exceeds the amount of compensation awarded under this section, may order the return of the excess to the estate. (6) Any compensation awarded for the preparation of a fee application shall be based on the level and skill reasonably required to prepare the application. 11 U.S.C. § 330.",/docket/66497849/1464/blockfi-inc/
BlockFi Inc.,371150397,rates,False,True,,"11. The statute enumerates six (6) relevant factors that the court must consider to determine whether the fees are reasonable: • The time spent on such services; • The rates charged for such services; • Whether the services were necessary to the administration of, or beneficial at the time at which the service was rendered toward the completion of the cases; • Whether the services were performed within a reasonable amount of time commensurate with the complexity, importance and nature of the problem, issue or task addressed; • With respect to a professional person, whether the person is board certified or otherwise has demonstrated skill and experience in the bankruptcy field; and • Whether the compensation is reasonable based on the customary compensation charged by comparably skilled practitioners in non- bankruptcy cases. 11 U.S.C. § 330(a)(3)(A)-(F).",/docket/66497849/1464/blockfi-inc/
BlockFi Inc.,371150397,"vague,block_billing,time_increments,transitory_timekeepers,duplication",True,True,,"15. The Fee Examiner focused her review on the following issues: a. Vague time entries that do not include complete activity descriptions that are sufficiently detailed to allow the reviewer to determine whether the time billed is actual, reasonable and necessary (hereinafter, “Vague Time Entries”); b. Block billed or “lumped” time entries that do not clearly identify each discrete task billed, indicate the date the task was performed, the precise amount of time spent (not to be billed in increments greater than one-tenth of an hour), who performed the task, the level of experience, and that person’s hourly rate as required by the UST Guidelines at C.9(d) (hereinafter, “Block Billing Entries”); c. Entries that the Fee Examiner identified as more in the nature of overhead or other administrative activities where the benefit to the Debtors’ estate was not readily ascertainable from the time entry (hereinafter “Administrative Entries”); d. Time entries where the sub-parts of a particular time entry did not equal the amount of time that was actually charged (hereinafter, “Over/Under Billing Entries”); e. Duplicate time entries (hereinafter, “Duplicate Entries”) where based upon the narrative the Fee Examiner was unable to ascertain if the timekeeper undertook separate tasks or the entry was duplicative; f. Time charges attributable to transitory timekeepers who billed less than five (5) hours per month during the Fee Period (hereinafter, “Transitory Timekeepers”). The Fee Examiner reviewed the nature of the work performed and the expertise the timekeeper brought to the case and made recommendations specific to the Retained Professionals; g.",/docket/66497849/1464/blockfi-inc/
BlockFi Inc.,371150397,"overhead_clerical,duplication,budget_staffing_plan,expenses",True,False,,"Staffing inefficiencies where the number of professionals participating in conference calls, meetings, depositions, and hearings appeared excessive and the benefit to the estate appeared minimal or where the Retained Professional staffed the case with summer associates or unadmitted attorneys (hereinafter, “Staffing Inefficiency Entries”); h. Professionals with a disproportionate amount of time billed in rounded (.5 or .0) hours (hereinafter, “Rounded Hour Entries”); i. Mismatched entries where the professionals participating in conference calls, meetings, depositions and hearings billed differing amounts to the same activity (“Mismatched Time Entries”); j. Expense reimbursement-related issues (flights, train travel, taxi/ground transportation, meals, service/booking fees, tips, photocopies/facsimiles, in- flight internet, upgrades, car service, and unknown expenses); k. Whether there was a duplication of effort, or coordination between the professionals retained by the Debtors; l. Budgeted fees vs. actual fees; and m. Compliance with the Interim Compensation Order and the Fee Examiner Order; and",/docket/66497849/1464/blockfi-inc/
BlockFi Inc.,371150397,"duplication,budget_staffing_plan",False,False,,"16. In undertaking her review, the Fee Examiner considered reductions taken by the Retained Professionals in an exercise of their billing discretion prior to submission of the relevant fee application, whether the Retained Professional stayed within budget, and general staffing considerations. Fee Examiner’s Recommendations",/docket/66497849/1464/blockfi-inc/
BlockFi Inc.,371150397,"transitory_timekeepers,duplication",False,True,,"22. The Fee Examiner notes and appreciates that K&E’s timekeeping was exceptional and substantially in compliance with the UST Guidelines. The Fee Examiner’s initial report regarding the K&E Fee Application identified the following issues where further information was required to ascertain compliance with the Guidelines: a. Staffing Inefficiencies; b. Transitory Timekeepers; c. Duplicate Entries; d. Mismatched Time Entries; e. Over/Under Billing Entries; f. Administrative Entries; and g. Expense-related issues (working meals and travel expenses, among other things).",/docket/66497849/1464/blockfi-inc/
BlockFi Inc.,371150397,rates,False,False,"$2,$3","25. On January 24, 2023, the Court entered the Order Approving the Employment and Retention of Haynes and Boone, LLP as Bankruptcy Co-Counsel for the Debtors and Debtors in Possession Effective as of the Petition Date (the “HB Retention Order”) [Dkt. No. 393]. Pursuant to the HB Retention Order, the Debtors were authorized to employ HB as their general bankruptcy and restructuring co-counsel to render general legal services to the Debtors as needed throughout the course of the Chapter 11 Cases. For its services, HB is compensated on an hourly basis subject to a discount, calculated on a calendar year basis, equal to 10% off the firm’s hourly rates with the discount increasing to (a) 12.5% after the firm has been paid $2.5 million in such calendar year, and (b) 15% after the firm has been paid $3.5 million in such calendar year.",/docket/66497849/1464/blockfi-inc/
BlockFi Inc.,371150397,transitory_timekeepers,False,True,,28. The Fee Examiner notes and appreciates that HB’s timekeeping was exceptional and substantially in compliance with the UST Guidelines. The Fee Examiner’s initial report regarding the HB Fee Application identified the following issues where further information was required to ascertain compliance with the Guidelines: a. Transitory Timekeepers; b. Over/Under Billing Entries; c. Administrative Entries; and d. Expense-related issues (certain overhead expenses and other entries that required an additional explanation).,/docket/66497849/1464/blockfi-inc/
BlockFi Inc.,371150397,rates,False,False,,"31. On January 24, 2023, the Court entered the Order Authorizing the Employment and Retention of Cole Schotz P.C as New Jersey Counsel to the Debtors Nunc Pro Tunc to Petition Date [Dkt. No. 392] (the “Cole Schotz Retention Order”). Pursuant to the Cole Schotz Retention Order, the Debtors were authorized to employ Cole Schotz as their local counsel to render professional services to the Debtors. For its services, Cole Schotz P.C. is compensated on an hourly basis in accordance with its ordinary and customary hourly rates in effect on the date such services are rendered and for out-of-pocket expenses.",/docket/66497849/1464/blockfi-inc/
BlockFi Inc.,371150397,"vague,block_billing,duplication",True,True,,"34. The Fee Examiner’s initial report regarding the Cole Schotz Fee Application identified the following issues where further information was required to ascertain compliance with the Guidelines: a. Vague Time Entries; b. Block Billing Entries; c. Duplicate Entries; d. Over/Under Billing Entries; e. Administrative Entries; and f. Expense-related issues (printing, scanning, and travel expenses, among other things).",/docket/66497849/1464/blockfi-inc/
BlockFi Inc.,371150397,billing_activities,True,False,"$2,896,250.00,$57,941.46","40. The Fee Examiner reviewed the Moelis Retention Order and confirmed the fee calculations earned by Moelis related to the Mining Assets and can confirm the calculations are correct and are adequately supported by the time records. Further, the Fee Examiner reviewed the expenses submitted by Moelis, and after a productive dialogue with Moelis, recommends allowance as requested. As such, the Fee Examiner recommends allowance of fees in the amount of $2,896,250.00 and reimbursement of expenses in the amount of $57,941.46 as requested in the Moelis Fee Application. Berkeley Research Group, LLC (Financial Advisors to the Debtors)",/docket/66497849/1464/blockfi-inc/
FTX Trading Ltd.,353413192,duplication,False,True,$200,"See First Interim Report of John J. Ray III to the Independent Directors on Control Failures at the FTX Exchanges [D.I. 1242]. Notwithstanding the relative scope of the known asset pool, these proceedings appear on track to be very expensive by any measure. Though the cases are only seven months old, Retained Professionals already have requested more than $200 million in fees through the interim compensation process—more than two percent of reported estate assets and ten percent of reported cash. See April 12 Hearing Presentation. Careful stewardship of administrative expenses will translate to a better outcome for creditors, and a Chapter 11 process that is both cost-conscious and cost-effective will yield a better outcome for all stakeholders. Without question, the fees incurred to date are remarkable, but so is the professionals’ performance. The Fee Examiner has been struck by the creativity, professionalism, and personal sacrifice of the Retained Professionals who sprung into action in November to begin transforming a smoldering heap of wreckage into a functioning Chapter 11 debtor-in-possession. Very few firms could have accomplished what these professionals accomplished in 90 days. They did not have the luxury of carefully considering staffing decisions, developing the most The Fee Examiner compiled the table on the preceding page using publicly-available sources and has included it here for illustrative purposes. It should not be used as a substitute for official court records available on PACER or through https://www.uscourts.gov/statistics-reports/analysis-reports/bankruptcy-filings-statistics. efficient teams, or deploying resources with military precision. The First Interim Fee Period was truly an “all-hands-on-deck” crisis, and the Bankruptcy Code is explicit that reasonableness and necessity are to be measured at the time services are performed, not in hindsight. Some Applicants assembled teams that ended up being too big.",/docket/65748821/1663/ftx-trading-ltd/
FTX Trading Ltd.,353413192,duplication,False,True,,"Retained Professionals must file final fee applications at the conclusion of the case, when the Court will consider all of the circumstances to make a final determination of the reasonableness and necessity of the fees in light of “the complexity, importance, and nature of the problem, issue, or task addressed. See Bankruptcy Code section 330(a)(3)(D). In many instances—particularly with respect to staffing and team structure—the Fee Examiner has elected to reserve judgment until a later interim fee application or the final fee application stage. The Retained Professionals are on notice of these concerns and will consider them as the case unfolds and as they prepare subsequent fee applications. PROCEDURAL BACKGROUND",/docket/65748821/1663/ftx-trading-ltd/
FTX Trading Ltd.,353413192,"seniority_mismatch,duplication",False,False,,"15. Staffing Patterns. During the First Interim Fee Period, two hundred forty-two attorneys billed 34,954.1 hours to these cases. They graduated from law school between 1981 and 2023. The distribution of work by seniority level can be one indicator of efficient (or inefficient) staffing. “Typical” law firm staffing has a few very experienced timekeepers supervising a cadre of junior partners and senior associates, who in turn supervise larger teams of relatively inexperienced associates. Here, the staffing is flatter, with the senior associate/junior partner group somewhat underrepresented: [Remainder of page intentionally left blank] Demographics may explain this observation—at least in part. The 2008 financial crisis and ensuing recession had an appreciable impact on law school admissions. Accredited law schools had 147,525 students in 2010. By 2014, the number had dropped to 110,127—lower than any other year since the late 1970s. Am. Bar Ass’n, Legal Education: Law School Applicants and Enrollees, in ABA Profile of the Legal Profession (2022).7 The population of attorneys in the U.S. has contracted in only four years since the ABA began keeping track in 1878: 1915, 2020, 2021, and 2022. Am. Bar Ass’n, ABA National Lawyer Population Survey: Historical Trend in Total National Lawyer Population 1878-2022 (2022).8 Between 2008 and 2013, the job market for law school graduates deteriorated precipitously, with the classes of 2011, 2012, and 2013 having the weakest employment outcomes ever measured by the National Association for Law Placement. James Leipold, The Size of Your Entering Class Matters.",/docket/65748821/1663/ftx-trading-ltd/
FTX Trading Ltd.,353413192,duplication,False,False,,"A Lot, Law School Admission Council (LSAC) (Apr. 18, 2023).9 https://www.abalegalprofile.com/legal-education.php#anchor1 https://www.americanbar.org/content/dam/aba/administrative/market_research/total-national-lawyer-population https://www.lsac.org/blog/size-your-entering-class-matters-lot Many of the Fee Examiner’s confidential letter reports observed some variation of the “flattened” staffing pattern. Sometimes, the Fee Examiner observed more experienced lawyers performing tasks that may have been more appropriately delegated to mid-level attorneys. Most firms acknowledged this pattern to some degree and accepted rate adjustments to offset the inflationary effect on fees.",/docket/65748821/1663/ftx-trading-ltd/
FTX Trading Ltd.,353413192,rates,False,True,"$388,$2,165,,$2,000","16. Hourly Rates. Hourly rates ranged from $388 to $2,165, with forty-six attorneys charging more than $2,000 per hour. Average (mean) hourly rates by year of bar admission are shown below: These rates seem high by almost any measure, but industry data provide helpful context. Reorg Research maintains a legal billing rates database that has tracked the rates of firms practicing in both Delaware and the Southern District of New York from 2016 to the present. The average partner and associate rates of the three largest firms working on the FTX cases all track higher than the average rates for both partners and associates in the Reorg Research database. In the First Interim Fee Period, premier lawyers and premium rates may well have been the Debtors’ only option. Further, the Court approved the Retained Professionals’ rate schedules when it approved their retentions, making retroactive rate adjustments inappropriate. For the First Interim Fee Period, therefore, no fee adjustments are recommended based on hourly rates alone. As the cases progress, the Fee Examiner will be watching these metrics closely and will include comments and observations about rates in subsequent reports. As rates inch higher, it does become more incumbent upon Retained Professionals to assign work judiciously to maximize efficiency. In determining the amount of reasonable compensation to be awarded to an examiner, trustee under chapter 11, or professional person, the court shall consider the nature, the extent, and the value of such services, taking into account all relevant factors, including (A) the time spent on such services; (B)the rates charged for such services; . . . . 11 U.S.C. §330(a)(3). Research is a useful example. A partner’s issue-spotting expertise and strategic foresight may bring efficiency to a project, but the rote task of combing through results to pinpoint relevant (or irrelevant) authorities should be delegated wherever possible.",/docket/65748821/1663/ftx-trading-ltd/
FTX Trading Ltd.,353413192,multiple_attendees,True,False,,"19. Multiple Attendees - Hearings. The Fee Examiner carefully examined hearing attendance. When multiple timekeepers from a single professional firm attended a hearing, counsel reviewed the associated transcripts to identify speaking and participating professionals. When a timekeeper’s role at a hearing was not apparent, the Fee Examiner questioned that timekeeper’s attendance in the Confidential Letter Report and exhibits. In many instances, Applicants identified compelling reasons for attendance not immediately apparent from the record. For example, some timekeepers attended in anticipation of a line of questioning or inquiry at a hearing that did not ultimately materialize. Nonetheless, the Fee Examiner generally agreed that these professionals needed to prepare for, attend, and be ready to participate in hearings if discrete issues arose. In other instances, the Fee Examiner considered a topic too attenuated to justify a “just-in-case” timekeeper’s attendance, and asked firms to waive compensation for a non-participating professional.",/docket/65748821/1663/ftx-trading-ltd/
FTX Trading Ltd.,353413192,"multiple_attendees,duplication",True,False,,"20. Multiple Attendees - Meetings and Calls. At the outset of the case, many Retained Professionals appropriately deployed an all-hands approach given the tumult surrounding the filing. The Fee Examiner has advised Applicants that, as the exigencies of the early days give way to more routine proceedings, she expects them to become more selective in staffing meetings and calls.",/docket/65748821/1663/ftx-trading-ltd/
FTX Trading Ltd.,353413192,block_billing,True,True,,"21. Guideline Non-Compliance. Most applications presented at least a few instances where tasks or communications were not described with sufficient detail for a reviewer to easily discern their necessity, were not recorded in tenth-hour increments, or were improperly aggregated or “lumped.” The Fee Examiner either negotiated adjustments to offset these deficiencies or obtained supplemental information resolving guideline concerns. The Fee Examiner advised Applicants that deductions for guideline violations may increase in future fee periods if deficiencies persist. UNCONTESTED APPLICATIONS RECOMMENDED FOR COURT APPROVAL WITH ADJUSTMENTS",/docket/65748821/1663/ftx-trading-ltd/
FTX Trading Ltd.,353413192,"vague,block_billing,duplication",True,False,,"26. The Fee Examiner’s Confidential Letter Report identified a number of areas of concern, including retention and fee application time, possible overstaffing, apparently excessive meeting and hearing attendance, fees billed by attorneys not yet licensed,10 and various technical and procedural deficiencies with respect to some time entries (including vague and lumped entries). After an extensive exchange of information and discussion, the stipulated adjustments to fees and expenses are sufficient to address the Fee Examiner’s concerns. The Fee Examiner is satisfied that the agreed adjustments adequately address all identified issues and now recommends Court approval of the S&C First Fee Application, as adjusted and outlined on Exhibit A. Alvarez & Marsal North America, LLC",/docket/65748821/1663/ftx-trading-ltd/
FTX Trading Ltd.,353413192,"vague,block_billing,nonworking_travel,duplication",True,False,,"30. The Fee Examiner’s Confidential Letter Report identified apparently inefficient staffing, potentially excessive retention and fee application time, apparently excessive meeting attendance, fees related to non-working travel time, and various technical and procedural deficiencies with respect to some time entries (including vague and lumped entries). After an extensive exchange of information and discussion, the stipulated adjustments to fees and expenses are sufficient to address the Fee Examiner’s concerns. The Fee Examiner is satisfied that the agreed adjustments adequately address all identified issues and now recommends the approval of the A&M First Fee Application as adjusted and outlined on Exhibit A. AlixPartners, LLP",/docket/65748821/1663/ftx-trading-ltd/
FTX Trading Ltd.,353413192,duplication,False,False,,"34. The Fee Examiner’s Confidential Letter Report identified a number of areas of concern, including retention and fee application time, possible overstaffing, apparently excessive meeting attendance, and various technical and procedural deficiencies with respect to some time entries. After an extensive exchange of information and discussion, the stipulated adjustments to fees and expenses are sufficient to address the Fee Examiner’s concerns. The Fee Examiner is satisfied that the agreed adjustments adequately address all identified issues and now recommends Court approval of the AlixPartners First Fee Application, as adjusted and outlined on Exhibit A. Quinn Emanuel Urquhart & Sullivan, LLP",/docket/65748821/1663/ftx-trading-ltd/
FTX Trading Ltd.,353413192,"vague,block_billing,duplication",True,False,,"38. The Fee Examiner’s Confidential Letter Report identified a number of areas of concern, including retention and fee application time, possible overstaffing, apparently excessive meeting or hearing attendance, fees devoted to drafting general memoranda, various technical and procedural deficiencies with respect to certain time entries (including vague and lumped entries), and fees for work that was potentially duplicative of other Retained Professionals’ work. After an extensive exchange of information and discussion, the stipulated adjustments to fees and expenses are sufficient to address the Fee Examiner’s concerns. The Fee Examiner is satisfied that the agreed adjustments adequately address all identified issues and now recommends Court approval of the Quinn Emanuel First Fee Application, as adjusted and outlined on Exhibit A. Landis Rath & Cobb LLP",/docket/65748821/1663/ftx-trading-ltd/
FTX Trading Ltd.,353413192,"vague,block_billing",True,False,,"42. The Fee Examiner’s Confidential Letter Report identified a number of areas of concern, including retention and fee application time, apparently excessive hearing attendance, and various technical and procedural deficiencies with respect to some time entries (including vague and lumped entries).",/docket/65748821/1663/ftx-trading-ltd/
FTX Trading Ltd.,353413192,"vague,block_billing,duplication",True,False,,"48. The Fee Examiner’s Confidential Letter Report identified a number of areas of concern, including possible overstaffing, apparently excessive meeting and hearing attendance, retention-related time, and various technical and procedural deficiencies with respect to some time entries (including vague and lumped entries). After an extensive exchange of information and discussion, the stipulated adjustments to fees and expenses are sufficient to address the Fee Examiner’s concerns. The Fee Examiner is satisfied that the agreed adjustments adequately address all identified issues and now recommends Court approval of the Paul Hastings First Fee Application, as adjusted and outlined on Exhibit A. FTI Consulting, Inc.",/docket/65748821/1663/ftx-trading-ltd/
FTX Trading Ltd.,353413192,"vague,block_billing,duplication",True,False,,"52. The Fee Examiner’s Confidential Letter Report identified a number of areas of concern, including retention and fee application time, potential staffing and rate inefficiencies, apparently excessive hearing and meeting attendance, and various technical and procedural deficiencies with respect to some time entries (including vague and lumped entries).",/docket/65748821/1663/ftx-trading-ltd/
FTX Trading Ltd.,353413192,"vague,block_billing",True,False,,"58. The Fee Examiner’s Confidential Letter Report identified a number of areas of concern, including apparently excessive hearing attendance and various technical and procedural deficiencies with respect to some time entries (including vague and lumped entries). After an extensive exchange of information and discussion, the stipulated adjustments to fees and expenses are sufficient to address the Fee Examiner’s concerns. The Fee Examiner is satisfied that the agreed adjustments adequately address all identified issues and now recommends Court approval of the Young Conaway First Fee Application, as adjusted and outlined on Exhibit A. FEE APPLICATION RECOMMENDED FOR DEFERRAL Ernst & Young LLP",/docket/65748821/1663/ftx-trading-ltd/
FTX Trading Ltd.,353413192,expenses,False,False,,"63. Pursuant to ¶9(g) of the Fee Examiner Order, the Fee Examiner will serve this Summary Report by e-mail on counsel for the Debtors, on counsel for the Committee, and each Applicant. The Fee Examiner will also serve this Summary Report upon the U.S. Trustee by e- mail and first-class mail. A copy of this report is available on the website of the Debtors’ notice and claims agent at https://restructuring.ra.kroll.com/FTX/. The Fee Examiner submits that, in light of the nature of this report, no other or further notice need be given. CONCLUSION WHEREFORE, the Fee Examiner respectfully requests the entry of an order, substantially in the form annexed hereto as Attachment One, granting the relief requested and such other and further relief as the Court may deem just and proper. Dated: June 20, 2023. GODFREY & KAHN, S.C. By /s/ Mark W. Hancock Mark W. Hancock (Pro Hac Vice) One East Main Street, Suite 500 Madison, WI 53703 Telephone: (608) 297-3911 E-mail: mhancock@gklaw.com Counsel for Fee Examiner Katherine Stadler ftxfeeexaminer@gklaw.com Fee Examiner 29471386.10 Exhibit A Case 22-11068-JTD Doc 1663 Filed 06/20/23 In re: FTX Trading Ltd., et al.",/docket/65748821/1663/ftx-trading-ltd/
FTX Trading Ltd.,353413192,"duplication,budget_staffing_plan",False,True,,"Schedule Pursuant to the Fee Examiner Order and contemplated amendment to the Interim Compensation Order, the Fee Examiner’s schedule is outlined below: INTERIM FEE FIRST SECOND THIRD FOURTH PERIOD November 11, 20223 February 1, 2023- May 1, 2023- August 1, 2023- DATES - January 31, 2023 April 30, 2023 July 31, 2023 October 31, 2023 APPLICATION March 17, 2023 June 15, 2023 September 15, 2023 December 15, 2023 DEADLINE CONFIDENTIAL May 16, 2023 August 1, 2023 October 30, 2023 January 29, 2024 LETTER REPORT SUMMARY REPORT Fourteen days Fourteen days prior Fourteen days prior Fourteen days prior FOR UNCONTESTED prior to hearing to hearing to hearing to hearing APPLICATIONS HEARING DATE FOR June 28, 2023 September 13, 2023, December 13, 2023, March 13, 2024, fee UNCONTESTED fee hearing fee hearing fee hearing hearing APPLICATIONS We will update this schedule periodically to add new interim fee periods and, when appropriate, provide instructions for preparing and submitting final fee applications. Budgets & Staffing Plans Retained Professionals should comply with the U.S. Trustee Guidelines’ requirement for budgets and staffing plans, using the formats of Exhibits C-1 and C-2 to the U.S. Trustee Guidelines.4 The U.S. Trustee Guideline, of course, requires retrospective submission of budgets, but we encourage all professionals to provide prospective budgets for their clients and to communicate regularly with their clients or constituents regarding anticipated staffing adjustments and other developments that may impact fees. Fee Review Criteria The Fee Examiner Order provides, among other things, that the Fee Examiner shall determine whether requested fees and expenses comply with:",/docket/65748821/1663/ftx-trading-ltd/
FTX Trading Ltd.,353413192,rates,False,True,,"Rate Increases The Fee Examiner will monitor compliance with the requirement in most Retained Professionals’ retention orders that, prior to any increases in a Retained Professional’s rates for any individual timekeeper, the Retained Professional must file a supplemental declaration with the Court and provide five or ten (depending on the professional) business days’ notice to the Debtors, the U.S. Trustee, the Official Committee of Unsecured Creditors, and any other official committee appointed in this case. The supplemental affidavit must explain the basis for the requested rate increases in accordance with 11 U.S.C. §330(a)(3)(F) and state whether the Retained Professional’s client has consented to the rate increase. The U.S. Trustee and Fee Examiner retain all rights to object to any rate increase on all grounds including, but not limited to, the reasonableness standard provided for in 11 U.S.C. § 330. GUIDELINES Contents of Interim Fee Applications Based upon the criteria outlined in the Fee Examiner Order and on the Fee Examiner’s experience, each interim fee application should disclose:",/docket/65748821/1663/ftx-trading-ltd/
FTX Trading Ltd.,353413192,"seniority_mismatch,rates",False,False,,"4. A list of all rate increases of any kind—including rate increases due to promotions or increasing seniority—by timekeeper and amount, proposed by the Retained Professional since it began working on these cases;",/docket/65748821/1663/ftx-trading-ltd/
FTX Trading Ltd.,353413192,rates,False,False,,5. A statement that the Retained Professional’s client has (or the reason it has not) explicitly consented to all rate increases;,/docket/65748821/1663/ftx-trading-ltd/
FTX Trading Ltd.,353413192,nonworking_travel,True,True,,"7. Time and service entries in the appropriate electronic format, discussed below, identifying participants, activities, and subject matters, arranged by specific project categories, including brief narrative summaries of each project and its benefit to the estate (non-working travel time should be a specific project category);5",/docket/65748821/1663/ftx-trading-ltd/
FTX Trading Ltd.,353413192,block_billing,True,False,,"8. Time entries, in tenths of an hour, without “lumping” services together unless the aggregate amount of time spent for those lumped services does not exceed 0.5 hours;",/docket/65748821/1663/ftx-trading-ltd/
FTX Trading Ltd.,353413192,duplication,False,True,,"10. A detailed itemization of actual, necessary expenses. Means of Service Upon the Fee Examiner Interim Fee Applications and supporting data should be provided in the appropriate electronic format (described below) by e-mail to FTXFeeExaminer@gklaw.com. In addition, please provide supporting data to the Office of the U.S. Trustee by e-mail to Juliet.M.Sarkessian@usdoj.gov, Benjamin.A.Hackman@usdoj.gov, and David.Gerardi@usdoj.gov. Notwithstanding any contrary requirements in the local rules or applicable orders, to minimize expense, please DO NOT SERVE HARD COPIES OF FEE Electronic data should mirror precisely the amounts sought in the interim or final fee application. If write-offs or other adjustments are made to the timekeeping, in the exercise of billing judgment, the electronic data will need to reflect those adjustments. Data submitted on-time, complete, and consistent with the amounts requested in the application, are all essential to the schedule outlined above. APPLICATIONS AND SUPPORTING MATERIALS ON THE FEE EXAMINER.6 Expenses for duplicating or mailing fee applications—other than to the U.S. Trustee—will be recommended for disallowance. Means of Service Upon Professionals The Fee Examiner and her counsel will use e-mail to serve confidential letter reports and other communications. Each professional should provide the Fee Examiner with the names and e-mail addresses of the individuals who wish to receive such communications by sending an e-mail with their contact information to FTXFeeExaminer@gklaw.com. Please include the description “Designated confidential letter report recipients for _____ [name of Retained Professional]” in the subject line of this e-mail. If we do not receive instructions from you, we will direct your confidential letter reports to the person whose name appears on the Retained Professional’s disinterestedness declaration.",/docket/65748821/1663/ftx-trading-ltd/
FTX Trading Ltd.,353413192,billing_activities,True,True,,Electronic Data Format for Billing and Expense Detail All fee and expense detail should be submitted only in electronic format. YOU NEED NOT PROVIDE THE FEE EXAMINER WITH PAPER COPIES OF BILLS OR INVOICES.,/docket/65748821/1663/ftx-trading-ltd/
FTX Trading Ltd.,353413192,"overhead_clerical,billing_activities,expenses",True,True,$300,"Please provide vendor invoices for outside photocopying projects in excess of $300. • Charges for internal printing, converting documents to electronic formats, scanning charges, and charges to convert and upload documents are not reimbursable. • Word processing, proofreading, secretarial, and other support expenses are not reimbursable, nor are overtime charges. • Telephone charges—including cellular phone fees and subscriptions, text fees, data fees, and roaming charges, other than actual charges for multi-party calls arranged by a third-party vendor in connection with the cases—are not reimbursable. • Subscription, publication, or library charges are not reimbursable, nor are office supplies. • Data storage and software license expenses may be compensable if they are both necessary and incurred solely for use in these cases. General firm data storage and software license expenses are not compensable. Travel Expenses • Meetings should be conducted telephonically or by video conference wherever possible. • Clothing, dry-cleaning, accessories, and travel sundries are not reimbursable. • Local travel expenses (train, bus, subway, mileage, car service, taxi) to or from a professional’s home are not reimbursable unless a professional has worked at least four hours on these cases on the day for which the expense is sought and works after 9:00 p.m. local time on these cases. • Ground transportation to or from airports from a city center to an appropriate airport will be reimbursable at the actual cost of an Uber, Lyft, or taxi. Those preferring to use private car service should not seek reimbursement for those charges.",/docket/65748821/1663/ftx-trading-ltd/
FTX Trading Ltd.,353413192,"billing_activities,expenses",True,True,"$20.00,$300.00","If a professional’s attendance at a hearing, meeting, or other event is deemed unnecessary, the Fee Examiner will recommend both the professional’s fees and associated travel and meal expenses for disallowance. • In-office meals are capped at $20.00 per person per meal and are reimbursable if: o The professional attends a necessary lunch-hour business meeting; or o The professional works on these cases after 8:00 p.m. and has worked more than four hours on these cases during the billing day for which meal reimbursement is sought. • Coffee and snack charges are not reimbursable unless charged in lieu of in office meals allowable under the above-stated guideline. • All catering orders must be supported by receipts or invoices. Catering expenses (internal and external) must indicate both the number of persons actually attending a business meeting and the amount charged per person. • Regardless of the number of attendees, please provide receipts for any single meal costing more than $300.00 in the aggregate. • Alcohol is never reimbursable. • Note that the meal reimbursement cap is not a per diem. Applicants may be reimbursed for either the actual cost of the meal, or the reimbursement cap, whichever is less. Other Expenses • Contract attorneys are reimbursable at their actual cost (that is, the rate charged by the agency or other provider placing the attorneys) without markup. Professionals should submit detailed billing statements for all contract attorneys, who are subject to the same standards of review for detail, accuracy and, ultimately, reasonableness as any other professional. • In general, Retained Professionals should not submit reimbursement requests for any other firm’s professional (legal, financial advisory, investment banking, or accounting) services. If retention terms allow for sub-retentions, contract professionals must nonetheless submit detailed billing statements.",/docket/65748821/1663/ftx-trading-ltd/
FTX Trading Ltd.,353413192,"overhead_clerical,rates",True,False,,"Fee Examiner Analysis of Billing Detail The Fee Examiner’s review will examine, at a minimum: The hourly rates charged: • Ensure that billing rates for each professional are the rates approved in the applicable engagement agreement, retention order, or supplement; • Evaluate reasonableness of rates and the time spent in relation to the nature and character of the work, the market, and each professional’s role and experience; • Calculate blended rates; • Evaluate multiple rates billed to particular projects; and, • Eliminate charges for work performed by law students, interns, law clerks, and or summer associates.",/docket/65748821/1663/ftx-trading-ltd/
FTX Trading Ltd.,353413192,"vague,block_billing,time_increments,overhead_clerical,billing_activities,budget_staffing_plan",True,True,,"Hours billed: • Evaluate hours billed against any limitations in the engagement agreement or retention order; • Analyze average billable hours each day and identify extended periods of unsustainable billing days; • Calculate fees or billable hours for preparation of firm retention documents and fee applications as a percentage of total fees and hours—time spent preparing and editing time records is never compensable; • Evaluate legal research to determine whether it is being conducted appropriately and at the lowest appropriate rate; • Review clerical and administrative tasks to determine either the propriety of the billing rate for the task or whether the task is non-compensable; • Ensure that time is billed in one-tenth of an hour increments unless a retention order permits another time increment; • Identify vague task descriptions that do not permit a reviewer to determine the task’s necessity; • Identify improperly “lumped” or “block billed time;” • Ensure the use of properly segregated matter numbers for project categories, generally consistent with the following, where applicable: o Asset Analysis and Disposition o Asset Valuation o Assumption/Rejection of Leases or Executory Contracts o Automatic Stay Matters o Avoidance Actions (significant avoidance actions should have their own matter identifier) o Bahamas Matters o Budgeting o Business Operations o Case Administration o Claims and Claims Objections o Committee or Board Meetings o Communications with Creditors/Debtors o Communications with Pro Se Parties o Communications with the U.S.",/docket/65748821/1663/ftx-trading-ltd/
FTX Trading Ltd.,353413192,"multiple_attendees,nonworking_travel",True,True,,"Trustee o Custody and Withhold Matters o Customer and Vendor Communications o Due Diligence (investigation and analysis of loan and other security documents) o Employee Issues o Fee Applications-Self7 o Fee Applications-Others o Financing and Cash Collateral o Foreign Debtor Matters o Governance Matters o Hearings o Insurance Issues o Litigation (each significant litigation matter should have its own matter identifier) o Monitoring or Participating in Related Cryptocurrency Bankruptcy Proceedings o Non-Working Travel o Plan and Disclosure Statement o Proposed Chapter 11 Examiner motion and appeals o Retention Applications and Disclosures-Self o Retention Applications and Disclosures-Others o Regulatory Investigations (significant regulatory investigations or actions should have their own matter identifier) o SOFAs, Schedules, and Reports o State Attorney General Investigations (each state investigation should have its own matter identifier) o Tax issues (individual governmental entity audits should have their own matter identifiers) o U.S. Trustee Communications o Utility and Adequate Protection Matters • Identify meetings, hearings, or other events attended by an excessive number of timekeepers given the nature of the hearing or meeting and the necessity of multiple attendees; • Ensure that non-working travel is billed only at 50 percent of the timekeeper’s standard hourly rate; Please ensure that the project categories for fee applications and retention/employment are kept separate.",/docket/65748821/1663/ftx-trading-ltd/
FTX Trading Ltd.,353413192,duplication,False,False,,"Many professionals will have four separate project categories: Fee Applications-Self; Fee Applications-Others; Retention Applications and Disclosures-Self; and Retention Applications and Disclosures-Others. • Identify all calculation or billing errors; • Identify instances of duplication or overlap in work performed by multiple Retained Professionals; • Ensure that tasks are appropriately delegated to the professional with the lowest suitable billing rate for the task performed; • Evaluate time spent monitoring or overseeing others’ work without substantial contribution to work product; and • Waiting time or “standby time” is not reimbursable. Fee Examiner Contacts We look forward to working with you and trust that this memorandum will begin an open and productive dialogue. The Fee Examiner and proposed counsel can be reached using the contact information below. Please do not hesitate to contact the Fee Examiner’s counsel if you have comments, questions, or concerns about the fee review process. Fee Examiner Katherine Stadler FTXFeeExaminer@gklaw.com One East Main Street Suite 500 Madison, WI 53703 Proposed Counsel for the Fee Examiner Godfrey & Kahn, S.C. Attorney: Mark Hancock mhancock@gklaw.com Data Specialist/Attorney:",/docket/65748821/1663/ftx-trading-ltd/
FTX Trading Ltd.,422333947,budget_staffing_plan,False,False,,"Post-Confirmation Fee Procedures On October 8, 2024 (the “Confirmation Date”), the Court entered the Findings of Fact, Conclusions of Law, and Order Confirming the Second Amended Joint Chapter 11 Plan of Reorganization of FTX Trading Ltd. and its Debtor Affiliates [D.I. 26404] (the “Plan Confirmation Order”). Consistent with the timing set forth in the Order (I) Appointing Independent Fee Examiner and (II) Establishing Related Procedures for Consideration of Requested Fee Compensation and Reimbursement of Expenses [D.I. 834] (the “Fee Examiner Order”), the “Eighth Interim Fee Period” ran from August 1, 2024 through and including October 8, 2024. The Plan Confirmation Order states, at §3.4.2, that: Except as otherwise specifically provided in the Plan, from and after the Confirmation Date, the Plan Administrator, as the case may be, shall, in the ordinary course of business and without any further notice to or action, order or approval of the Bankruptcy Court, pay in Cash the reasonable and documented legal, professional or other fees and expenses related to implementation and Consummation of the Plan incurred by the Debtors, the Plan Administrator, the Official Committee or the Ad Hoc Committee, as the case may be, in each case in accordance with the Wind Down Budget. Except as otherwise specifically provided in the Plan, upon the Confirmation Date, any requirement that Professionals comply with section 327, 328, 329, 330, 331 or 1103 of the Bankruptcy Code or the Professional Fee Order in seeking retention or compensation for services rendered after such date shall terminate, and the Debtors, the Plan Administrator, or, solely with respect to the matters set forth in Section 13.9, the Official Committee, may employ and pay any Professional in the ordinary course of business, in each case subject to the Wind Down Budget.",/docket/65748821/28501/ftx-trading-ltd/
FTX Trading Ltd.,422333947,duplication,False,True,,"3. The Fee Examiner identified a number of areas of concern, including possible overstaffing; apparently excessive meeting, hearing, and mediation attendance; time spent communicating and negotiating with the Fee Examiner; and work related to the FTX multidistrict litigation pending in the Southern District of Florida. After an extensive exchange of information and discussion, the stipulated adjustments to fees and expenses outlined on Exhibit A are sufficient to address the Fee Examiner’s concerns, with two continuing Reserved Issues: (1) fees incurred to prepare interim reports and (2) fees devoted to the investigation and prosecution of avoidance actions that may not have been described with sufficient detail to allow for a determination of which avoidance matters they relate to. With those express reservations, the Fee Examiner now recommends Court approval of the S&C Seventh Fee Application, subject to the Reserved Issues and as adjusted and outlined on Exhibit A. Alvarez & Marsal North America, LLC",/docket/65748821/28501/ftx-trading-ltd/
FTX Trading Ltd.,422333947,"block_billing,duplication",True,False,,"6. The Fee Examiner identified potentially top-heavy staffing, apparently excessive meeting attendance, improperly documented expenses, and various technical and procedural deficiencies with respect to some time entries (including double-billed and lumped entries). After an extensive exchange of information and discussion, the stipulated adjustments to fees and expenses are sufficient to address the Fee Examiner’s concerns, with no Reserved Issues. The Fee Examiner recommends the approval of the A&M Seventh Fee Application as adjusted and outlined on Exhibit A. AlixPartners, LLP",/docket/65748821/28501/ftx-trading-ltd/
FTX Trading Ltd.,422333947,"vague,block_billing,billing_activities,duplication",True,False,,"12. The Fee Examiner identified a number of areas of concern, including time devoted to fee applications and potentially routine timekeeping tasks, possible overstaffing, apparently excessive meeting or hearing attendance, and various technical and procedural deficiencies with respect to certain time entries (including vague and lumped entries). After an extensive exchange of information and discussion, the stipulated adjustments to fees and expenses are sufficient to address the Fee Examiner’s concerns, with two continuing Reserved Issues: (1) fees incurred to investigate and draft complaints that may not have been described sufficiently in the time records to allow the Fee Examiner to determine which estate claims the work relates to; and (2) research and litigation work related to the same vaguely-described causes of action. The Fee Examiner now recommends Court approval of the Quinn Emanuel Seventh Fee Application, subject to the Reserved Issues and as adjusted and outlined on Exhibit A. Landis Rath & Cobb LLP",/docket/65748821/28501/ftx-trading-ltd/
FTX Trading Ltd.,422333947,"vague,transitory_timekeepers,duplication",True,False,,"19. The Fee Examiner identified some issues of concern, including transitory timekeepers, vague and block-billed tasks, potential over-attendance at meetings and hearings, and apparent staffing inefficiencies.",/docket/65748821/28501/ftx-trading-ltd/
FTX Trading Ltd.,422333947,"transitory_timekeepers,duplication",False,False,,"23. The Fee Examiner identified a number of areas of concern, including apparently excessive fee application activities, task duplication, and transitory timekeepers.",/docket/65748821/28501/ftx-trading-ltd/
FTX Trading Ltd.,422333947,duplication,False,False,,"27. The Fee Examiner identified a number of areas of concern, including potentially duplicative attendance calls and meetings. After an extensive exchange of information and discussion, Young Conaway has agreed to the adjustments to fees that adequately address the Fee Examiner’s concerns. The Fee Examiner now recommends the Young Conaway Seventh Fee Application for Court approval on an interim basis, with the adjustments outlined on the attached Exhibit A. AD HOC COMMITTEE PROFESSIONALS Eversheds Sutherland (US) LLP",/docket/65748821/28501/ftx-trading-ltd/
FTX Trading Ltd.,422333947,"vague,block_billing,rates",True,False,,"30. The Fee Examiner identified several areas of concern, including but not limited to rate increases, fee application time, excessive meeting attendance, and various technical and procedural deficiencies with respect to some time entries (including vague and lumped entries).",/docket/65748821/28501/ftx-trading-ltd/
FTX Trading Ltd.,422333947,rates,False,False,,"34. The Fee Examiner identified several areas of concern, including but not limited to rate increases, apparently excessive hearing attendance, and improper expenses.",/docket/65748821/28501/ftx-trading-ltd/
FTX Trading Ltd.,422333947,overhead_clerical,True,False,,"39. After verifying that the fees and expenses requested were consistent with the Examiner Scope Order and the Order Amending the Order (I) Granting the Examiner Authority to Conduct Additional Investigations and (II) Establishing the Scope, Cost, Degree, and Duration of the Second Phase of the Examination [D.I. 23059], the Fee Examiner’s letter report to Patterson Belknap identified minor billing errors and questioned certain administrative tasks.",/docket/65748821/28501/ftx-trading-ltd/
FTX Trading Ltd.,422333947,expenses,False,False,,"45. Pursuant to ¶ 9(g) of the Fee Examiner Order, the Fee Examiner will serve this Summary Report by e-mail on counsel for the Debtors, on counsel for the Committee, and each Applicant. The Fee Examiner will also serve this Summary Report upon the U.S. Trustee by e-mail and first-class mail. A copy of this report is available on the website of the Debtors’ notice and claims agent at https://restructuring.ra.kroll.com/FTX/. The Fee Examiner submits that, in light of the nature of this report, no other or further notice need be given. CONCLUSION WHEREFORE, the Fee Examiner respectfully requests the entry of an order, to be submitted by Debtors’ counsel under certification, granting the relief requested and such other and further relief as the Court may deem just and proper. Dated: December 2, 2024. GODFREY & KAHN, S.C. By /s/ Mark W. Hancock Mark W. Hancock (Pro Hac Vice) One East Main Street, Suite 500 Madison, WI 53703 Telephone: (608) 297-3911 E-mail: mhancock@gklaw.com Counsel for Fee Examiner Katherine Stadler ftxfeeexaminer@gklaw.com Fee Examiner 32164364.4 EXHIBIT A In re: FTX Trading Ltd., et al.",/docket/65748821/28501/ftx-trading-ltd/
FTX Trading Ltd.,435339436,duplication,False,False,,"3. The Fee Examiner identified a number of areas of concern, including possible overstaffing; apparently excessive meeting, hearing, and mediation attendance; time spent communicating and negotiating with the Fee Examiner; and work related to the FTX multidistrict litigation pending in the Southern District of Florida.",/docket/65748821/30064/ftx-trading-ltd/
FTX Trading Ltd.,435339436,vague,True,False,,"60. In a confidential letter report to Rothschild, the Fee Examiner identified non- compensable meal and transportation charges and questioned vaguely described and/or potentially excessive outside counsel service as areas of concern. Rothschild and the Fee Examiner are engaged in productive discussions in an effort to resolve these areas of concern, and the Fee Examiner therefore requests adjournment of the Rothschild Final Fee Application to a subsequent omnibus hearing date, as itemized on Exhibit B. NOTICE",/docket/65748821/30064/ftx-trading-ltd/
FTX Trading Ltd.,435339436,expenses,False,False,,"61. Pursuant to ¶ 9(g) of the Fee Examiner Order, the Fee Examiner will serve this Summary Report by e-mail on counsel for the Debtors, on counsel for the Committee, and each Applicant. The Fee Examiner will also serve this Summary Report upon the U.S. Trustee by e-mail and first-class mail. A copy of this report is available on the website of the Debtors’ notice and claims agent at https://restructuring.ra.kroll.com/FTX/. The Fee Examiner submits that, in light of the nature of this report, no other or further notice need be given. CONCLUSION WHEREFORE, the Fee Examiner respectfully requests the entry of an order, to be submitted by Debtors’ counsel under certification, granting the relief requested and such other and further relief as the Court may deem just and proper. Dated: April 3, 2025. GODFREY & KAHN, S.C. By /s/ Mark W. Hancock Mark W. Hancock (Pro Hac Vice) One East Main Street, Suite 500 Madison, WI 53703 Telephone: (608) 297-3911 E-mail: mhancock@gklaw.com Counsel for Fee Examiner Katherine Stadler ftxfeeexaminer@gklaw.com Fee Examiner 32814142.5 EXHIBIT A Case 22-11068-KBO DocIn re: 30064 Filed 04/03/25 FTX Trading Ltd., et al.",/docket/65748821/30064/ftx-trading-ltd/
FTX Trading Ltd.,442973412,transitory_timekeepers,False,False,,"6. The Fee Examiner subjected the outside counsel fees and other expenses to the same analysis applicable to Retained Professionals in these cases, identifying some areas of concern, including some block-billed entries, billing errors, potentially transitory timekeepers, improper charges for local travel, and various questionable expenses.",/docket/65748821/30870/ftx-trading-ltd/
FTX Trading Ltd.,442973412,expenses,False,False,,"20. Pursuant to ¶ 9(g) of the Fee Examiner Order, the Fee Examiner will serve this Summary Report by e-mail on counsel for the Debtors, on counsel for the Committee, and each Applicant. The Fee Examiner will also serve this Summary Report upon the U.S. Trustee by e-mail and first-class mail. A copy of this report is available on the website of the Debtors’ notice and claims agent at https://restructuring.ra.kroll.com/FTX/. The Fee Examiner submits that, in light of the nature of this report, no other or further notice need be given. CONCLUSION WHEREFORE, the Fee Examiner respectfully requests the entry of an order, to be submitted by Debtors’ counsel under certification, granting the relief requested and such other and further relief as the Court may deem just and proper. Dated: June 17, 2025. GODFREY & KAHN, S.C. By /s/ Mark W. Hancock Mark W. Hancock (Pro Hac Vice) One East Main Street, Suite 500 Madison, WI 53703 Telephone: (608) 297-3911 E-mail: mhancock@gklaw.com Counsel for Fee Examiner Katherine Stadler ftxfeeexaminer@gklaw.com Fee Examiner 33190238.3 EXHIBIT A Case 22-11068-KBO Doc 30870 Filed 06/17/25 In re: FTX Trading Ltd., et al.",/docket/65748821/30870/ftx-trading-ltd/
FTX Trading Ltd.,432002204,"block_billing,duplication",True,False,,"3. The Fee Examiner identified potentially top-heavy staffing, apparently excessive meeting attendance, improperly documented expenses, and various technical and procedural deficiencies with respect to some time entries (including double-billed and lumped entries). After an extensive exchange of information and discussion, the stipulated adjustments to fees and expenses are sufficient to address the Fee Examiner’s concerns, with no Reserved Issues. The Fee Examiner recommends the approval of the A&M Eighth Fee Application as adjusted and outlined on Exhibit A. AlixPartners, LLP",/docket/65748821/29857/ftx-trading-ltd/
FTX Trading Ltd.,432002204,"vague,block_billing,billing_activities,duplication",True,False,,"9. The Fee Examiner identified a number of areas of concern, including time devoted to fee applications and potentially routine timekeeping tasks, possible overstaffing, apparently excessive meeting or hearing attendance, and various technical and procedural deficiencies with respect to certain time entries (including vague and lumped entries). After an extensive exchange of information and discussion, the stipulated adjustments to fees and expenses are sufficient to address the Fee Examiner’s concerns. The Fee Examiner and Quinn Emmanual also agreed to a negotiated resolution of two continuing Reserved Issues: (1) fees incurred to investigate and draft complaints that may not have been described sufficiently in the time records to allow the Fee Examiner to determine which estate claims the work relates to; and (2) research and litigation work related to the same vaguely-described causes of action. The Fee Examiner now recommends Court approval of the Quinn Emanuel Eighth Fee Application, with no remaining Reserved Issues, as outlined on Exhibit A. Landis Rath & Cobb LLP",/docket/65748821/29857/ftx-trading-ltd/
FTX Trading Ltd.,432002204,duplication,False,False,,"15. The Fee Examiner identified some issues of concern, including potential over- attendance at meetings and hearings and apparent staffing inefficiencies.",/docket/65748821/29857/ftx-trading-ltd/
FTX Trading Ltd.,432002204,"transitory_timekeepers,duplication",False,False,,"19. The Fee Examiner identified a number of areas of concern, including apparently excessive fee application activities, task duplication, and transitory timekeepers.",/docket/65748821/29857/ftx-trading-ltd/
FTX Trading Ltd.,432002204,duplication,False,False,,"23. The Fee Examiner identified a number of areas of concern, including blocked- billed tasks and potentially duplicative attendance on calls and at hearings and meetings. After an extensive exchange of information and discussion, Young Conaway has agreed to the adjustments to fees that adequately address the Fee Examiner’s concerns. The Fee Examiner now recommends the Young Conaway Eighth Fee Application for Court approval on an interim basis, with the adjustments outlined on the attached Exhibit A. AD HOC COMMITTEE PROFESSIONALS Eversheds Sutherland (US) LLP",/docket/65748821/29857/ftx-trading-ltd/
FTX Trading Ltd.,432002204,"vague,block_billing,rates",True,False,,"26. The Fee Examiner identified several areas of concern, including but not limited to rate increases, fee application time, excessive meeting attendance, and various technical and procedural deficiencies with respect to some time entries (including vague and lumped entries).",/docket/65748821/29857/ftx-trading-ltd/
FTX Trading Ltd.,432002204,rates,False,False,,"30. The Fee Examiner identified several areas of concern, including but not limited to rate increases, apparently excessive hearing attendance, and improper expenses.",/docket/65748821/29857/ftx-trading-ltd/
FTX Trading Ltd.,432002204,overhead_clerical,True,False,,"33. After verifying that the fees and expenses requested were consistent with the various orders related to the Examiner’s appointment, scope, and cost (see, e.g., D.I. 9882, 9883, 15538, 22029, and 23059) (the “Examiner Orders”), the Fee Examiner’s letter report to Patterson Belknap identified minor billing errors and questioned certain administrative tasks.",/docket/65748821/29857/ftx-trading-ltd/
FTX Trading Ltd.,432002204,duplication,False,False,,"42. The Fee Examiner identified a number of areas of concern, including possible overstaffing; apparently excessive meeting, hearing, and mediation attendance; time spent communicating and negotiating with the Fee Examiner; and work related to the FTX multidistrict litigation pending in the Southern District of Florida.",/docket/65748821/29857/ftx-trading-ltd/
FTX Trading Ltd.,432002204,expenses,False,False,,"56. Pursuant to ¶ 9(g) of the Fee Examiner Order, the Fee Examiner will serve this Summary Report by e-mail on counsel for the Debtors, on counsel for the Committee, and each Applicant. The Fee Examiner will also serve this Summary Report upon the U.S. Trustee by e-mail and first-class mail. A copy of this report is available on the website of the Debtors’ notice and claims agent at https://restructuring.ra.kroll.com/FTX/. The Fee Examiner submits that, in light of the nature of this report, no other or further notice need be given. CONCLUSION WHEREFORE, the Fee Examiner respectfully requests the entry of an order, to be submitted by Debtors’ counsel under certification, granting the relief requested and such other and further relief as the Court may deem just and proper. Dated: March 4, 2025. GODFREY & KAHN, S.C. By /s/ Mark W. Hancock Mark W. Hancock (Pro Hac Vice) One East Main Street, Suite 500 Madison, WI 53703 Telephone: (608) 297-3911 E-mail: mhancock@gklaw.com Counsel for Fee Examiner Katherine Stadler ftxfeeexaminer@gklaw.com Fee Examiner 32650501.6 EXHIBIT A Case 22-11068-JTD DocIn re: 29857 Filed 03/04/25 FTX Trading Ltd., et al.",/docket/65748821/29857/ftx-trading-ltd/
FTX Trading Ltd.,488992062,"vague,block_billing,duplication",True,False,,"7. The Fee Examiner identified several irregularities in the EY Third through Eighth Fee Applications, including very late fee submissions, undisclosed revisions to the scope of work, work performed by EY affiliates and “member firms” not explicitly authorized to provide services in the retention order, unusual professional titles and billing rates, apparently excessive meeting attendance and overstaffing, erroneous billing, time devoted to fee applications and potentially routine timekeeping tasks, and various technical and procedural deficiencies with respect to certain time entries (including vague and lumped entries). After an extensive exchange of information and discussion, the stipulated adjustments to fees and expenses are sufficient to address the Fee Examiner’s concerns. The Fee Examiner is satisfied that the agreed adjustments adequately address all identified issues and now recommends Court approval of the EY Third through Eighth Applications, as adjusted and outlined on Exhibit A.",/docket/65748821/36084/ftx-trading-ltd/
FTX Trading Ltd.,488992062,expenses,False,False,,"10. Pursuant to ¶ 9(g) of the Fee Examiner Order, the Fee Examiner will serve this Summary Report by e-mail on counsel for the Debtors, on counsel for the Committee, and each Applicant. The Fee Examiner will also serve this Summary Report upon the U.S. Trustee by e-mail and first-class mail. A copy of this report is available on the website of the Debtors’ notice and claims agent at https://restructuring.ra.kroll.com/FTX/. The Fee Examiner submits that, in light of the nature of this report, no other or further notice need be given. CONCLUSION WHEREFORE, the Fee Examiner respectfully requests the entry of an order, to be submitted by Debtors’ counsel under certification, granting the relief requested and such other and further relief as the Court may deem just and proper. Dated: August 6, 2026. GODFREY & KAHN, S.C. By /s/ Mark W. Hancock Mark W. Hancock (Pro Hac Vice) One East Main Street, Suite 500 Madison, WI 53703 Telephone: (608) 297-3911 E-mail: mhancock@gklaw.com Counsel for Fee Examiner Katherine Stadler ftxfeeexaminer@gklaw.com Fee Examiner 38878921.2 EXHIBIT A Case 22-11068-KBO Doc 36084 Filed 08/06/26 In re: FTX Trading Ltd., et al.",/docket/65748821/36084/ftx-trading-ltd/
FTX Trading Ltd.,388730647,"seniority_mismatch,rates",False,False,,"John’s, Antigua and Barbuda. the professionals and Fee Examiner have once again resolved Fourth Interim Fee Period applications through consensual interim adjustments outlined on the attached Exhibit A. As noted in the Fee Examiner’s Summary Report on Fee Review Process and Second Interim Fee Applications Scheduled for Uncontested Hearing on September 13, 2023 [D.I. 2427] (the “Second Report”) and the Fee Examiner’s Summary Report on Fee Review Process and Third Interim Fee Applications Scheduled for Uncontested Hearing on December 13, 2023 [D.I. 4492] (the “Third Report”), the Fee Examiner has identified “Reserved Issues” that may benefit from longer-term, retrospective analysis. Some of the fee and expense adjustments recommended in this Report include resolution of Reserved Issues from prior fee periods. Other such issues have recurred in and/or remain reserved for the Fourth Interim Fee Period, with a third group of issues now ripe for resolution. Those instances are noted in the application-specific discussions below. The Fee Examiner continues to carefully monitor the impact of both seniority and market-based rate increases and explicitly reserves the right to address that issue in connection with final fee applications. Kroll Security Incident On Saturday, August 19, 2023, the Debtors’ claims and noticing agent, Kroll Restructuring Administration, suffered a security breach during which attackers gained access to certain files containing personal information of claimants. See https://www.kroll.com/en/about- us/news/security-incident. Upon learning of the incident, the Debtors immediately engaged Sullivan and Cromwell LLP (“S&C”) and Alvarez & Marsal North America, LLC (“A&M”) to assist in responding to the incident, which included assessing the scope and extent of the incident and notifying and addressing inquiries from interested parties and regulators.",/docket/65748821/9157/ftx-trading-ltd/
FTX Trading Ltd.,388730647,"vague,block_billing,duplication",True,True,,"3. The Fee Examiner again identified a number of areas of concern, including possible overstaffing, apparently excessive meeting and hearing attendance, and various technical and procedural deficiencies with respect to some time entries (including vague and lumped entries). The Fee Examiner also identified arguably unnecessary time spent monitoring and attending the Sam Bankman-Fried criminal proceedings and time spent reading the book Going Infinite. After an extensive exchange of information and discussion, the stipulated adjustments to fees and expenses outlined on Exhibit A are sufficient to address the Fee Examiner’s concerns, with two continuing Reserved Issues: (1) fees incurred to prepare interim reports and (2) fees devoted to the investigation and prosecution of avoidance actions that may not have been described with sufficient detail to allow for a determination of which avoidance matters they relate to. With those express reservations, the Fee Examiner now recommends Court approval of the S&C Fourth Fee Application, subject to the Reserved Issues and as adjusted and outlined on Exhibit A.2 Alvarez & Marsal North America, LLC",/docket/65748821/9157/ftx-trading-ltd/
FTX Trading Ltd.,388730647,"vague,block_billing,nonworking_travel,duplication",True,False,,"6. The Fee Examiner identified potentially top-heavy staffing, apparently excessive meeting attendance, fees for non-working travel time, and various technical and procedural deficiencies with respect to some time entries (including vague and lumped entries). After an extensive exchange of information and discussion, the stipulated adjustments to fees and expenses are sufficient to address the Fee Examiner’s concerns, with no Reserved Issues. The Fee Examiner recommends the approval of the A&M Fourth Fee Application as adjusted and outlined on Exhibit A. AlixPartners, LLP",/docket/65748821/9157/ftx-trading-ltd/
FTX Trading Ltd.,388730647,"nonworking_travel,duplication,internal_conferences",True,False,,"9. The Fee Examiner identified a number of areas of concern, including time devoted to fee applications and potentially routine timekeeping tasks, possible overstaffing, apparently excessive intra-office travel meeting attendance, fees related to non-working travel time, and time spent reading the book Going Infinite. After an extensive exchange of information and discussion, the stipulated adjustments to fees and expenses are sufficient to address the Fee Examiner’s concerns, with no Reserved Issues. The Fee Examiner is satisfied that the agreed adjustments adequately address all identified issues and now recommends Court approval of the AlixPartners Fourth Fee Application, as adjusted and outlined on Exhibit A. Quinn Emanuel Urquhart & Sullivan, LLP",/docket/65748821/9157/ftx-trading-ltd/
FTX Trading Ltd.,388730647,"vague,block_billing,billing_activities,duplication",True,False,,"12. The Fee Examiner identified a number of areas of concern, including time devoted to fee applications and potentially routine timekeeping tasks, possible overstaffing, apparently excessive meeting or hearing attendance, and various technical and procedural deficiencies with respect to certain time entries (including vague and lumped entries). The Fee Examiner also identified arguably unnecessary time spent monitoring and attending the Sam Bankman-Fried criminal proceedings. After an extensive exchange of information and discussion, the stipulated adjustments to fees and expenses are sufficient to address the Fee Examiner’s concerns, with two continuing Reserved Issues: (1) fees incurred to investigate and draft complaints that may not have been described sufficiently in the time records to allow the Fee Examiner to determine which estate claims the work relates to and (2) research and litigation work related to the same vaguely described causes of action. The Fee Examiner now recommends Court approval of the Quinn Emanuel Fourth Fee Application, subject to the Reserved Issues and as adjusted and outlined on Exhibit A. Landis Rath & Cobb LLP",/docket/65748821/9157/ftx-trading-ltd/
FTX Trading Ltd.,388730647,"vague,duplication",True,False,,"18. The Fee Examiner’s Confidential Letter Report identified several areas of concern, including but not limited to potential staffing inefficiencies and excessive meeting attendance, apparently double-billed entries, and various technical and procedural deficiencies with respect to some time entries, including vague time entries.",/docket/65748821/9157/ftx-trading-ltd/
FTX Trading Ltd.,388730647,"vague,duplication,rates",True,False,,"22. The Fee Examiner identified a number of areas of concern, including rate increases, retention and fee application time, potential staffing and rate inefficiencies, apparently excessive meeting attendance, and various technical and procedural deficiencies with respect to some time entries (including vague entries).",/docket/65748821/9157/ftx-trading-ltd/
FTX Trading Ltd.,388730647,duplication,False,False,,"26. The Fee Examiner identified a number of areas of concern—primarily the firm’s continued practice of staffing all case matters with two partners. After an extensive exchange of information and discussion, Young Conaway has agreed to the adjustments to fees that adequately address the Fee Examiner’s concerns, with no Reserved Issues for the Fourth Interim Fee Period. The resolution outlined on Exhibit A fully resolves the Reserved Issues identified in previous fee periods. The Fee Examiner now recommends the Young Conaway Fourth Fee Application for Court approval on an interim basis, with the adjustments outlined on the attached Exhibit A. AD HOC COMMITTEE PROFESSIONALS Eversheds Sutherland (US) LLP",/docket/65748821/9157/ftx-trading-ltd/
FTX Trading Ltd.,388730647,"vague,block_billing,duplication",True,False,,"29. The Fee Examiner identified several areas of concern, including but not limited to potential staffing and rate inefficiencies, excessive meeting attendance, and various technical and procedural deficiencies with respect to some time entries (including vague and lumped entries).",/docket/65748821/9157/ftx-trading-ltd/
FTX Trading Ltd.,388730647,"vague,block_billing,duplication",True,False,,"33. The Fee Examiner identified several areas of concern, including but not limited to potential staffing and rate inefficiencies, excessive meeting attendance, and technical and procedural deficiencies with respect to certain time entries (including vague and lumped task descriptions). Morris Nichols has agreed to fee and expense adjustments that adequately address the Fee Examiner’s concerns, and the Fee Examiner now recommends the Morris Nichols First Fee Application for Court approval on an interim basis, with the adjustments outlined on the attached Exhibit A. CONTESTED APPLICATION Paul Hastings LLP",/docket/65748821/9157/ftx-trading-ltd/
FTX Trading Ltd.,388730647,duplication,False,False,,"36. As in prior fee periods, the Fee Examiner identified extensive inefficient and top- heavy staffing, and potentially excessive, unreasonable, and unnecessary time spent to dispute exclusivity extensions, to develop an alternative plan structure, to formulate a detailed strategy and regulatory framework to re-launch the FTX.com exchange, and to develop detailed models and plan provisions for the issuance of a recovery token. See also Second Report at ¶ 17; Third Report at ¶ 19. The Fee Examiner has concluded that it is now appropriate for the Fee Examiner to fully articulate these concerns through a report and limited objection and to proceed with this professional’s applications on a contested basis, as outlined above. NOTICE",/docket/65748821/9157/ftx-trading-ltd/
FTX Trading Ltd.,388730647,expenses,False,False,,"37. Pursuant to ¶ 9(g) of the Fee Examiner Order, the Fee Examiner will serve this Summary Report by e-mail on counsel for the Debtors, on counsel for the Committee, and each Applicant. The Fee Examiner will also serve this Summary Report upon the U.S. Trustee by e-mail and first-class mail. A copy of this report is available on the website of the Debtors’ notice and claims agent at https://restructuring.ra.kroll.com/FTX/. The Fee Examiner submits that, in light of the nature of this report, no other or further notice need be given. CONCLUSION WHEREFORE, the Fee Examiner respectfully requests the entry of an order, to be submitted by Debtors’ counsel under certification, granting the relief requested and such other and further relief as the Court may deem just and proper. Dated: March 12, 2024. GODFREY & KAHN, S.C. By /s/ Mark W. Hancock Mark W. Hancock (Pro Hac Vice) One East Main Street, Suite 500 Madison, WI 53703 Telephone: (608) 297-3911 E-mail: mhancock@gklaw.com Counsel for Fee Examiner Katherine Stadler ftxfeeexaminer@gklaw.com Fee Examiner 30805916.5 EXHIBIT A Case 22-11068-JTD Doc 9157 Filed 03/12/24 In re: FTX Trading Ltd., et al.",/docket/65748821/9157/ftx-trading-ltd/
FTX Trading Ltd.,401246289,"vague,block_billing,duplication",True,True,,"3. The Fee Examiner identified a number of areas of concern, including possible overstaffing, apparently excessive meeting and hearing attendance, too many attorneys billing to review the Third Circuit’s examiner opinion, and various technical and procedural deficiencies with respect to some time entries (including vague and lumped entries). After an extensive exchange of information and discussion, the stipulated adjustments to fees and expenses outlined on Exhibit A are sufficient to address the Fee Examiner’s concerns, with two continuing Reserved Issues: (1) fees incurred to prepare interim reports and (2) fees devoted to the investigation and prosecution of avoidance actions that may not have been described with sufficient detail to allow for a determination of which avoidance matters they relate to. With those express reservations, the Fee Examiner now recommends Court approval of the S&C Fifth Fee Application, subject to the Reserved Issues and as adjusted and outlined on Exhibit A. Alvarez & Marsal North America, LLC",/docket/65748821/16172/ftx-trading-ltd/
FTX Trading Ltd.,401246289,"vague,block_billing,duplication",True,False,,"6. The Fee Examiner identified potentially top-heavy staffing, apparently excessive meeting attendance, improperly documented expenses, and various technical and procedural deficiencies with respect to some time entries (including vague and lumped entries). After an extensive exchange of information and discussion, the stipulated adjustments to fees and expenses are sufficient to address the Fee Examiner’s concerns, with no Reserved Issues. The Fee Examiner recommends the approval of the A&M Fifth Fee Application as adjusted and outlined on Exhibit A. AlixPartners, LLP",/docket/65748821/16172/ftx-trading-ltd/
FTX Trading Ltd.,401246289,"vague,block_billing,billing_activities,duplication",True,False,,"12. The Fee Examiner identified a number of areas of concern, including time devoted to fee applications and potentially routine timekeeping tasks, possible overstaffing, apparently excessive meeting or hearing attendance, and various technical and procedural deficiencies with respect to certain time entries (including vague and lumped entries). The Fee Examiner also identified a significant amount of time spent on the Daniel Friedberg adversary. After an extensive exchange of information and discussion, the stipulated adjustments to fees and expenses are sufficient to address the Fee Examiner’s concerns, with two continuing Reserved Issues: (1) fees incurred to investigate and draft complaints that may not have been described sufficiently in the time records to allow the Fee Examiner to determine which estate claims the work relates to; and (2) research and litigation work related to the same vaguely-described causes of action. The Fee Examiner now recommends Court approval of the Quinn Emanuel Fifth Fee Application, subject to the Reserved Issues and as adjusted and outlined on Exhibit A. Landis Rath & Cobb LLP",/docket/65748821/16172/ftx-trading-ltd/
FTX Trading Ltd.,401246289,"vague,duplication,rates",True,False,,"26. The Fee Examiner identified a number of areas of concern, including rate increases, retention and fee application time, potential staffing and rate inefficiencies, apparently excessive meeting attendance, and various technical and procedural deficiencies with respect to some time entries (including vague entries).",/docket/65748821/16172/ftx-trading-ltd/
FTX Trading Ltd.,401246289,duplication,False,False,,"30. The Fee Examiner identified a number of areas of concern, including potentially duplicative attendance at hearings, calls and meetings. After an extensive exchange of information and discussion, Young Conaway has agreed to the adjustments to fees that adequately address the Fee Examiner’s concerns. The Fee Examiner now recommends the Young Conaway Fifth Fee Application for Court approval on an interim basis, with the adjustments outlined on the attached Exhibit A. AD HOC COMMITTEE PROFESSIONALS Eversheds Sutherland (US) LLP",/docket/65748821/16172/ftx-trading-ltd/
FTX Trading Ltd.,401246289,"vague,block_billing,duplication",True,False,,"33. The Fee Examiner identified several areas of concern, including but not limited to potential staffing and rate inefficiencies, excessive meeting attendance, and various technical and procedural deficiencies with respect to some time entries (including vague and lumped entries). The Fee Examiner also noted that Eversheds imposed rate adjustments effective January 1, 2024, which were apparently authorized in the Eversheds engagement letter,2 but not specifically authorized by the Court’s Order Authorizing the Debtors to Enter Into, and Perform Their Obligations Under, the Reimbursement Agreements [D.I. 3928]. See also Amended Motion of Debtors to Enter Into, and Perform Their Obligations Under, the Reimbursement Agreements [D.I. 3373], Ex. B-1. The rate adjustments, therefore, have been designated as a Reserved Issue.",/docket/65748821/16172/ftx-trading-ltd/
FTX Trading Ltd.,401246289,"vague,block_billing,duplication",True,False,,"37. The Fee Examiner identified several areas of concern, including but not limited to potential staffing and rate inefficiencies, excessive meeting attendance, and technical and procedural deficiencies with respect to certain time entries (including vague and lumped task See Certification of Sarah E. Paul [D.I. 9555-2], ¶ 2. The Eversheds engagement letter does not appear in the Court record. descriptions). The Fee Examiner also noted that Morris Nichols imposed rate adjustments effective January 1, 2024, which were apparently authorized in the Morris Nichols engagement letter,3 but not specifically authorized by the Court’s Order Authorizing the Debtors to Enter Into, and Perform Their Obligations Under, the Reimbursement Agreements [D.I. 3928]. See also Amended Motion of Debtors to Enter Into, and Perform Their Obligations Under, the Reimbursement Agreements [D.I. 3373], Ex. B-1. The rate adjustments, therefore, have been designated as a Reserved Issue.",/docket/65748821/16172/ftx-trading-ltd/
FTX Trading Ltd.,401246289,expenses,False,False,,"41. Pursuant to ¶ 9(g) of the Fee Examiner Order, the Fee Examiner will serve this Summary Report by e-mail on counsel for the Debtors, on counsel for the Committee, and each See Morris Nichols Second Fee Application, ¶ 37(f). The Morris Nichols engagement letter does not appear in the Court record. Applicant. The Fee Examiner will also serve this Summary Report upon the U.S. Trustee by e-mail and first-class mail. A copy of this report is available on the website of the Debtors’ notice and claims agent at https://restructuring.ra.kroll.com/FTX/. The Fee Examiner submits that, in light of the nature of this report, no other or further notice need be given. CONCLUSION WHEREFORE, the Fee Examiner respectfully requests the entry of an order, to be submitted by Debtors’ counsel under certification, granting the relief requested and such other and further relief as the Court may deem just and proper. Dated: May 30, 2024. GODFREY & KAHN, S.C. By /s/ Mark W. Hancock Mark W. Hancock (Pro Hac Vice) One East Main Street, Suite 500 Madison, WI 53703 Telephone: (608) 297-3911 E-mail: mhancock@gklaw.com Counsel for Fee Examiner Katherine Stadler ftxfeeexaminer@gklaw.com Fee Examiner 31246975.4 EXHIBIT A Case 22-11068-JTD DocIn re: 16172 Filed 05/30/24 FTX Trading Ltd., et al.",/docket/65748821/16172/ftx-trading-ltd/
FTX Trading Ltd.,410879948,duplication,False,True,,"3. The Fee Examiner identified a number of areas of concern, including possible overstaffing, apparently excessive meeting and hearing attendance, too many attorneys billing to monitor the Bankman-Fried sentencing proceedings, and work related to the firm’s own defense in the FTX multidistrict litigation pending in the Southern District of Florida. After an extensive exchange of information and discussion, the stipulated adjustments to fees and expenses outlined on Exhibit A are sufficient to address the Fee Examiner’s concerns, with two continuing Reserved Issues: (1) fees incurred to prepare interim reports and (2) fees devoted to the investigation and prosecution of avoidance actions that may not have been described with sufficient detail to allow for a determination of which avoidance matters they relate to. With those express reservations, the Fee Examiner now recommends Court approval of the S&C Sixth Fee Application, subject to the Reserved Issues and as adjusted and outlined on Exhibit A. Alvarez & Marsal North America, LLC",/docket/65748821/24274/ftx-trading-ltd/
FTX Trading Ltd.,410879948,"vague,block_billing,duplication",True,False,,"6. The Fee Examiner identified potentially top-heavy staffing, apparently excessive meeting attendance, improperly documented expenses, and various technical and procedural deficiencies with respect to some time entries (including vague and lumped entries). After an extensive exchange of information and discussion, the stipulated adjustments to fees and expenses are sufficient to address the Fee Examiner’s concerns, with no Reserved Issues. The Fee Examiner recommends the approval of the A&M Sixth Fee Application as adjusted and outlined on Exhibit A. AlixPartners, LLP",/docket/65748821/24274/ftx-trading-ltd/
FTX Trading Ltd.,410879948,"vague,block_billing,billing_activities,duplication",True,False,,"12. The Fee Examiner identified a number of areas of concern, including time devoted to fee applications and potentially routine timekeeping tasks, possible overstaffing, apparently excessive meeting or hearing attendance, and various technical and procedural deficiencies with respect to certain time entries (including vague and lumped entries). After an extensive exchange of information and discussion, the stipulated adjustments to fees and expenses are sufficient to address the Fee Examiner’s concerns, with two continuing Reserved Issues: (1) fees incurred to investigate and draft complaints that may not have been described sufficiently in the time records to allow the Fee Examiner to determine which estate claims the work relates to; and (2) research and litigation work related to the same vaguely-described causes of action. The Fee Examiner now recommends Court approval of the Quinn Emanuel Sixth Fee Application, subject to the Reserved Issues and as adjusted and outlined on Exhibit A. Landis Rath & Cobb LLP",/docket/65748821/24274/ftx-trading-ltd/
FTX Trading Ltd.,410879948,"vague,transitory_timekeepers,duplication",True,False,,"19. The Fee Examiner identified some issues of concern, including transitory timekeepers, vague and block-billed tasks, potential over-attendance at meetings and mediation, and apparent staffing inefficiencies.",/docket/65748821/24274/ftx-trading-ltd/
FTX Trading Ltd.,410879948,vague,True,False,,"23. The Fee Examiner identified a number of areas of concern, including various technical and procedural deficiencies with respect to some time entries (including vague entries).",/docket/65748821/24274/ftx-trading-ltd/
FTX Trading Ltd.,410879948,duplication,False,False,,"27. The Fee Examiner identified a number of areas of concern, including potentially duplicative attendance on calls and at meetings. After an extensive exchange of information and discussion, Young Conaway has agreed to adjustments that adequately address the Fee Examiner’s concerns. The Fee Examiner now recommends the Young Conaway Sixth Fee Application for Court approval on an interim basis, with the adjustments outlined on the attached Exhibit A. AD HOC COMMITTEE PROFESSIONALS Eversheds Sutherland (US) LLP",/docket/65748821/24274/ftx-trading-ltd/
FTX Trading Ltd.,410879948,"vague,block_billing,duplication",True,False,,"30. The Fee Examiner identified several areas of concern, including but not limited to potential staffing and rate inefficiencies, apparently excessive fee application time, excessive meeting attendance, and various technical and procedural deficiencies with respect to some time entries (including vague and lumped entries).",/docket/65748821/24274/ftx-trading-ltd/
FTX Trading Ltd.,410879948,duplication,False,False,,"39. After verifying that the fees and expenses requested were consistent with the Examiner Scope Order and the Order Amending the Cost of Phase I Examination [D.I. 22029], the Fee Examiner’s letter report to Patterson Belknap questioned several staffing decisions and the fees charged for routine timekeeping activities.",/docket/65748821/24274/ftx-trading-ltd/
FTX Trading Ltd.,410879948,expenses,False,False,,"45. Pursuant to ¶ 9(g) of the Fee Examiner Order, the Fee Examiner will serve this Summary Report by e-mail on counsel for the Debtors, on counsel for the Committee, and each Applicant. The Fee Examiner will also serve this Summary Report upon the U.S. Trustee by e-mail and first-class mail. A copy of this report is available on the website of the Debtors’ notice and claims agent at https://restructuring.ra.kroll.com/FTX/. The Fee Examiner submits that, in light of the nature of this report, no other or further notice need be given. CONCLUSION WHEREFORE, the Fee Examiner respectfully requests the entry of an order, to be submitted by Debtors’ counsel under certification, granting the relief requested and such other and further relief as the Court may deem just and proper. Dated: September 5, 2024. GODFREY & KAHN, S.C. By /s/ Mark W. Hancock Mark W. Hancock (Pro Hac Vice) One East Main Street, Suite 500 Madison, WI 53703 Telephone: (608) 297-3911 E-mail: mhancock@gklaw.com Counsel for Fee Examiner Katherine Stadler ftxfeeexaminer@gklaw.com Fee Examiner 31758786.3 EXHIBIT A Case 22-11068-JTD DocIn 24274 Filed 09/05/24 re: FTX Trading Ltd., et al.",/docket/65748821/24274/ftx-trading-ltd/
FTX Trading Ltd.,379964417,"duplication,rates",False,False,,"Capitalized terms not otherwise defined shall have the meanings set forth in the Fee Examiner Order. deferring the application listed on Exhibit B, either for the Court’s consideration at the January 17, 2024 omnibus hearing, or at a contested fee hearing separately scheduled for that purpose. INTRODUCTION As noted in the Fee Examiner’s Summary Report on Fee Review Process and First Interim Fee Applications Scheduled for Uncontested Hearing on June 28, 2023 [D.I. 1663] (the “First Report”) and the Fee Examiner’s Summary Report on Fee Review Process and Second Interim Fee Applications Scheduled for Uncontested Hearing on September 13, 2023 [D.I. 2427] (the “Second Report”), the Bankruptcy Code “clearly contemplates that widespread wholesale adjustments to fees may not be appropriate at the interim compensation phase. Interim fees awarded pursuant to section 331 are always subject to later adjustment in the final section 330 analysis. First Report at 4. For the Third Interim Fee Period (May 1, 2023 through July 31, 2023), the Fee Examiner has once again designated certain issues—including staffing, time spent on specific projects, attendance at hearings and meetings, hourly rate increases, and other similar subjective categories—as “Reserved Issues. The Reserved Issues allow the parties to continue their discussions with the benefit and context of additional case developments, but an indefinite deferral of the Reserved Issues is both impractical and counter-productive because interim guidance from the Court will likely reduce the number of potentially contested issues that recur. Applications for the Fourth Interim Fee Period (August 1, 2023 through October 31, 2023) are to be filed on December 15, 2023, with the review and reporting process continuing through the late winter and early spring.",/docket/65748821/4492/ftx-trading-ltd/
FTX Trading Ltd.,379964417,"vague,nonworking_travel,duplication",True,False,,"The Fee Examiner expects that the additional perspective obtained with the benefit of one full year of billing data may facilitate more precise recommended adjustments for some, if not all, of the Reserved Issues. For Reserved Issues ripe for consideration but on which the Fee Examiner and professionals are unable to reach a consensual agreement, the Fee Examiner will seek the Court’s direction through a limited objection proceeding. Reserved Issues that may be addressed in a limited objection include, but are not limited to: • Potentially excessive hours and fees devoted to researching and drafting specific pleadings; • Inadequate time detail supporting the amount of fees devoted to generically- described avoidance actions; • Potentially excessive fees devoted to investigations and potential causes of action where the time entries are vague, thus preventing the Fee Examiner from evaluating reasonableness with appropriate context; • Arguably excessive fees devoted to responding to the Fee Examiner’s requests for supplemental information and/or protracted negotiations with the Fee Examiner; • Non-working travel fees and expenses for intraoffice in-person meetings not related to a court event, client meeting, or other circumstance clearly necessitating in person attendance; • Expenses for local overtime transportation and the appropriate parameters for incurring them; • Arguably excessive fees spent cataloguing, studying, and monitoring professional fees; • Apparent duplication or “shadowing” of the work of other retained professionals; • Excessive fees incurred for attendance at meetings, calls, and conferences by timekeepers whose direct contribution to the case as a whole has not been clearly established; • Excessive and premature time spent exploring and developing alternative business plans or Chapter 11 plan structures; and • Motion practice pursued for strategic rather than substantive reasons.",/docket/65748821/4492/ftx-trading-ltd/
FTX Trading Ltd.,379964417,"vague,block_billing,duplication",True,True,"$2,$2,252,720.00,$250,000,$10,$4,$6","3. The Fee Examiner again identified a number of areas of concern, including possible overstaffing, apparently excessive meeting and hearing attendance, and various technical and procedural deficiencies with respect to some time entries (including vague and lumped entries). After an extensive exchange of information and discussion, the stipulated adjustments to fees and expenses outlined on Exhibit A are sufficient to address the Fee Examiner’s concerns, with two Reserved Issues: (1) approximately $2.5 million in fees incurred to prepare interim reports ($2,252,720.00 in fees incurred to prepare the Second Interim Report of John J. Ray III to the Independent Directors: The Comingling and Misuse of Customer Deposits at FTX.com [D.I. 1704, Ex. A] and approximately $250,000 in fees incurred to begin work on a third, not-yet-filed interim report ) and (2) approximately $10 million in fees devoted to the investigation and prosecution of avoidance actions that may not have been described with sufficient detail to allow for a determination of which avoidance matters they relate to (nearly $4 million in fees in the S&C Second Interim Fee Application and nearly $6 million in fees in the S&C Third Interim Fee Application). With those express reservations, the Fee Examiner now recommends Court approval of the S&C Third Fee Application, subject to the Reserved Issues and as adjusted and outlined on Exhibit A. Alvarez & Marsal North America, LLC",/docket/65748821/4492/ftx-trading-ltd/
FTX Trading Ltd.,379964417,"vague,block_billing,nonworking_travel,duplication",True,False,,"6. The Fee Examiner identified apparently top-heavy staffing, apparently excessive meeting attendance, fees related to non-working travel time, and various technical and procedural deficiencies with respect to some time entries (including vague and lumped entries). After an extensive exchange of information and discussion, the stipulated adjustments to fees and expenses are sufficient to address the Fee Examiner’s concerns, with no Reserved Issues. The Fee Examiner recommends the approval of the A&M Third Fee Application as adjusted and outlined on Exhibit A. AlixPartners, LLP",/docket/65748821/4492/ftx-trading-ltd/
FTX Trading Ltd.,379964417,"nonworking_travel,duplication,internal_conferences",True,False,,"9. The Fee Examiner identified a number of areas of concern, including time devoted to fee applications and potentially routine timekeeping tasks, possible overstaffing, apparently excessive intra-office travel meeting attendance, and fees related to non-working travel time. After an extensive exchange of information and discussion, the stipulated adjustments to fees and expenses are sufficient to address the Fee Examiner’s concerns, with no Reserved Issues. The Fee Examiner is satisfied that the agreed adjustments adequately address all identified issues and now recommends Court approval of the AlixPartners Third Fee Application, as adjusted and outlined on Exhibit A. Quinn Emanuel Urquhart & Sullivan, LLP",/docket/65748821/4492/ftx-trading-ltd/
FTX Trading Ltd.,379964417,"vague,block_billing,billing_activities,duplication",True,False,"$280,779.75,$104,700.15","12. The Fee Examiner identified a number of areas of concern, including time devoted to fee applications and potentially routine timekeeping tasks, possible overstaffing, apparently excessive meeting or hearing attendance, and various technical and procedural deficiencies with respect to certain time entries (including vague and lumped entries). After an extensive exchange of information and discussion, the stipulated adjustments to fees and expenses are sufficient to address the Fee Examiner’s concerns, with two Reserved Issues: $280,779.75 in fees incurred to draft complaints that were not described sufficiently in the time records to allow the Fee Examiner to determine which estate claims the work relates to and $104,700.15 in research related to the same vaguely described causes of action.3 The Fee Examiner now recommends Court approval of the Quinn Emanuel Third Fee Application, subject to the Reserved Issues and as adjusted and outlined on Exhibit A. Landis Rath & Cobb LLP",/docket/65748821/4492/ftx-trading-ltd/
FTX Trading Ltd.,379964417,"vague,block_billing,billing_activities,duplication",True,False,"$433,692.90,$844,158.60","15. The Fee Examiner identified a number of areas of concern, including excessive time recorded for duplicative e-mail tasks, excessive time entry review, and block billing. LRC has agreed to adjustments to fees that adequately address the Fee Examiner’s concerns, with no Reserved Issues. The Fee Examiner now recommends the LRC Third Fee Application for Court approval on an interim basis, with the adjustments outlined on the attached Exhibit A. For the Second Interim Fee Period, the Fee Examiner also designated as Reserved Issues: $433,692.90 in fees incurred to investigate potential avoidance action targets that were not described sufficiently in the time records to allow the Fee Examiner to determine which estate claims the work relates to and $844,158.60 in litigation work related to the same vaguely described causes of action. UCC PROFESSIONALS Paul Hastings LLP",/docket/65748821/4492/ftx-trading-ltd/
FTX Trading Ltd.,379964417,"vague,duplication",True,False,,"18. The Fee Examiner identified areas of significant concern, including but not limited to time spent monitoring Debtors’ professionals’ fees, repetitive and vaguely-described billing, staffing inefficiencies, apparently excessive time spent on committee calls and meetings, duplicating the work of Debtors’ professionals on avoidance and preference analysis, and arguably unnecessary work in pursuit of an alternative business plan—all Reserved Issues.",/docket/65748821/4492/ftx-trading-ltd/
FTX Trading Ltd.,379964417,duplication,False,False,"$102,912.00,$58,462.50,$658,800.00,$654,476.00,$1,569,981.00,$279,380.50,$63,574.00,$116,853.50,$240,040.50,$197,165.00,$122,279.00,$210,635.50,$275,537.00,$260,917.50,$219,851.00,$1,739,436.50","19. The following concerns remain Reserved Issues: $102,912.00 in potentially excessive fees to prepare Paul Hastings’ third interim fee application, $58,462.50 in fees to monitor the Debtors’ professionals’ fees, $658,800.00 in fees for document review, $654,476.00 in arguably excessive UCC meeting attendance, $1,569,981.00 in fees to work on potentially duplicative services relating to various sales, $279,380.50 in fees for work on lift-stay motions, $63,574.00 in fees relating to the Chapter 11 examiner appointment motion and appeal, $116,853.50 in fees relating to the Debtors’ exclusivity motion, $240,040.50 in fees for a motion to seal, $197,165.00 in fees for claims bar date analysis, $122,279.00 in fees incurred to monitor other cryptocurrency Chapter 11 cases, $210,635.50 in preference claim analysis apparently duplicative of the Debtors’ professionals’ work, $275,537.00 in fees for the exchange restart, $260,917.50 relating to potentially overstaffed regulatory analyses, $219,851.00 in fees to monetize coins and value tokens, and $1,739,436.50 in fees for unnecessary work on an alternative plan structure.4 With those express reservations the Fee Examiner recommends Court approval of the Paul Hastings Third Fee Application on an interim basis, subject to the Reserved Issues and as adjusted and outlined on Exhibit A. FTI Consulting, Inc.",/docket/65748821/4492/ftx-trading-ltd/
FTX Trading Ltd.,379964417,"vague,duplication,rates",True,False,"$625,719.00,$75,745.00,$25,767.15,$454,888.00,$204,623.48,$321,930.50,$203,446.00,$119,738.00,$244,326.00,$200,000,$656,808.00,$2,123,368.02,$615,434.00,$137,586.50","22. The Fee Examiner identified a number of areas of concern, including rate increases, retention and fee application time, potential staffing and rate inefficiencies, apparently For the Second Interim Fee Period, the Fee Examiner also designated the following fees as Reserved Issues: $625,719.00 in out-of-cycle rate increases; $75,745.00 for professional fee tracking; $25,767.15 in excessive repetitive billing activities; $454,888.00 for excessive UCC meeting attendance; $204,623.48 for excessive pleading review; $321,930.50 for potential overstaffing on lift stay motions; $203,446.00 for the Chapter 11 examiner appointment and related appeal; $119,738.00 for a dispute over exclusivity; $244,326.00 for potentially duplicative services on a motion to seal; more than $200,000 for arguably duplicative services regarding other cryptocurrency Chapter 11 cases; $656,808.00 for avoidance and preference analysis; $2,123,368.02 for sale-related activities; $615,434.00 related to the exchange restart, and $137,586.50 related to FTX Japan. excessive meeting attendance, and various technical and procedural deficiencies with respect to some time entries (including vague entries).",/docket/65748821/4492/ftx-trading-ltd/
FTX Trading Ltd.,379964417,"duplication,rates",False,False,"$222,678.50,$26,172.50,$245,539.00,$810,291.50,$290,971.90","23. After an exchange of information and discussion about the FTI Third Fee Application, the Fee Examiner has identified the following Reserved Issues: $222,678.50 in fees incurred solely as the result of out-of-cycle billing rate increases, $26,172.50 in fees spent monitoring and projecting professional fees, $245,539.00 in potentially unnecessary and/or duplicative work on a potential exchange restart, $810,291.50 in fees spent developing an alternative plan of reorganization and disclosure statement, and $290,971.90 in third-party legal fees incurred in connection with FTI’s retention.5",/docket/65748821/4492/ftx-trading-ltd/
FTX Trading Ltd.,379964417,"vague,block_billing,duplication,rates",True,False,"$86,653.00,$13,862.00,$135,115.00,$900,000,$58,440.00,$43,119.50,$88,768.50","27. The Fee Examiner identified a number of areas of concern—primarily the firm’s For the First and Second Interim Fee Periods, the Fee Examiner also designated as Reserved Issues: $86,653.00 in out-of-cycle rate increases, $13,862.00 in fees for cataloguing and tracking professional fees, $135,115.00 for preparation of a “fee study,” more than $900,000 in arguably premature or duplicative work on an exchange restart, and $58,440.00 in fees to develop an alternative “compliance framework” for the UCC’s alternative plan structure. continued practice of staffing all case matters with two partners. This included hearing attendance by both partners, as well as technical and procedural deficiencies with respect to certain time entries (including vague and lumped task descriptions). After an extensive exchange of information and discussion, the Fee Examiner has identified the following Reserved Issues: $43,119.50 in fees for extensive attendance on UCC calls and $88,768.50 in arguably excessive monitoring of the Voyager litigation.6",/docket/65748821/4492/ftx-trading-ltd/
FTX Trading Ltd.,379964417,expenses,False,False,,"32. Pursuant to ¶ 9(g) of the Fee Examiner Order, the Fee Examiner will serve this Summary Report by e-mail on counsel for the Debtors, on counsel for the Committee, and each Applicant. The Fee Examiner will also serve this Summary Report upon the U.S. Trustee by e-mail and first-class mail. A copy of this report is available on the website of the Debtors’ notice and claims agent at https://restructuring.ra.kroll.com/FTX/. The Fee Examiner submits that, in light of the nature of this report, no other or further notice need be given. CONCLUSION WHEREFORE, the Fee Examiner respectfully requests the entry of an order, to be submitted by Debtors’ counsel under certification, granting the relief requested and such other and further relief as the Court may deem just and proper. Dated: December 5, 2023. GODFREY & KAHN, S.C. By /s/ Mark W. Hancock Mark W. Hancock (Pro Hac Vice) One East Main Street, Suite 500 Madison, WI 53703 Telephone: (608) 297-3911 E-mail: mhancock@gklaw.com Counsel for Fee Examiner Katherine Stadler ftxfeeexaminer@gklaw.com Fee Examiner 30320374.4 EXHIBIT A In re: FTX Trading Ltd., et al.",/docket/65748821/4492/ftx-trading-ltd/
FTX Trading Ltd.,407954616,"vague,block_billing,duplication",True,False,,"2. In a Letter Report to Paul Hastings, the Fee Examiner identified several areas of concern, including but not limited to potential staffing and rate inefficiencies, excessive meeting 1 The last four digits of FTX Trading Ltd.’s and Alameda Research LLC’s tax identification number are 3288 and 4063 respectively. Due to the large number of debtor entities in these Chapter 11 Cases, a complete list of the Debtors and the last four digits of their federal tax identification number is not provided herein. A complete list of such information may be obtained on the website of the Debtors’ claims and noticing agent at https://cases.ra.kroll.com/FTX. The principal place of business of Debtor Emergent Fidelity Technologies Ltd is Unit 3B, Bryon’s Commercial Complex, Friars Hill Road, St. John’s, Antigua and Barbuda. attendance, and technical and procedural deficiencies in certain time entries (including vague and lumped task descriptions).",/docket/65748821/22511/ftx-trading-ltd/
FTX Trading Ltd.,407954616,expenses,False,False,"$5,950,867.25,$128,879.80,$206,325.25,$105.10,$5,821,987.45,$206,220.15","4. Pursuant to ¶ 9(g) of the Fee Examiner Order, the Fee Examiner will serve this Supplemental Summary Report by e-mail on counsel for the Debtors, on counsel for the Committee, and each Applicant. The Fee Examiner will also serve this Supplemental Summary Report upon the U.S. Trustee by e-mail and first-class mail. A copy of this report is available on the website of the Debtors’ notice and claims agent at https://restructuring.ra.kroll.com/FTX/. The Fee Examiner submits that, in light of the nature of this report, no other or further notice need be given. CONCLUSION WHEREFORE, the Fee Examiner respectfully requests the entry of an order, to be submitted under certification, granting the relief requested and such other and further relief as the Court may deem just and proper. 2 Dated: August 7, 2024. GODFREY & KAHN, S.C. By /s/ Mark W. Hancock Mark W. Hancock (Pro Hac Vice) One East Main Street, Suite 500 Madison, WI 53703 Telephone: (608) 297-3911 E-mail: mhancock@gklaw.com Counsel for Fee Examiner Katherine Stadler ftxfeeexaminer@gklaw.com Fee Examiner 3 31613214.3 EXHIBIT A In re: FTX Trading Ltd., et al. DEB Case No. 22-11068 (JTD) Exhibit A Fifth Interim Fee Period Application Recommended Fee Examiner's Compensation Period Fee Examiner's Interim Fees Interim Expenses Interim Fees Interim Expenses Recommended Applicant Docket Index Recommended Recommended Recommended Requested Requested Expense Filed Date Fee Adjustments for Approval for Approval Adjustments Fifth Interim Fee Period (November 1, 2023 - January 31, 2024) 11/1/2023 - 1/31/2024 Paul Hastings LLP 1 D.I. 9463, 9465 $5,950,867.25 $128,879.80 $206,325.25 $105.10 $5,821,987.45 $206,220.15 Counsel to the Official Committee of Unsecured Creditors 3/15/2024",/docket/65748821/22511/ftx-trading-ltd/
Purdue Pharma L.P.,137196936,vague,True,False,,"6. The Fee Examiner reviewed the Stikeman Elliott Fee Application to ensure compliance with the applicable rules, orders and guidelines. Based on that review, the Fee Examiner generated an interim report that identified the following general issues with the Stikeman Elliott First Interim Fee Application: (a) Vague entries; and (b) Administrative time that may either be excessive or non-compensable.",/docket/16199040/1292/purdue-pharma-lp/
Celsius Network LLC,273242647,"duplication,rates",False,True,,"1. The Court appointed the Fee Examiner on October 20, 2022, to: A. review and assess all Applications filed by Retained Professionals, and the fees and reimbursement of expenses for which allowance is sought pursuant to the Applications for compliance with (1) Bankruptcy Code sections 329, 330 and 331, as applicable, (2) Rule 2016 of the Federal Rules of Bankruptcy Procedure, (3) the Interim Compensation Order (as amended herein), and (4) Local Bankruptcy Rule 2016-1 and the applicable guidelines for compensation; B. prepare reports for the Court to aid in the review and approval of interim and final fee Applications, which may include such matters as the efficiency and reasonableness of staffing and expenses and the appropriateness of periodic increases in hourly rates; C. require applicants for compensation to provide him such supplemental information as he may reasonably require in order to evaluate the reasonableness of any particular fee item; D. conduct such discovery as may be pertinent and necessary to the performance of his other duties and responsibilities after first securing approval of this Court; and E. object to the allowance of fees or expenses sought by any Retained Professional in a fee application on the same grounds as any party in interest in this case, including based on the reasonableness standard provided in Bankruptcy Code § 330.",/docket/63590715/2387/celsius-network-llc/
Celsius Network LLC,273242647,billing_activities,True,False,,"17. Time Detail Review and Fee Applications. As the Court noted in In re Mesa Air Group, Inc., 449 B.R. 441 (Bankr. S.D.N.Y. 2011), “the review and editing of time records—as opposed to fee applications—is not compensable.” Id. at 445, citing In re CCT Commc’ns, Inc., 2010 WL 3386947, at *9 (Bankr. S.D.N.Y. Aug. 24, 2010). The Appendix B Guidelines for Reviewing Applications for Compensation and Reimbursement of Expenses Filed Under United States Code by Attorneys in Larger Chapter 11 Cases (the “U.S. Trustee Guidelines”) ask applicants to answer the question: “Does the fee application include time or fees related to reviewing or revising time records or preparing, reviewing, or revising invoices? (This is limited to work involved in preparing and editing billing records that would not be compensable outside of bankruptcy and does not include reasonable fees for preparing a fee application.) If so, please quantify by hours and fees.” Id. at ¶ C(5)(d). While Mesa Air did not endorse a cap on the amount charged for preparing fee applications, the Court noted that “the 3-5% range is a useful metric.” The Fee Examiner’s process tests each fee application against these standards. In some cases, exceedingly large or small fee requests may limit the utility of the 3-5 percent metric, so the Fee Examiner evaluates the task descriptions and the amount of time expended in comparison to similarly situated professionals to further gauge reasonableness. After applying all of these measures, the Fee Examiner has asked some professionals to adjust their compensation requests to ensure fairness and consistency as well as objective reasonableness.",/docket/63590715/2387/celsius-network-llc/
Celsius Network LLC,273242647,"vague,duplication",True,False,,"18. Duplicative Efforts. One of the Fee Examiner’s primary areas of focus has been the duplication of efforts between and among professionals. For example, when a law firm and a financial advisory firm worked in concert, the Fee Examiner carefully considered instances where financial advisors may have duplicated the efforts of attorneys and vice versa. Similarly, the Fee Examiner asked fee review teams to pay particular attention to whether counsel for the debtors, on the one hand, and counsel for the UCC or Examiner, on the other, may have unnecessarily performed the same work when their interests were aligned. One example is the Core Scientific automatic stay enforcement litigation, which consumed significant time and energy from both the Debtors’ and the UCC’s professionals during the First Interim Fee Period. In most instances, the Fee Examiner has concluded that professionals appropriately divided tasks among firms to avoid duplication wherever possible. Where concerns about duplication remained, the Fee Examiner requested and obtained professional consent for voluntary adjustments to offset the financial impact of any such duplication.",/docket/63590715/2387/celsius-network-llc/
Celsius Network LLC,273242647,multiple_attendees,True,False,,"19. Multiple Attendees - Hearings. The Fee Examiner carefully evaluated professionals’ attendance at hearings. When multiple timekeepers from a single professional firm attended a hearing, counsel reviewed the associated transcripts to identify speaking and participating professionals. When a timekeeper’s role at a hearing was not apparent, the Fee Examiner questioned that timekeeper’s attendance in the Confidential Letter Report and exhibits. In many instances, professionals identified compelling reasons for attendance not immediately apparent from the record. For example, often professionals anticipated a line of questioning or inquiry at a hearing that did not materialize. Nonetheless, the Fee Examiner generally agreed that these professionals needed to prepare for, attend, and be ready to participate in hearings if discrete issues arose. In other instances, the Fee Examiner considered a topic too attenuated to justify a “just-in-case” timekeeper’s attendance, instead asking professionals to waive compensation for a non-participating timekeeper.",/docket/63590715/2387/celsius-network-llc/
Celsius Network LLC,273242647,"multiple_attendees,duplication",True,False,,"20. Multiple Attendees - Meetings and Calls. In the absence of transcripts, the Fee Examiner asked each professional to delineate the role and contribution of each questioned timekeeper attending a meeting or call. At the outset of the case, many professionals appropriately deployed an all-hands approach given the tumult surrounding the filing. The Fee Examiner has advised all professionals that, as the exigencies of the early days give way to more routine proceedings, he expects professionals to be more conservative in staffing meetings and calls.",/docket/63590715/2387/celsius-network-llc/
Celsius Network LLC,273242647,block_billing,True,True,,"22. Guideline Non-Compliance. Most applications presented at least a few instances where tasks or communications were not described with sufficient detail for a reviewer to easily discern their necessity, were not recorded in tenth-hour increments, or were improperly aggregated or “lumped.” The Fee Examiner either negotiated adjustments to offset these deficiencies or obtained supplemental information resolving guideline concerns. The Fee Examiner advised professionals that deductions for guideline violations may increase in future fee periods if deficiencies persist. FRISHBERG FEE OBJECTION",/docket/63590715/2387/celsius-network-llc/
Celsius Network LLC,273242647,billing_activities,True,False,,"26. The recommendations in this report include adjustments to billing reflecting inadequately described tasks, apparently excessive work on a project, or time inappropriately billed in blocks rather than by task. None of the recommendations, however, include a disallowance solely because a timekeeper worked 12 or more hours on a billing day. All such instances were either justified in the fee application, in the supporting time records, in the pleadings of record, or through supplemental documentation and explanation provided to the Fee Examiner.",/docket/63590715/2387/celsius-network-llc/
Celsius Network LLC,273242647,duplication,False,False,,"31. The Fee Examiner’s Confidential Letter Report identified a number of areas of concern, including retention and fee application time, possible overstaffing, apparently excessive meeting and hearing attendance, and potential duplication of another professional’s work. After an extensive exchange of information and discussion, the stipulated adjustments to fees and expenses are sufficient to address the Fee Examiner’s concerns. The Fee Examiner now recommends Court approval of the K&E First Fee Application, as adjusted and outlined on Exhibit A. Akin Gump Strauss Hauer & Feld LLP",/docket/63590715/2387/celsius-network-llc/
Celsius Network LLC,273242647,duplication,False,False,,"36. The Confidential Letter Report identified potential areas of overstaffing, including the participation of multiple timekeepers performing similar tasks on the same litigation matters. The Fee Examiner also questioned Akin Gump’s allocation of work, questioning the need for experienced partners at relatively high billing rates to perform seemingly basic litigation tasks. The Fee Examiner also questioned whether some attorney tasks may more appropriately have been delegated to paraprofessionals. Finally, the Fee Examiner identified several non-compliant expenses—requesting more detail on apparently excessive legal research charges.",/docket/63590715/2387/celsius-network-llc/
Celsius Network LLC,273242647,duplication,False,False,,"37. In response to the Confidential Letter Report, Akin Gump explained and justified some of its staffing decisions and agreed to adjustments for others. Akin Gump also agreed to adjust its expense requests to conform with the Fee Protocol. With these adjustments, the Fee Examiner now recommends Court approval of the Akin Gump First Fee Application as adjusted and outlined on the attached Exhibit A. Alvarez & Marsal North America, LLC",/docket/63590715/2387/celsius-network-llc/
Celsius Network LLC,273242647,duplication,False,False,,"41. The Fee Examiner’s Confidential Letter Report identified apparently inefficient staffing, potentially excessive retention and fee application time, minor guideline issues, and a few non-compliant expense requests. A&M responded with sufficient additional detail to address the Fee Examiner’s concerns and, in several instances, agreed to the downward adjustment of some of its requested fees and expenses. The Fee Examiner is satisfied that the agreed adjustments adequately address all identified issues and now recommends the approval of the A&M First Fee Application as adjusted and outlined on Exhibit A. Centerview Partners LLC",/docket/63590715/2387/celsius-network-llc/
Celsius Network LLC,273242647,billing_activities,True,False,,"48. Consistent with the modified section 330 reasonableness standard outlined in the Centerview Retention Order, the Fee Examiner reviewed Centerview’s summary task descriptions and time records, merely confirming that they conform with the timekeeping practices of similarly situated flat fee professionals.",/docket/63590715/2387/celsius-network-llc/
Celsius Network LLC,273242647,budget_staffing_plan,False,False,,"56. During the First Interim Fee Period, M3 analyzed the Debtors’ schedules and statements of financial affairs, cash flow projections, budgets, assets and liabilities, capital structure, and the terms of potential sale and restructuring transactions. In addition, M3 attended the meetings of creditors and the UCC, identified potential avoidance claims and claims against the Debtors insiders, and assisted White & Case on litigation related to Core Scientific’s alleged breach of the automatic stay.",/docket/63590715/2387/celsius-network-llc/
Celsius Network LLC,273242647,duplication,False,False,,"57. The Fee Examiner’s Confidential Letter Report questioned the time entries of several M3 timekeepers that attended court hearings but did not testify, and isolated time entries that did not comply with the guidelines or were insufficiently detailed. The Fee Examiner also identified minor instances of non-compensable working meals and overhead telecommunications costs. M3 either provided explanation for the participation of apparently duplicative timekeepers or agreed to the disallowance of their fees. M3 accepted the disallowance of non-compensable expenses. With these negotiated adjustments, the Fee Examiner recommends the M3 First Fee Application for approval as outlined on Exhibit A. Perella Weinberg Partners LP",/docket/63590715/2387/celsius-network-llc/
Celsius Network LLC,273242647,billing_activities,True,False,,"65. Consistent with the modified section 330 reasonableness standard outlined in the PWP Retention Order, the Fee Examiner reviewed PWP’s summary task descriptions and time records, confirming that they conform with the timekeeping practices of similarly situated flat fee professionals.",/docket/63590715/2387/celsius-network-llc/
Celsius Network LLC,273242647,billing_activities,True,False,,"71. Elementus principals spent time with the Fee Examiner’s counsel, explaining the firm’s background, its work, and elucidating some of the technical language in the Elementus time records. Through counsel, Elementus also submitted a written response to the Fee Examiner, specifically addressing each fee or expense issue the Fee Examiner identified.",/docket/63590715/2387/celsius-network-llc/
Celsius Network LLC,273242647,billing_activities,True,True,,"85. The Fee Examiner’s Confidential Letter Report to L&W noted the firm’s failure to comply with the Project Billing Format required by paragraph (A)(4) of the Amended Guidelines for Fees and Disbursements for Professionals in Southern District of New York Bankruptcy Cases, General Order M-447. Though L&W states that it worked on more than 20 separate U.S. regulatory and criminal investigations, its time records include only two project categories: “US Investigations Work” and “Retention and Fee Applications.” Many L&W time entries describe tasks such as “prepare work product relating to regulatory investigations,” “analyze regulator communications and draft work product related to same,” or “revise work product relating to document production,” with no other identifying details that could provide context for a reasonableness analysis.",/docket/63590715/2387/celsius-network-llc/
Celsius Network LLC,273242647,"duplication,budget_staffing_plan",False,True,,"The goal is a constructive and collaborative process that aids the Court in reviewing and approving professional fee applications efficiently and promptly. As of today, no professional has submitted an interim fee application, though we have received Monthly Fee Statements and data from some firms. Schedule Pursuant to the contemplated amendment to the Interim Compensation and Fee Examiner Orders, the Fee Examiner’s proposed schedule is outlined below: INTERIM FEE FIRST SECOND THIRD FOURTH PERIOD DATES July 13, 20223 - November 1, March 1, July 1, 2023- October 31, 2022-February 2023-June 30, October 31, 2023 2022 28, 2023 2023 APPLICATION December 15, April 14, 2023 August 14, December 18, DEADLINE 2022 2023 2023 CONFIDENTIAL February 15, May 29, 2023 September 28, January 6, 2024 LETTER REPORT 2023 2023 SUMMARY REPORT Ten days prior Ten days prior Ten days prior Ten days prior to FOR UNCONTESTED to hearing to hearing to hearing hearing APPLICATIONS HEARING DATE April, 2023, July, 2023, November, March, 2024, FOR UNCONTESTED omnibus hearing omnibus 2023, omnibus omnibus hearing APPLICATIONS hearing hearing Budgets & Staffing Plans Retained Professionals, including non-attorney advisors, should comply with the U.S. Trustee Guidelines’ requirement for budgets and staffing plans, using the formats of Exhibits C-1 and C-2 to the U.S. Trustee Guidelines. Fee Review Criteria The Fee Examiner Order provides, among other things, that the Fee Examiner shall determine whether requested fees and expenses comply with: Or the effective date of the professional’s retention. Exhibit C",/docket/63590715/2387/celsius-network-llc/
Celsius Network LLC,273242647,rates,False,True,,"4. Local Bankruptcy Rule 2016-1 and the applicable guidelines for compensation, including the U.S. Trustee Guidelines. Initial Points The guidelines that follow are just that, guidelines and not rigid rules. On the face of the guidelines or as applied in the confidential letter reports that you will receive, the process invites dialogue. The Fee Examiner is well aware that a significant amount of professionals’ work occurred prior to the date of this memorandum. While these parameters are generally consistent with the requirements of the Bankruptcy Code and the U.S. Trustee Guidelines, and accordingly considered standard bankruptcy billing practice, in some instances strict compliance may not be possible. Nevertheless, please try to conform your fee and expense requests to the guidelines below, keeping in mind that significant deviations from the requested formats may result in a delay in processing the application. A number of firms have submitted Monthly Fee Statements pursuant to the Interim Compensation Order. With some exceptions, it will not be our practice to object to monthly statements, in whole or in part. The Fee Examiner may formally or informally object to unusual fees or expenses requested in a Monthly Fee Statement, such as significant transactional or success fees or unusual expenses. Rate Increases The Fee Examiner will monitor compliance with the requirement in Retained Professionals’ retention orders that, prior to any increases in a Retained Professional’s rates for any individual timekeeper, the Retained Professional must file a supplemental declaration with the Court and provide ten business days’ notice to the Debtors, the U.S. Trustee, the Official Committee of Unsecured Creditors, and any other official committee appointed in this case.",/docket/63590715/2387/celsius-network-llc/
Celsius Network LLC,273242647,rates,False,True,,"The supplemental affidavit must explain the basis for the requested rate increases in accordance with 11 U.S.C. §330(a)(3)(F) and state whether the Retained Professional’s client has consented to the rate increase. The U.S. Trustee and Fee Examiner retain all rights to object to any rate increase on all grounds including, but not limited to, the reasonableness standard provided for in 11 U.S.C. § 330. GUIDELINES Contents of Interim Fee Applications Based upon the criteria outlined in the Fee Examiner Order and on the Fee Examiner’s experience, each interim fee application should disclose:",/docket/63590715/2387/celsius-network-llc/
Celsius Network LLC,273242647,"seniority_mismatch,rates",False,False,,"4. A list of all rate increases of any kind—including rate increases due to increasing seniority—by timekeeper and amount, proposed by the Retained Professional since it began working on these cases;",/docket/63590715/2387/celsius-network-llc/
Celsius Network LLC,273242647,rates,False,False,,5. A statement that the Retained Professional’s client has (or has not) explicitly consented to all rate increases;,/docket/63590715/2387/celsius-network-llc/
Celsius Network LLC,273242647,nonworking_travel,True,True,,"7. Time and service entries in the appropriate electronic format, discussed below, identifying participants, activities, and subject matters, arranged by specific project categories, including brief narrative summaries of each project and its benefit to the estate (non-working travel time should be a specific project category);4",/docket/63590715/2387/celsius-network-llc/
Celsius Network LLC,273242647,block_billing,True,False,,"8. Time entries, in tenths of an hour, without “lumping” services together unless the aggregate amount of time spent for those lumped services does not exceed 0.5 hours;",/docket/63590715/2387/celsius-network-llc/
Celsius Network LLC,273242647,"billing_activities,duplication",True,True,,"10. A detailed itemization of actual, necessary expenses. Means of Service Upon the Fee Examiner Interim Fee Applications and supporting data should be provided in the appropriate electronic format (described below) by e-mail to CelsiusFeeExaminer@gklaw.com. In addition, please provide supporting data to the Office of the U.S. Trustee by e-mail to Shara.Cornell@usdoj.gov, Brian.Masumoto@usdoj.gov, and Mark.Bruh@usdoj.gov. Notwithstanding any contrary requirements in the case management procedures, to minimize expense, please DO NOT SERVE HARD COPIES OF FEE APPLICATIONS AND Electronic data should mirror precisely the amounts sought in the interim or final fee application. If write-offs or other adjustments are made to the timekeeping, in the exercise of billing judgment, the electronic data will need to reflect those adjustments. Data submitted on time, complete and consistent with the amounts requested in the application, are all essential to the schedule outlined above. Exhibit C SUPPORTING MATERIALS. Expenses for duplicating or mailing fee applications will be recommended for disallowance. Electronic Data Format for Billing and Expense Detail All fee and expense detail should be submitted only in electronic format. YOU NEED NOT PROVIDE PAPER COPIES OF BILLS OR INVOICES.",/docket/63590715/2387/celsius-network-llc/
Celsius Network LLC,273242647,"overhead_clerical,billing_activities",True,True,$300,"4. When submitting a summary or cover sheet of all individuals who billed time in the Interim Fee Application, the summary should list the individuals alphabetically by last name within their particular category (e.g., all partners should be listed alphabetically). Expenses The parameters set forth here are not hard and fast rules, and the Fee Examiner will consider atypical reimbursement requests that are reasonable, actual, and necessary. With that in mind, the review and analysis generally will follow these principles: Overhead and Administrative Charges • In general, overhead and administrative expenses are not reimbursable, nor are infrastructure improvements, rent, utilities, office equipment, furnishings, insurance, custodial fees, internal storage fees, and property taxes. Exhibit C • Internal photocopying is reimbursable at 10 cents per page for black and white and, where color copies are necessary, 50 cents per page. Please provide vendor invoices for outside photocopying projects in excess of $300. • Charges for internal printing, converting documents to electronic formats, scanning charges, and charges to convert and upload documents are not reimbursable. • Word processing, proofreading, secretarial and other support expenses are not reimbursable, nor are overtime charges. • Telephone charges—including cellular phone fees and subscriptions, text fees, data fees, and roaming charges, other than actual charges for multi-party calls incurred by counsel in connection with the cases—are not reimbursable. • Subscription, publication, or library charges are not reimbursable, nor are office supplies.",/docket/63590715/2387/celsius-network-llc/
Celsius Network LLC,273242647,expenses,False,True,"$300.00,$600.00","Travel Expenses • Meetings should be conducted telephonically or by video conference wherever possible. • Clothing, dry-cleaning, accessories, and travel sundries are not reimbursable. • Local travel expenses (train, bus, subway, mileage, car service, taxi) to or from a professional’s home are not reimbursable unless a professional has worked at least four hours on these cases on the day for which the expense is sought and works after 9:00 p.m. local time on these cases. • Ground transportation to or from airports from a city center to an appropriate airport will be reimbursable at the actual cost of an Uber, Lyft, or taxi. Those preferring to use private car service should not seek reimbursement for those charges. • While professionals are free to travel in any manner they wish, the Fee Examiner will not recommend reimbursement for first or business class travel within the United States. Business class travel is allowable for case-related airline trips outside the United States. Please provide receipts for any travel expense exceeding $300.00. • Tips or other service charges are reimbursable only if part of another itemized expense (for example, taxi or rideshare gratuity included on the receipt). Documented wait staff tips are reimbursable up to the applicable expense caps outlined below. Housekeeping, valet, concierge, and bell services tips are not reimbursable. • Hotel expenses should be limited to reasonable market rates for the locale, and in any event will not be reimbursed above $600.00. Taxes, service fees, and other charges Exhibit C are included in this reimbursement cap. Health or athletic facilities, in-room movies, or other entertainment charges are not reimbursable. In addition, in-room dining or other hotel food and beverage charges are subject to the meal guidelines in this memorandum.",/docket/63590715/2387/celsius-network-llc/
Celsius Network LLC,273242647,"billing_activities,expenses",True,True,"$40.00,$60.00,$300.00","Meals • In-office meals are capped at $40.00 per person per meal and are reimbursable if: o The professional attends a necessary lunch-hour business meeting; or o The professional works on these cases after 8:00 p.m. and has worked more than four hours on these cases during the billing day for which meal reimbursement is sought. • Coffee and snack charges are not reimbursable unless charged in lieu of in office meals allowable under the above-stated guideline. • All catering orders must be supported by receipts or invoices. Catering expenses (internal and external) must indicate both the number of persons actually attending a business meeting and the amount charged per person. • Out-of-office meals are capped at $60.00 per person per meal, reimbursable only if the professional has travelled to prepare for or attend a hearing, client or third-party meeting, or other event. If a professional’s attendance at a hearing, meeting, or other event is unnecessary, the Fee Examiner will recommend both the professional’s fees and associated travel and meal expenses for disallowance. • Regardless of the number of attendees, please provide receipts for any single meal costing more than $300.00 in the aggregate. • Alcohol is never reimbursable. Note that the meal reimbursement cap is not a per diem. Applicants may be reimbursed for either the actual cost of the meal, or the reimbursement cap, whichever is less. Other Expenses • Contract attorneys are reimbursable at their actual cost (that is, the rate charged by the agency or other provider placing the attorneys) without markup. Professionals should submit detailed billing statements for all contract attorneys, who are subject to the same standards of review for detail, accuracy and, ultimately, reasonableness as any other professional. • In general, Retained Professionals should not submit reimbursement requests for any other firm’s professional (legal, financial advisory, investment banking, or accounting) services.",/docket/63590715/2387/celsius-network-llc/
Celsius Network LLC,273242647,"vague,block_billing,time_increments,overhead_clerical,billing_activities,rates",True,False,,"Fee Examiner Analysis of Billing Detail The Fee Examiner’s review is both quantitative and qualitative, including, at a minimum and without limitation, examining: The hourly rates charged: • Ensure that billing rates for each professional are the rates approved in the applicable engagement agreement, retention order, or supplement; • Evaluate reasonableness of rates and the time spent in relation to the nature and character of the work and each professional’s role and experience; • Calculate blended rates; Exhibit C • Evaluate multiple rates billed to particular projects; and, • Eliminate charges for work performed by law students, interns, law clerks, and or summer associates. Hours billed: • Evaluate hours billed against any limitations in the engagement agreement or retention order; • Analyze average billable hours each day and identify extended periods of above average billing days; • Calculate fees or billable hours for preparation of firm retention documents and fee applications as a percentage of total fees and hours—time spent preparing and editing time records is never compensable; • Evaluate legal research to determine whether it is being conducted appropriately and at the lowest appropriate rate; • Review clerical and administrative tasks to determine either the propriety of the billing rate for the task or whether the task is non-compensable; • Ensure that time is billed in one-tenth of an hour increments unless a retention order permits another time increment; • Identify vague task descriptions that do not permit a reviewer to determine the task’s necessity; • Identify improperly “lumped” or “block billed time”; • Ensure the use of properly segregated matter numbers for project categories, generally consistent with the following, where applicable: o Financing and Cash Collateral o Communications with Creditors/debtors o Customer and Vendor Communications o Hearings o Committee or Board Meetings o U.S.",/docket/63590715/2387/celsius-network-llc/
Celsius Network LLC,273242647,budget_staffing_plan,False,True,,"Trustee Communications o Business Operations Exhibit C o Bitcoin Mining and Crypto Matters o Custody and Withhold Matters o Chapter 11 Examiner o Asset analysis and disposition o Asset valuation o Due diligence-investigation and analysis of loan and other security documents o Automatic stay matters o Utility and adequate protection matters o Employee issues o Insurance issues o SOFAs, Schedules, and Reports o Assumption and rejection of leases or executory contracts o Avoidance actions (significant avoidance actions should have their own matter identifier) o Budgeting o Business operations o Case administration o Claims and claims objections o Communications with the U.S.",/docket/63590715/2387/celsius-network-llc/
Celsius Network LLC,273242647,"multiple_attendees,nonworking_travel,duplication",True,True,,"Trustee o Communications with pro se parties o Governance matters o Retention applications and disclosures-self o Retention applications and disclosures-others o Fee applications-self o Fee applications-others o Litigation (each litigation matter should have its own matter identifier) o Non-working travel o Plan and disclosure statement o SEC Investigation o State attorney general investigations (each state investigation should have its own matter identifier) Exhibit C o Tax issues (individual governmental entity audits should have their own matter identifiers) o Monitoring or participating in related cryptocurrency bankruptcy proceedings • Identify meetings, hearings, or other events attended by an excessive number of timekeepers given the nature of the hearing or meeting and the necessity of multiple attendees; • Ensure that non-working travel is billed only at 50 percent of the timekeeper’s standard hourly rate; • Identify all calculation or billing errors; • Identify instances of duplication or overlap in work performed by multiple Retained Professionals; • Ensure that tasks are appropriately delegated to the professional with the lowest suitable billing rate for the task performed; • Evaluate time spent monitoring or overseeing others’ work without substantial contribution to work product; and • Waiting time or “standby time” is not reimbursable. Fee Examiner Contacts We look forward to working you and trust that this memorandum will begin an open and productive dialogue with professionals subject to the Fee Examiner Order. The Fee Examiner and counsel can be reached using the contact information below. Please do not hesitate to contact the Fee Examiner’s counsel if you have comments, questions or concerns about the fee review process. Attorneys: Katherine Stadler kstadler@gklaw.com Mark Hancock mhancock@gklaw.com Data Specialist/Attorney: W. Andrew Dalton adalton@gklaw.com Paralegal: Kathleen Boucher kboucher@gklaw.com Exhibit C Fee Examiner Christopher S.",/docket/63590715/2387/celsius-network-llc/
Celsius Network LLC,410541803,"block_billing,duplication",True,False,"$1,141,934.75,$891,934.75,$891,934.75,$891,934.75,$26,387.69,$26,387.69","8. The Fee Examiner identified some irregularities in the Amended Application, including inconsistently recorded calls and meetings, improper time increments, block or lumped billing, apparently duplicative time entries, and undocumented expenses. In response, the Applicant provided additional explanation and documentation addressing some of the identified issues and agreed to consensual adjustments to fees in other instances. The Fee Examiner now recommends Court approval of the Amended Application with the negotiated adjustments outlined on Schedules A and B. CONCLUSION WHEREFORE, the Fee Examiner respectfully requests the entry of the order, substantially in the form annexed hereto as Attachment 1, granting the relief requested and such other and further relief as the Court may deem just and proper. Dated: September 3, 2024. Counsel to the Fee Examiner GODFREY & KAHN, S.C. /s/ Katherine Stadler Katherine Stadler One East Main Street, Suite 500 Madison, WI 53703 Telephone: (608) 297-3911 Email: kstadler@gklaw.com Case No.: 22-10964 (MG) CURRENT FEE PERIOD1 Schedule A Case Name: Celsius Network, LLC et al. August 1, 2023-November 9, 2023 (1) (2) (3) (4) (5) (6) (7) (8) (9) Applicant Date/Document Interim Fees Fees Allowed Fees to be Fees to be Paid Total Fees to Interim Expenses to be Paid Number of Requested on Paid for for Prior Fee be Paid Expenses for Current Fee Application Application Current Fee Period(s) (if Requested Period Period any) (i.e., Holdback Release) 01/18/2024 Dkt. No. 4264 07/26/2024 RSM US LLP Dkt. No. 75552 $1,141,934.75 $891,934.75 $891,934.75 0 $891,934.75 $26,387.69 $26,387.69 DATE ON WHICH ORDER WAS SIGNED: INITIALS: USBJ RSM US LLP did not file monthly or interim fee applications. Dkt. No. 7555 amended and restated Dkt. No. 4264. Case No.: 22-10964 (MG) FINAL FEE APPLICATION TOTALS Schedule B Case Name: Celsius Network, LLC et al.",/docket/63590715/7663/celsius-network-llc/
Celsius Network LLC,378641330,duplication,False,False,,"7. The Fee Examiner continued to identify and quantify the issues outlined during the prior interim fee periods, including non-compensable time detail review, possible duplication of efforts, multiple attendance at hearings and meetings, and fee guideline non-compliance. See First Fee Examiner Summary Report at ¶¶ 15-22. UNCONTESTED APPLICATIONS RECOMMENDED FOR COURT APPROVAL WITH ADJUSTMENTS DEBTOR PROFESSIONALS Kirkland & Ellis LLP and Kirkland & Ellis International LLP",/docket/63590715/4013/celsius-network-llc/
Celsius Network LLC,378641330,"vague,duplication",True,False,,"10. The Fee Examiner’s Confidential Letter Report identified a number of areas of concern, including a potentially excessive number of attendees at hearings, vague entries, and overall staffing on certain matters.",/docket/63590715/4013/celsius-network-llc/
Celsius Network LLC,378641330,"vague,block_billing",True,False,,"25. The Fee Examiner’s Confidential Letter Report identified vague and/or block billed time, potentially excessive time spent on litigation support, and time spent monitoring other crypto bankruptcies. A&M responded with sufficient additional detail to address some of the Fee Examiner’s concerns and agreed to the downward adjustment of its requested fees and expenses with respect to others. The Fee Examiner is satisfied that the agreed adjustments address all identified issues and now recommends the approval of the A&M Third Fee Application as adjusted and outlined on Exhibit A. Centerview Partners LLC",/docket/63590715/4013/celsius-network-llc/
Celsius Network LLC,378641330,"block_billing,transitory_timekeepers",True,False,,"32. The Fee Examiner issued a consolidated Confidential Letter Report to EY LLP, identifying instances of block billing and transitory timekeepers. EY LLP provided adequate explanation for some issues identified and accepted the Fee Examiner’s proposed adjustments for others. With the negotiated adjustments outlined on Exhibit A, the Fee Examiner recommends Court approval of the EY LLP Third Fee Application. Stout Risius Ross, LLC",/docket/63590715/4013/celsius-network-llc/
Celsius Network LLC,378641330,"vague,block_billing,billing_activities,duplication",True,False,,"38. In a consolidated letter report to SRR, the Fee Examiner identified certain block billing, vague time entries, routine invoicing, time increments, and potential inefficient staffing. In response, SRR provided satisfactory explanation of the issues identified or agreed to recommended adjustments to the requested fees to offset any potential overcharge to the estates.",/docket/63590715/4013/celsius-network-llc/
Celsius Network LLC,378641330,duplication,False,False,,"45. The Fee Examiner’s Confidential Letter Report questioned the time entries of several M3 timekeepers attending the auction, and isolated time entries that did not comply with the guidelines or were insufficiently detailed. The Fee Examiner also identified minor non-compensable expenses. M3 either provided explanation for the participation of apparently duplicative timekeepers or agreed to the disallowance of their fees and accepted the disallowance of non-compensable expenses. With these negotiated adjustments, the Fee Examiner recommends the M3 Third Fee Application for approval as outlined on Exhibit A. Perella Weinberg Partners LP",/docket/63590715/4013/celsius-network-llc/
Celsius Network LLC,378641330,billing_activities,True,False,,"49. The Fee Examiner’s Confidential Letter Report identified minor expense guideline issues necessitating adjustment or disallowance, to which PWP has agreed. Consistent with the modified section 330 reasonableness standard outlined in the PWP Retention Order, see id., the Fee Examiner reviewed PWP’s summary task descriptions and time records, confirming that they conform with the timekeeping practices of similarly situated flat fee professionals.",/docket/63590715/4013/celsius-network-llc/
Celsius Network LLC,362590600,duplication,False,False,,"7. The Fee Examiner continued to identify and quantify the issues outlined during the prior interim fee period, including the participation of pro se creditors and interested parties, non-compensable time detail review, duplication of efforts, multiple attendance, and fee guideline non-compliance. See First Fee Examiner Summary Report at ¶¶ 15-22. UNCONTESTED APPLICATIONS RECOMMENDED FOR COURT APPROVAL WITH ADJUSTMENTS DEBTOR PROFESSIONALS Voyager Litigation",/docket/63590715/2975/celsius-network-llc/
Celsius Network LLC,362590600,duplication,False,False,,"14. In addition to the Voyager issue, the Fee Examiner’s Confidential Letter Report identified a number of areas of concern, including substantive regulatory work potentially duplicative of the work of another firm.",/docket/63590715/2975/celsius-network-llc/
Celsius Network LLC,362590600,"vague,block_billing",True,False,,"23. The Fee Examiner’s Confidential Letter Report identified vague and/or block billed time, potentially excessive time spent on litigation support, and time spent monitoring other crypto bankruptcies. A&M also incurred modest fees in pursuit of the Voyager claim. A&M responded with sufficient additional detail to address some of the Fee Examiner’s concerns and agreed to the downward adjustment of its requested fees and expenses with respect to others, including the Voyager issue. The Fee Examiner is satisfied that the agreed adjustments adequately address all identified issues and now recommends the approval of the A&M Second Fee Application as adjusted and outlined on Exhibit A. Centerview Partners LLC",/docket/63590715/2975/celsius-network-llc/
Celsius Network LLC,362590600,duplication,False,False,,"33. The Fee Examiner’s Confidential Letter Report identified potential duplication of efforts on the part of two senior timekeepers in monitoring the FTX docket. In response to these observations, A.M. Saccullo provided additional explanation of its staffing model and agreed to modest deductions from requested fees. With the negotiated adjustments outlined on Exhibit A, the Fee Examiner recommends Court approval of the A.M. Saccullo First Fee Application. Ernst & Young, LLP",/docket/63590715/2975/celsius-network-llc/
Celsius Network LLC,362590600,"block_billing,transitory_timekeepers",True,False,"$105,000","38. The Fee Examiner issued a consolidated Confidential Letter Report to E&Y addressing both the E&Y First and Second Fee Applications, identifying instances of block billing and transitory timekeepers. The Fee Examiner also noted that E&Y failed to include $105,000 in fixed fees for 2021 compliance work in its fee application. E&Y provided adequate explanation for some issues identified and accepted the Fee Examiner’s proposed adjustments for others. E&Y also agreed to supplement the record with an interim fee application requesting the previously omitted compliance fees. With the negotiated adjustments outlined on Exhibit A, the Fee Examiner recommends Court approval of the E&Y First and Second Fee Applications. OFFICIAL COMMITTEE OF UNSECURED CREDITORS’ PROFESSIONALS White & Case, LLP",/docket/63590715/2975/celsius-network-llc/
Celsius Network LLC,362590600,duplication,False,False,,"44. The Fee Examiner’s Confidential Letter Report questioned the time entries of several M3 timekeepers that attended court hearings but did not participate, and isolated time entries that did not comply with the guidelines or were insufficiently detailed. The Fee Examiner also identified minor non-compensable expenses. M3 either provided explanation for the participation of apparently duplicative timekeepers or agreed to the disallowance of their fees and accepted the disallowance of non-compensable expenses. With these negotiated adjustments, the Fee Examiner recommends the M3 Second Fee Application for approval as outlined on Exhibit A. Perella Weinberg Partners LP",/docket/63590715/2975/celsius-network-llc/
Celsius Network LLC,362590600,billing_activities,True,False,,"48. The Fee Examiner’s Confidential Letter Report identified minor expense guideline issues necessitating adjustment or disallowance, to which PWP has agreed. Consistent with the modified section 330 reasonableness standard outlined in the PWP Retention Order, see id., the Fee Examiner reviewed PWP’s summary task descriptions and time records, confirming that they conform with the timekeeping practices of similarly situated flat fee professionals.",/docket/63590715/2975/celsius-network-llc/
Celsius Network LLC,362590600,"duplication,rates",False,False,,"68. In Confidential Letter Reports on the Jenner First and Second Fee Applications, the Fee Examiner identified issues including potentially excessive staffing, multiple attendance at witness interviews, hourly rate increases, and the overall expense of the Examiner engagement as compared to the estimates provided. See Amended Work Plan of Shoba Pillay, Examiner [Dkt. No. 1438-1] at 29.",/docket/63590715/2975/celsius-network-llc/
Celsius Network LLC,362590600,duplication,False,False,,"69. In response, Jenner provided extensive explanation and documentation of its staffing model and individual staffing decisions, as well as substantial detail on issues arising during the examination, including documents initially withheld from the Examiner necessitating duplicative document review and witness interviews. The Fee Examiner looked very carefully at the Examiner’s fees, deferring consideration of the First Jenner Fee Application to allow for a more holistic and retrospective review of the entire Examiner engagement.",/docket/63590715/2975/celsius-network-llc/
Celsius Network LLC,362590600,duplication,False,False,,"71. While Jenner agreed to accept adjustments to its fees in response to some of the Fee Examiner’s concerns, the Fee Examiner was generally satisfied that any overstaffing and cost overruns were well justified by the momentous circumstances surrounding these cases and the breadth of the Examiner’s mandate. As such, the Fee Examiner now recommends Court In light of the Examiner’s April 4, 2023 discharge, the Fee Examiner agreed that Jenner could include the month of March 2023 in its Second Interim Fee Period application. approval of the Jenner First and Second Fee Applications with the adjustments outlined on Exhibit A to this report. FEE APPLICATIONS RECOMMENDED FOR DEFERRAL Latham & Watkins LLP",/docket/63590715/2975/celsius-network-llc/
Celsius Network LLC,395317390,"vague,duplication",True,False,,"17. The Fee Examiner’s Confidential Letter Report identified a number of areas of concern, including a potentially excessive number of attendees at hearings, vague entries, and overall staffing on certain matters.",/docket/63590715/4835/celsius-network-llc/
Celsius Network LLC,395317390,"vague,block_billing",True,False,,"33. The Fee Examiner’s Confidential Letter Report identified vague and/or block billed time, potentially excessive time spent at team meetings, over-attendance at hearings, and non-compensable expenses. A&M responded with sufficient additional detail to address some of the Fee Examiner’s concerns and agreed to the downward adjustment of its requested fees and expenses with respect to others. The Fee Examiner is satisfied that the agreed adjustments address all identified issues and now recommends the approval of the A&M Fourth Fee Application as adjusted and outlined on Exhibit A.",/docket/63590715/4835/celsius-network-llc/
Celsius Network LLC,395317390,"transitory_timekeepers,duplication",False,False,,"45. The Fee Examiner’s letter report to EY LLP identified excessive meeting attendance, block and double billing, transitory timekeepers, and inefficient staffing. EY LLP provided adequate explanation for some issues identified and accepted the Fee Examiner’s proposed adjustments for others. With the negotiated adjustments outlined on Exhibit A, the Fee Examiner recommends Court approval of the EY LLP Fourth Fee Application.",/docket/63590715/4835/celsius-network-llc/
Celsius Network LLC,395317390,"vague,billing_activities",True,False,,"48. During the Fourth Interim Fee Period, SRR provided valuation testimony in support of plan confirmation. In a letter report to SRR, the Fee Examiner identified vague time entries, non-compensable services, and routine invoicing. In response, SRR provided satisfactory explanation of the issues identified or agreed to recommended adjustments to the requested fees to offset any potential overcharge to the estates.",/docket/63590715/4835/celsius-network-llc/
Celsius Network LLC,395317390,"vague,block_billing",True,False,,"58. In the letter report to Stretto, the Fee Examiner identified block billing, vague and repetitive task descriptions, and possible double billing as areas of concern. In response, Stretto either provided supplemental explanation or agreed to adjustments that resolve the Fee Examiner’s concerns. The Fee Examiner recommends Court approval of the Stretto Final Fee Application, as adjusted, on an interim basis as outlined on Exhibit A and on a final basis as outlined on Exhibit B. Willis Towers Watson US LLC",/docket/63590715/4835/celsius-network-llc/
Celsius Network LLC,395317390,"vague,billing_activities",True,False,,"64. While the WTW Retention Order authorized WTW to maintain time records in .25-hour increments, some WTW time entries were vague, block-billed, or missing narrative descriptions. The adjustments the Fee Examiner would have recommended to address these concerns were less than the 50 percent disallowance that WTW already accepted to resolve the U.S. Trustee Disgorgement Motion. As such, the Fee Examiner recommends Court approval of the WTW Final Fee Application, without further adjustment, on both an interim and final basis as outlined on Exhibits A and B. OFFICIAL COMMITTEE OF UNSECURED CREDITORS’ PROFESSIONALS White & Case, LLP",/docket/63590715/4835/celsius-network-llc/
Celsius Network LLC,395317390,overhead_clerical,True,False,,"67. The Fee Examiner’s Confidential Letter Report identified a number of administrative tasks, potential over-attendance at hearings and meetings, and certain minor non- compensable expenses. White & Case explained the tasks performed and the need for attendance of some questioned timekeepers and agreed to the disallowance of fees for other matters. With the negotiated adjustments outlined on Exhibit A, the Fee Examiner recommends Court approval of the White & Case Fourth Fee Application.",/docket/63590715/4835/celsius-network-llc/
Celsius Network LLC,395317390,"block_billing,transitory_timekeepers",True,False,,"70. The Fee Examiner’s Confidential Letter Report identified block billing, a potentially transitory timekeeper, possible over-attendance at hearings and depositions, and work on the composition of the NewCo Board, and non-compensable expenses as areas of concern. M3 either provided explanation for the questioned matters or agreed to the disallowance of their fees and accepted the disallowance of non-compensable expenses. With these negotiated adjustments, the Fee Examiner recommends the M3 Fourth Fee Application for approval as outlined on Exhibit A.",/docket/63590715/4835/celsius-network-llc/
Celsius Network LLC,395317390,"time_increments,billing_activities",True,False,,"96. The RSM Retention Order makes clear that “RSM shall include in its fee applications, among other things, contemporaneous time records setting forth a description of the services rendered by each professional and the amount of time spent on each date by each such individual in rendering services on behalf of the Debtors in one-tenth-hour increments.” Dkt. No. 3715 at 3. The Retention Application also emphasized that RSM would bill the Debtors “based on actual time spent” on the services provided. Dkt. No. 3487 at 6.",/docket/63590715/4835/celsius-network-llc/
Celsius Network LLC,395317390,"vague,billing_activities",True,False,,"97. Notwithstanding these requirements, RSM timekeepers did not maintain contemporaneous time records and did not record time in tenth-hour increments. Most of the RSM timekeeping, to the extent it existed at all, is plagued with block-billed, vague, and double- billed time entries. The Fee Examiner raised these issues in the letter report issued to RSM, but to date, RSM has not responded.",/docket/63590715/4835/celsius-network-llc/
Celsius Network LLC,403213963,"block_billing,time_increments",True,False,,"3. In the intervening months, the Fee Examiner and counsel completed review of the Fischer Final Fee Application, identifying several lumped or block-billed time entries and several timekeepers billing in half- or whole-hour increments with unusual frequency. The Fee Examiner recommended, and Fischer has agreed to adjustments to offset the impact of these billing irregularities.",/docket/63590715/4970/celsius-network-llc/
Energy Future Holdings Corp.,3161244,multiple_attendees,True,False,,"Kirkland requested that the Court consider its application at a hearing on January 26, 2015, at 12:00 p.m.1 As Debtors’ counsel, Kirkland’s application accounts for approximately 41 percent of the total fees and expenses requested by all of the estate-retained professionals incurred during the Fee Period. The discussions with Kirkland were candid, open and cooperative. The Fee Committee’s review has been rigorous, involving a line-by-line, quantitative, qualitative, and comparative analysis of the First Fee Application. Among other things, the Fee Committee identified significant issues concerning multiple professionals attending hearings and depositions and non-compensable administrative charges. Always subject to close scrutiny, expenses also have been reduced as a result of the discussion process. The adjustments described in this report were negotiated and compromised in good faith and with the goal of a consensual resolution, if possible. With the adjustments on Exhibit A, the Fee Committee has no objection to the Court’s approval of Kirkland’s first interim fees and expenses. The Fee Committee respectfully recommends that the Court allow the compensation sought in the First Fee Application, with the adjustments set forth in Exhibit A, and direct the Debtors to pay these amounts on or before January 31, 2015. BACKGROUND",/docket/4215726/3356/energy-future-holdings-corp/
Energy Future Holdings Corp.,3161244,multiple_attendees,True,False,,"15. Multiple Attendees. The Fee Committee is very concerned with the issue of multiple professional attendance at hearings, meetings and depositions. Each hearing, meeting, deposition, and other event has included dozens of lawyers and professionals billing time to the estates. Although not all professionals are paid with estate funds, the significance of this issue is manifest at most every hearing and deposition in these cases. See, e.g., In re Fleming Cos., Inc., 34 B.R. 85, 91 (Bankr. D. Del. 2003) (reducing fees and expenses in part because “five to six attorneys representing the Debtors [appeared] at every hearing during the period covered by the first interim fee applications.”).",/docket/4215726/3356/energy-future-holdings-corp/
Energy Future Holdings Corp.,3161244,vague,True,True,,"17. Vague Task Descriptions. To be compensable, all time entries should be sufficiently detailed to allow a reviewer to determine their compliance with applicable Code sections, rules, standards, and guidelines. Time entries for telephone calls, letters, and other communications should give sufficient detail to identify the parties to and the nature of the communication, such that they demonstrate compliance with 11 U.S.C. § 330. In addition, professionals should identify the final intended work product or purpose and identify the documents (or data) being reviewed, edited or analyzed so that the services may be evaluated for reasonableness. Professionals should identify the specific services provided—such as drafting, editing or conferencing—rather than relying upon generic terms like “Work on” or “Attention to.” See Local Rule 2016-2(d); see, e.g., In re CCT Commc’ns, No. 07-10210, 2010 WL 3386947, at *8 (Bankr. S.D.N.Y. Aug. 24, 2010).",/docket/4215726/3356/energy-future-holdings-corp/
Energy Future Holdings Corp.,3161244,vague,True,False,,18. Kirkland acknowledged certain vague timekeeping entries and agreed to a corresponding adjustment and to minimize the problem in subsequent fee applications. All Retained Professionals have been advised that any use of vague task descriptions in subsequent fee applications will be subject to a percentage or total reduction.,/docket/4215726/3356/energy-future-holdings-corp/
Energy Future Holdings Corp.,3161244,"vague,overhead_clerical",True,False,,"19. Administrative Tasks and Expenses. The Fee Committee examined the First Fee Application to identify tasks that, in substance, are properly characterized as administrative regardless of the descriptive phrase used in the time detail. Those tasks include duties appropriate for staff, such as word processing, proofreading, filing, maintaining contact and service lists, and other secretarial tasks. U.S.T. Guidelines § (B)(3)(e); see also, e.g., In re Fibermark, Inc., 349 B.R. 385, 396 (Bankr. D. Vt. 2006). The Fee Committee notes that Kirkland employs no fewer than seven categories of paraprofessionals, some titled “Legal Assistant” or “Project Assistant.” These job titles, coupled with vague time entries, caused the Fee Committee to conclude that many of the tasks performed in this category were administrative or clerical. To the extent administrative tasks and similar overhead were identified, Kirkland adjusted its fee requests to eliminate fees and expenses.",/docket/4215726/3356/energy-future-holdings-corp/
Energy Future Holdings Corp.,3161244,transitory_timekeepers,False,False,,"20. Transitory Billers. Certain timekeepers—based on their task descriptions— appear to have had only very high level or, alternatively, tangential involvement in these cases. This category of “transitory” timekeepers includes those whose time detail does not provide a basis to conclude that the timekeeper contributed any benefit to the estate. For example, transitory time includes time spent reviewing court filings or the work of others, or participating in meetings and calls, with no apparent contribution to the Retained Professional’s work.",/docket/4215726/3356/energy-future-holdings-corp/
Energy Future Holdings Corp.,3161244,transitory_timekeepers,False,False,,"21. With respect to these transitory billers, Kirkland either provided satisfactory supplemental information illuminating the timekeeper’s role or agreed to remove charges.",/docket/4215726/3356/energy-future-holdings-corp/
Energy Future Holdings Corp.,3161244,duplication,False,False,,"22. Duplication and Overlap. The Fee Committee is very concerned about the possibility of overlapping work or duplication with respect to some Retained Professionals, especially since the number of estate-retained professionals has more than doubled since the Fee Committee’s appointment. The Fee Committee has particularly scrutinized work that apparently mirrors that of other professionals, by reviewing the professionals’ retention orders and where necessary, requesting supplemental explanations delineating the differing roles of each professional. The Fee Committee also has asked, consistent with the terms of each retention order, that professionals identify, with specificity, the measures in place to prevent duplication of efforts. The Fee Committee did not identify non-compensable duplicative time entries in the First Fee Application.",/docket/4215726/3356/energy-future-holdings-corp/
Energy Future Holdings Corp.,3161244,rates,False,False,"$776,263","24. Rate Increases. Kirkland charged the estates $776,263 in fees solely attributable to professionals’ rate increases since the commencement of these cases. The Fee Committee is formulating a comprehensive policy on rate increases that it will apply to all professionals for all fee periods in these cases. While no deduction for rate increases is reflected in Exhibit A, the Fee Committee has reserved its right to request deductions based on rate increases—in the first or any subsequent fee period—at any time, up to and including consideration of firms’ final fee applications.",/docket/4215726/3356/energy-future-holdings-corp/
Energy Future Holdings Corp.,3161244,expenses,False,False,"$500,$350,$20,$40","25. Expenses. The stipulated deductions for expenses included expenses that exceeded applicable case maximums. These deductions include: travel in other than coach class, hotels in excess of the applicable maximum ($500 per night in New York City and $350 per night elsewhere), unjustified use of car services for local travel, and meals and catering expenses charged at improper times or in excess of the $20 and $40 per person caps. Additionally the adjustment includes deductions for expenses considered administrative overhead, expenses associated with timekeepers for whom there were no corresponding fees, and deductions for computerized legal research. Kirkland also agreed to make an adjustment for expenses charged by timekeepers whose attendance at an event has been deemed non-compensable consistent with paragraphs 15-16, above. Kirkland either provided supporting documentation to establish compliance with the Fee Committee Standards or agreed to a decrease in expense reimbursement to comply with the guidelines. Adjustments to the First Fee Application made in light of these principles are included in Exhibit A. CONCLUSION For all of the reasons detailed above, the Fee Committee has determined that the reductions outlined here adequately address deficiencies in the First Fee Application, such that the proposed amount of allowed fees and expenses complies with the provisions of the Bankruptcy Code and Rules, and the Court’s, the U.S. Trustee’s and the Fee Committee’s guidelines. Therefore, the Fee Committee respectfully recommends that the Court allow the fees and expenses requested in the First Fee Application, subject to the negotiated resolutions set forth on Exhibit A, and direct the Debtors to pay the respective balances owed to Kirkland on or before January 31, 2015. Dated: January 23, 2015. PHILLIPS, GOLDMAN & SPENCE, P.A. By: /s/ Aaron C. Baker Aaron C. Baker (Bar No. 5588) Stephen W. Spence (Bar No. 2033) PHILLIPS, GOLDMAN & SPENCE, P.A. 1200 N.",/docket/4215726/3356/energy-future-holdings-corp/
Energy Future Holdings Corp.,380003130,overhead_clerical,True,False,"$69,282,894.90,$7,873,205.12,$2,237,715.25,$249,275.69,$71,520,610.15,$61,409,689.78,$1,988,439.56,$63,398,129.34,$60,379.00,$355.50,$60,134.00,$320.70,$10,934.00,$30.60,$10,899.00,$30.60,$38,965.00,$74.20,$38,660.00,$74.20,$32,390.00,$89.70,$32,390.00,$89.70,$28,979.00,$84.10,$28,979.00,$84.10,$24,142.40,$115.25,$24,142.40,$115.25,$34,704.50,$1,083.70,$34,704.50,$1,083.70,$21,358.00,$209.55,$21,323.00,$209.55,$251,231.90,$2,007.80,$257,887.50,$3,155.60,$34.80,$254,731.90,$2,007.80,$620,$2,535.60","Cumulative Totals $69,282,894.90 $7,873,205.12 $2,237,715.25 $249,275.69 $71,520,610.15 $61,409,689.78 $1,988,439.56 $63,398,129.34 BIELLI & KLAUDER, LLC INTERIM FEE APPLICATION SUMMARY Application Interim Amounts Requested Amounts Approved Interim and Docket Compensation Order Date Number Period & Fees Expenses Fees Expenses and Docket Dates Number First Fifth $60,379.00 $355.50 $60,134.00 $320.70 6/27/2016 [D.I. 8824] [D.I. 7847] 10/1/2015 to 12/31/2015 Second Sixth $10,934.00 $30.60 $10,899.00 $30.60 10/27/2016 [D.I. 9963] [D.I. 8719] 1/1/2016 to 4/30/2016 Third Seventh $38,965.00 $74.20 $38,660.00 $74.20 3/28/2017 [D.I. 11071] [D.I. 9829] 5/1/2016 to 8/31/2016 Fourth Eighth $32,390.00 $89.70 $32,390.00 $89.70 7/10/2017 [D.I. 11437] [D.I. 10832] 9/1/2016 to 12/31/2016 Fifth Ninth $28,979.00 $84.10 $28,979.00 $84.10 11/3/2017 [D.I. 12171] [D.I. 11353] 1/1/2017 to 4/30/2017 Sixth Tenth $24,142.40 $115.25 $24,142.40 $115.25 2/14/20108 [D.I. 12632] [D.I. 12082] 5/1/2017 to 8/31/2017 Seventh Eleventh $34,704.50 $1,083.70 $34,704.50 $1,083.70 5/31/2018 [D.I. 13159] [D.I. 12720] 9/1/2017 to 12/31/2017 Eighth Twelfth $21,358.00 $209.55 $21,323.00 $209.55 9/28/2018 [D.I. 13527] [D.I. 13015] 1/1/2018 to 3/9/2018 Total Fees and Expenses Approved by Interim Order $251,231.90 $2,007.80 BIELLI & KLAUDER, LLC PAGE 2 FINAL FEE APPLICATION RECOMMENDATION Docket Number Final Fee Period Dates Fees Expenses [D.I. 13018] 10/1/2015 to 3/9/2018 $257,887.50 2,042.60 Final Recommended Adjustments -$3,155.601 -$34.80 Final Recommended Fee Award $254,731.90 $2,007.80 19708117.2 1 This adjustment incorporates $620 in interim reductions not incorporated into the final fee request and a clerical error in the amount of $2,535.60.",/docket/4215726/13602/1/energy-future-holdings-corp/
Energy Future Holdings Corp.,379711674,expenses,False,False,,"CERTIFICATE OF SERVICE I, CELESTE A. HARTMAN, Senior Paralegal, do hereby certify that I am over the age of 18, and that on December 16, 2014, I caused a copy of the Fee Committee’s Status Report On Review Process and First Interim Fee Applications Proposed for Hearing on December 29, 2014 to be served upon those persons appearing on the attached list, via U.S. First Class Mail. Under penalty of perjury I certify the foregoing to be true and correct. /s/ Celeste A. Hartman CELESTE A. HARTMAN",/docket/4215726/3024/2/energy-future-holdings-corp/
Sears Holdings Corp.,204228430,budget_staffing_plan,False,False,"$250,000.00","3. On June 25, 2019, the Court entered the Order Granting Motion of Retirees Pursuant to Section 1114(d) of the Bankruptcy Code for Appointment of a Committee of Retired Employees [Docket No. 4357] (the “Retiree Committee Order”). Pursuant to the Retiree Committee Order, the Retiree Committee had a budget of $250,000.00, subject to the ability to seek reasonable increases of the budget from the Court for cause (the “Cap on Fees”). On July 9, 2019, the United States Trustee for Region 2 (the “U.S. Trustee”) appointed the Retiree Committee [Docket No. 4470].",/docket/8026527/10499/sears-holdings-corporation/
Sears Holdings Corp.,204228430,billing_activities,True,False,"$175,000.00,$2,009.47,$318,319.77","5. On May 26, 2022, Wollmuth Maher & Deutsch LLP (“Wollmuth”) filed the Wollmuth Application seeking the final approval of payment of $175,000.00 for compensation for legal services rendered to the Retiree Committee and $2,009.47 for reimbursement of expenses incurred during the Compensation Period. The Wollmuth Application attaches invoices for fees for services rendered during the Compensation Period totaling $318,319.77. The Wollmuth Application also requests an increase of the Cap on Fees.",/docket/8026527/10499/sears-holdings-corporation/
Sears Holdings Corp.,204228430,billing_activities,True,False,"$175,000.00,$264,975.00","6. Also on May 26, 2022, the Law Offices of Michael M. Mulder (“Mulder”) filed the Mulder Application. The Mulder Application seeks the final approval of payment of $175,000.00 for compensation for legal services rendered to the Retiree Committee during the Compensation Period. The Mulder Application attaches invoices for fees for services rendered during the Compensation Period totaling $264,975.00. The Mulder Application also requests an increase of the Cap on Fees.",/docket/8026527/10499/sears-holdings-corporation/
PG&E Corp.,135533344,nonworking_travel,True,True,,"On December 18, 2019, the Court entered its Amended Order Granting Fee 9 Examiner Motion to Approve Fee Procedures (“Amended Fee Procedures Order”) [Doc. No. 10 5168]. The Amended Fee Procedures Order approves certain recommendations of the Fee Examiner as to billing practices, including the billing of travel time. The Amended Fee Procedures Order approves the Fee Examiner’s Protocol and adopts the Fee Examiner’s recommendations as to the coordination and scheduling of hearings. Given the large number of fee applicants and the huge amount of fees, the Court grants the Fee Examiner substantial 14 flexibility to coordinate hearings in order to respect judicial economy and reduce fees. A copy of 15 the Amended Fee Procedures Order is attached as Exhibit C. 16 5. Under the Amended Fee Procedures Order, the Fee Examiner is authorized to set 17 hearings to approve interim fee applications based upon compromises reached with fee applicants. Notice of such hearings shall be heard on 21 days’ notice as required by Fed. R. Bankr. Pro. 2002 (a)(6) and the Notice of Hearing shall comply with Fed. R. Bankr. Pro. 2002 (c)(2). The Fee Examiner has noticed two hearings to approve the award of interim compensation. (Doc. No. 5307 3 FEE EXAMINER’S REPORT ON STATUS 21 OF FEE AND EXPENSE APPLICATIONS SUBMITTED Case: 19-30088 Doc# 7785 Filed: 06/04/20 Entered: 06/04/20 20:06:37 Page 3 of 1 and Doc. No. 6000). As a result, the Court has approved 14 compromises negotiated by the Fee 2 Examiner. As of the filing of this pleading, two more compromises have been reached which will be noticed for hearing shortly",/docket/327360/7785/pge-corporation/
PG&E Corp.,135533344,"billing_activities,duplication",True,True,,"The Fee Examiner shall: 19 a. establish, subject to court review and approval, a Protocol, which shall contain procedures for the submission and consideration of monthly invoices, Interim Fee Applications, and Final Fee Applications filed by each Applicant in these Chapter 21 11 Cases; b. review Monthly Invoices, Interim Fee Applications and Final Fee Applications 23 filed by each Applicant in these Chapter 11 Cases (along with the Fee Detail 24 related thereto), and to the extent possible, the Fee Examiner shall avoid duplicative review; 26 c. during the course of his review of an Application, consult, as he deems appropriate, with each Applicant concerning such Application; Page -4- Case:19-30088 Case: 19-30088 Doc# Doc#2267 7785 Filed: Filed:05/28/19 06/04/20 Entered: Entered:05/29/19 06/04/2013:13:14 20:06:37 Page Page419 of of10 1 d. during the course of his review of an Application, review, to the extent appropriate, any relevant documents filed in these Chapter 11 Cases to be generally familiar with these Chapter 11 Cases and the dockets; 4 4 e. within twenty-one (21) days after an Applicant files an Interim Fee Application or Final Fee Application, serve an initial report (the “Initial Report”) on the 5 Applicant designed to quantify and present factual data relevant to whether the 6 requested fees, disbursements, and expenses are in compliance with the applicable standards of sections 328, 329, 330, and 331 of the Bankruptcy Code, 7 Rule 2016 of the Bankruptcy Rules, and whether the Applicant (if required) has 8 made a reasonable effort to comply with the U.S. Trustee's requests for information and additional disclosures as set forth in the Guidelines for Reviewing Applications for Compensation and Reimbursement of Expenses 10 Filed under 11 U.S.C. § 330 by Attorneys in Larger Chapter 11 Cases Effective as of November 1, 2013 (the “U.S.",/docket/327360/7785/pge-corporation/
PG&E Corp.,135533344,nonworking_travel,True,False,,"Nine 5 law firms filed a joint response (dkt. 4064) and Milbank LLP 6 (dkt. 4050) filed a separate response opposing several material 7 terms of the Protocol and the Fee Procedures Motion. The United 8 States Trustee (“UST”) filed a response (dkt. 4025) largely 9 supporting the Fee Procedures Motion, which The Utility Reform 10 Network (dkt. 4475) joined. 11 After issuing a tentative ruling on October 6, 2019, the 12 court held a hearing on the Fee Procedures Motion in support of 13 the Fee Examiner’s motion to approve fee procedures (dkt. 3950) 14 the following day. The court encouraged the Fee Examiner and 15 those parties responding to the Protocol and Fee Procedures 16 Motion to meet and confer to attempt to resolve their disputes 17 as to the terms of proposed Protocol. 18 On October 24, 2019, the Fee Examiner filed a reply (dkt. 19 4475) indicating that the parties had negotiated the terms of a 20 revised protocol, thereby addressing all issues except the 21 ability of professionals to bill for non-working travel. On the 22 same date, Debtors filed a copy of the Revised Protocol and a 23 red-lined version of the Revised Protocol (dkt. 4473). Section 24 5.1.8 (Travel Billing) provides two alternates: 25 Alternate Provision 1: Non-working travel time is compensable at 50% of the Biller's standard hourly rate. 27 Alternate Provision 2: Non-working travel time is compensable as provided in the existing Local Guidelines 28 and Court Guidelines. -2- Case:19-30088 Case: 19-30088 Doc# Doc#5168 7785 Filed: Filed:12/18/19 06/04/20 Entered: Entered:12/18/19 06/04/2016:33:43 20:06:37 Page Page228 of 1 (dkt. 4473-1 at ECF pg. 10). 2 The court’s position on nonworking travel time has been 3 published and in place for over eighteen years. Consistency and 4 predictability are important and will not be disturbed absent 5 good reason.",/docket/327360/7785/pge-corporation/
PG&E Corp.,135533344,nonworking_travel,True,True,"$1,000","All employed professionals took on their 6 assignments in these cases with knowledge or at least notice of 7 the court’s requirements in this area. None sought relief at 8 the outset of their employment. Those who chose to adopt a 50% 9 non-working travel time protocol did so at their own risk. 10 “Better to ask forgiveness than permission” will not carry the 11 day. The Court will not deviate from its existing Practices & 12 Procedures, and will allow only two hours to be billed for non- 13 working airplane travel time. See PRACTICES AND PROCEDURES IN 14 JUDGE MONTALI’S COURT (July 2018) at III(I), page 12 (available 15 at http://www.canb.uscourts.gov/procedure/montali/judge- 16 montalis-practices-and-procedures). 17 In light of the foregoing, and good cause appearing 18 therefor, it is hereby ORDERED that: 19 1. The Fee Examiner's Motion to set Fee Procedures is 20 granted as provided herein. 21 2. As to any currently pending interim fee application 22 (defined as any interim fee application filed before 23 November 15, 2019): 24 a. Only the Fee Examiner shall have authority to set 25 a hearing date, and such dates shall be set under 26 the provisions of Paragraph 9 of the Order 27 Appointing Fee Examiner, i.e., after a final -3- Case:19-30088 Case: 19-30088 Doc# Doc#5168 7785 Filed: Filed:12/18/19 06/04/20 Entered: Entered:12/18/19 06/04/2016:33:43 20:06:37 Page Page329 of 1 report, in coordination with Debtors’ counsel, 2 and grouped to advance judicial economy. 3 b. If a fee applicant and the Fee Examiner have 4 reached a compromise, a hearing should be set on 5 the same basis and be coordinated with other fee 6 hearings, so that hearings are grouped to advance 7 judicial economy. Any hearing on a fee 8 application exceeding $1,000 shall be heard on 21 9 days notice as required by Fed. R. Bankr. Pro. 10 2002(a)(6) and the notice of hearing shall comply 11 with Fed. R. Bankr.",/docket/327360/7785/pge-corporation/
PG&E Corp.,135533344,duplication,False,False,,"The goal is to group 19 applications such that duplication of effort can be 20 more easily detected (if it exists), and to also 21 spread out the work of the Fee Examiner and his 22 limited staff. 23 5.",/docket/327360/7785/pge-corporation/
PG&E Corp.,135533344,nonworking_travel,True,True,"$45,887.00,$46,221.00,$46,524.00,$47,035.00,$47,467.00,$47,782.00,$48,306.00,$48,815.00,$49,175.00,$49,419.00,$50,096.00,$50,596.00,$577,323.00,$275,387.91,$275,387.91,$720.00,$44,280.00,$12,720.00,$57,000.00,$7,424,281.74,$13,627,087.13,$18,827,171.17,$3,781,773.10,$4,026,324.98,$3,745,569.43,$51,432,207.55,$396,292.40,$381,582.33,$376,556.82,$95,656.40,$115,784.40,$95,541.60,$1,461,413.95,$1,119,526.46,$1,059,531.95,$1,006,997.45,$259,377.91,$250,344.77,$250,000.00,$3,945,778.54,$1,043,409.64,$759,988.35,$42,855.48,$171,633.90,$213,720.88,$219,535.95,$2,451,144.20,$31,365,160.82,$39,754,134.21,$54,635,354.86,$4,445,689.75,$130,200,339.64,$2,206,393.09,$4,187,122.57,$587,166.41,$406,066.00,$410,182.50,$1,227,276.50,$1,138,238.50,$10,162,445.57,$1,123,906.89,$806,384.83,$1,930,291.72,$127,733.44,$127,733.44,$5,837,129.38,$6,041,223.54,$3,949,497.29,$748,535.90,$773,789.07,$17,350,175.18,$847,717.86,$132,471.90,$980,189.76,$558,210.42,$560,181.27,$1,118,391.69,$3,506,413.06,$3,015,960.36,$1,914,238.53,$995,502.63,$481,150.90,$9,913,265.48,$1,149,251.79,$753,685.22,$754,311.92,$189,070.81,$203,913.10,$3,050,232.84,$4,005,803.67,$4,634,234.45,$1,749,061.39,$737,065.59,$1,434,102.69,$1,477,423.63,$14,037,691.42,$1,607,878.16,$1,607,878.16","Any Revised Protocol agreed to by the parties should 24 provide ""Non-working travel time is compensable as 25 provided in the existing Local Rules and Court 26 Guidelines."" 27 **END OF ORDER** -5- Case:19-30088 Case: 19-30088 Doc# Doc#5168 7785 Filed: Filed:12/18/19 06/04/20 Entered: Entered:12/18/19 06/04/2016:33:43 20:06:37 Page Page531 of EXHIBIT D Case: 19-30088 Doc# 7785 Filed: 06/04/20 Entered: 06/04/20 20:06:37 Page 32 Exhibit D — Amounts Requested Retained Amount Professional Fee Request Date Doc# Requested AP Services First Monthly 5/29/19 2273 $45,887.00 Second Monthly 6/18/19 2587 $46,221.00 Third Monthly 7/5/19 2873 $46,524.00 Fourth Monthly 8/1/19 3357 $47,035.00 Fifth Monthly 8/30/19 3760 $47,467.00 Sixth Monthly 10/1/19 4043 $47,782.00 Seventh Monthly 10/31/19 4537 $48,306.00 Eight Monthly (Amended 12/6/19 5010 $48,815.00 Ninth Monthly 1/10/20 5335 $49,175.00 Tenth Monthly 1/30/20 5559 $49,419.00 Eleventh Monthly 3/9/20 6197 $50,096.00 Twelfth Monthly 4/7/20 6668 $50,596.00 $577,323.00 Axiom Advisors First Interim 3/13/20 6281 $275,387.91 $275,387.91 Baker, Lynn First Interim 3/16/20 6325 $720.00 Second Monthly 5/1/20 7044 $44,280.00 Third Monthly 6/1/20 7698 $12,720.00 $57,000.00 Baker & Hostetler First Interim 7/15/19 2995 $7,424,281.74 Second Interim 11/14/19 4733 $13,627,087.13 Third Interim 3/13/20 6286 $18,827,171.17 Thirteenth Monthly 3/30/20 6514 $3,781,773.10 Fourteenth Monthly 4/30/20 7000 $4,026,324.98 Fifteenth Monthly 6/1/20 7676 $3,745,569.43 $51,432,207.55 Berman and Todder First Interim 10/22/19 4383 $396,292.40 Second Interim 11/13/19 4705 $381,582.33 Third Interim 3/11/20 6252 $376,556.82 Ninth Monthly 3/30/20 6517 $95,656.40 Tenth Monthly 4/30/20 7008 $115,784.40 Eleventh Monthly 6/1/20 7683 $95,541.60 $1,461,413.95 Centerview PartnersFirst Interim 11/14/19 4725 $1,119,526.46 Second Interim 11/14/19 4750 $1,059,531.95 Third Interim 3/13/20 6279 $1,006,997.45 Thirteenth Monthly 4/6/20 6648 $259,377.91 Fourteenth Monthly 4/28/20 6965 $250,344.77 Fifteenth Monthly 5/29/20 7653 $250,000.00 $3,945,778.54 Coblentz Patch Duff First Interim 11/14/19 4754 $1,043,409.64 Second Interim 3/16/20 6306 $759,988.35 Supplemental Monthly (D 3/6/20 6169 $42,855.48 Thirteenth Monthly 3/31/20 6555 $171,633.90 Fourteenth Monthly 4/30/20 7015 $213,720.88 Fifteenth Monthly 6/1/20 7689 $219,535.95 $2,451,144.20 Cravath, Swaine, & MFirst Interim 8/23/19 3683 $31,365,160.82 Second Interim 11/18/19 4804 $39,754,134.21 Third Interim 3/16/20 6334 $54,635,354.86 Thirteenth Monthly 4/28/20 6974 $4,445,689.75 $130,200,339.64 Case: 19-30088 Doc# 7785 Filed: 06/04/20 Exhibit D — Amounts Requested Retained Amount Professional Fee Request Date Doc# Requested Deloitte & Touche LFirst Interim 1/17/20 5402 $2,206,393.09 Second Interim 2/11/20 5729 $4,187,122.57 Sixth Monthly 3/2/20 5985 $587,166.41 Seventh Monthly 3/31/20 6559 $406,066.00 Eighth Monthly 4/15/20 6767 $410,182.50 Ninth Monthly 5/4/20 7061 $1,227,276.50 Tenth Monthly 6/1/20 7684 $1,138,238.50 $10,162,445.57 Development SpeciaFirst Interim 11/14/19 4731 $1,123,906.89 Second Interim 3/13/20 6296 $806,384.83 $1,930,291.72 Dundon Advisers First & Final Interim 11/14/19 4727 $127,733.44 $127,733.44 FTI Consulting First Interim 7/22/19 3137 $5,837,129.38 Second Interim 11/14/19 4734 $6,041,223.54 Third Interim 3/13/20 6280 $3,949,497.29 Thirteenth Monthly 4/8/20 6701 $748,535.90 Fourteenth Monthly 5/7/20 7089 $773,789.07 $17,350,175.18 Groom Law Group First Interim 3/13/20 6283 $847,717.86 Fifth Monthly 5/1/20 7047 $132,471.90 $980,189.76 Hunton Andrews KuFirst Monthly 4/3/20 6621 $558,210.42 Second Monthly 5/5/20 7071 $560,181.27 $1,118,391.69 Jenner & Block First Interim 8/8/19 3465 $3,506,413.06 Second Interim 11/14/19 4749 $3,015,960.36 Third Interim 3/16/20 6333 $1,914,238.53 Fifth Monthly 5/8/20 7131 $995,502.63 Sixth Monthly 5/14/20 7206 $481,150.90 $9,913,265.48 Keller & Benvenutti First Interim 7/19/19 3099 $1,149,251.79 Second Interim 11/14/19 4714 $753,685.22 Third Interim 3/13/20 6275 $754,311.92 Thirteenth Monthly 4/23/20 6902 $189,070.81 Fourteenth Monthly 5/28/20 7625 $203,913.10 $3,050,232.84 KPMG First Interim 7/15/19 2992 $4,005,803.67 Second Interim 2/4/20 5618 $4,634,234.45 Eighth Monthly 2/28/20 5956 $1,749,061.39 Ninth Monthly 3/18/20 6355 $737,065.59 Tenth Monthly 3/31/20 6563 $1,434,102.69 Eleventh Monthly 5/22/20 7475 $1,477,423.63 $14,037,691.42 Latham & Watkins LFirst Monthly 4/30/20 7017 $1,607,878.16 $1,607,878.16 Lazard Freres & Co.",/docket/327360/7785/pge-corporation/
PG&E Corp.,143930885,nonworking_travel,True,False,,"8. On December 18, 2019, the Court entered its Amended Order Granting Fee 11 Examiner Motion to Approve Fee Procedures (“Amended Fee Procedures Order”) [Doc. No. 12 5168]. The Amended Fee Procedures Order approves certain recommendations of the Fee 13 Examiner as to billing practices, including the billing of travel time. The Amended Fee 14 Procedures Order approves the Fee Examiner’s Protocol and adopts the Fee Examiner’s 15 recommendations as to the coordination and scheduling of hearings. Given the large number of 16 fee applicants and the huge amount of fees, the Court grants the Fee Examiner substantial flexibility to coordinate hearings in order to respect judicial economy and reduce fees. A copy of 17 the amended Fee Procedures Order is attached as Exhibit D. 18",/docket/327360/8900/pge-corporation/
PG&E Corp.,143930885,duplication,False,True,,"14. Under the Plan, final fee applications are due August 31, 2020. Once these are 7 filed, the Fee Examiner will cease all effort to resolve any outstanding interim fee applications, 8 and shall instead consider these superseded by the final fee applications. 9 15. Subject to two exceptions, the Fee Examiner intends to treat any compromise of an 10 interim fee application, that has been approved by this Court, as having been fully and finally 11 resolved, and not subject to further scrutiny. The two exceptions are issues the Fee Examiner has reserved for final fee applications. First, the Fee Examiner has reserved the issue of whether a 12 particular firm’s work has been duplicative, overlapping or redundant of another firm’s work. 13 This issue could not be evaluated until all firms had completed their work and the totality of the 14 billings could be addressed. Second, the Fee Examiner intends to inquire as to whether individual 15 firms provide “volume discounts” or other accommodations to substantial clients, and whether 16 PG&E is entitled to such discounts. 17 /////// 18 /////// 19 /////// 20 21 22 6 FEE EXAMINER’S SECOND STATUS REPORT Case: 19-30088 Doc# 8900 Filed: 08/28/20 Entered: 08/28/20 17:53:21 Page 6 of 52 23 1 2 16. The Fee Examiner expects that most Final Fee Applications will be filed on or 3 about the August 31 deadline. The Fee Examiner and his staff will then face a substantial body of work.1 The easiest Final Fee Applications to address are those where interim applications have 4 previously been filed. If these were consistently filed, then only the “stub month” of June will be 5 subject to examination when the Final Fee Application is filed. At the other extreme, the Final 6 Fee Application of an Estate Professional which has filed no Interim Fee Applications will require 7 extensive review.",/docket/327360/8900/pge-corporation/
PG&E Corp.,143930885,"billing_activities,duplication",True,True,,"The Fee Examiner shall: 19 a. establish, subject to court review and approval, a Protocol, which shall contain procedures for the submission and consideration of monthly invoices, Interim Fee 20 Applications, and Final Fee Applications filed by each Applicant in these Chapter 21 11 Cases; 22 b. review Monthly Invoices, Interim Fee Applications and Final Fee Applications 23 filed by each Applicant in these Chapter 11 Cases (along with the Fee Detail 24 related thereto), and to the extent possible, the Fee Examiner shall avoid duplicative review; 25 26 c. during the course of his review of an Application, consult, as he deems appropriate, with each Applicant concerning such Application; 27 28 Page -4- Case:19-30088 Case: 19-30088 Doc# Doc#2267 8900 Filed: Filed:05/28/19 08/28/20 Entered: Entered:05/29/19 08/28/2013:13:14 17:53:21 Page Page423 of of10 52 1 d. during the course of his review of an Application, review, to the extent appropriate, any relevant documents filed in these Chapter 11 Cases to be 2 generally familiar with these Chapter 11 Cases and the dockets; 4 3 4 e. within twenty-one (21) days after an Applicant files an Interim Fee Application or Final Fee Application, serve an initial report (the “Initial Report”) on the 5 Applicant designed to quantify and present factual data relevant to whether the 6 requested fees, disbursements, and expenses are in compliance with the applicable standards of sections 328, 329, 330, and 331 of the Bankruptcy Code, 7 Rule 2016 of the Bankruptcy Rules, and whether the Applicant (if required) has 8 made a reasonable effort to comply with the U.S. Trustee's requests for information and additional disclosures as set forth in the Guidelines for 9 Reviewing Applications for Compensation and Reimbursement of Expenses 10 Filed under 11 U.S.C. § 330 by Attorneys in Larger Chapter 11 Cases Effective as of November 1, 2013 (the “U.S.",/docket/327360/8900/pge-corporation/
PG&E Corp.,143930885,nonworking_travel,True,False,,"Nine 5 law firms filed a joint response (dkt. 4064) and Milbank LLP 6 (dkt. 4050) filed a separate response opposing several material 7 terms of the Protocol and the Fee Procedures Motion. The United 8 States Trustee (“UST”) filed a response (dkt. 4025) largely 9 supporting the Fee Procedures Motion, which The Utility Reform 10 Network (dkt. 4475) joined. 11 After issuing a tentative ruling on October 6, 2019, the 12 court held a hearing on the Fee Procedures Motion in support of 13 the Fee Examiner’s motion to approve fee procedures (dkt. 3950) 14 the following day. The court encouraged the Fee Examiner and 15 those parties responding to the Protocol and Fee Procedures 16 Motion to meet and confer to attempt to resolve their disputes 17 as to the terms of proposed Protocol. 18 On October 24, 2019, the Fee Examiner filed a reply (dkt. 19 4475) indicating that the parties had negotiated the terms of a 20 revised protocol, thereby addressing all issues except the 21 ability of professionals to bill for non-working travel. On the 22 same date, Debtors filed a copy of the Revised Protocol and a 23 red-lined version of the Revised Protocol (dkt. 4473). Section 24 5.1.8 (Travel Billing) provides two alternates: 25 Alternate Provision 1: Non-working travel time is compensable at 50% of the Biller's standard hourly rate. 26 27 Alternate Provision 2: Non-working travel time is compensable as provided in the existing Local Guidelines 28 and Court Guidelines. -2- Case:19-30088 Case: 19-30088 Doc# Doc#5168 8900 Filed: Filed:12/18/19 08/28/20 Entered: Entered:12/18/19 08/28/2016:33:43 17:53:21 Page Page232 of 1 (dkt. 4473-1 at ECF pg. 10). 2 The court’s position on nonworking travel time has been 3 published and in place for over eighteen years. Consistency and 4 predictability are important and will not be disturbed absent 5 good reason.",/docket/327360/8900/pge-corporation/
PG&E Corp.,143930885,nonworking_travel,True,True,"$1,000","All employed professionals took on their 6 assignments in these cases with knowledge or at least notice of 7 the court’s requirements in this area. None sought relief at 8 the outset of their employment. Those who chose to adopt a 50% 9 non-working travel time protocol did so at their own risk. 10 “Better to ask forgiveness than permission” will not carry the 11 day. The Court will not deviate from its existing Practices & 12 Procedures, and will allow only two hours to be billed for non- 13 working airplane travel time. See PRACTICES AND PROCEDURES IN 14 JUDGE MONTALI’S COURT (July 2018) at III(I), page 12 (available 15 at http://www.canb.uscourts.gov/procedure/montali/judge- 16 montalis-practices-and-procedures). 17 In light of the foregoing, and good cause appearing 18 therefor, it is hereby ORDERED that: 19 1. The Fee Examiner's Motion to set Fee Procedures is 20 granted as provided herein. 21 2. As to any currently pending interim fee application 22 (defined as any interim fee application filed before 23 November 15, 2019): 24 a. Only the Fee Examiner shall have authority to set 25 a hearing date, and such dates shall be set under 26 the provisions of Paragraph 9 of the Order 27 Appointing Fee Examiner, i.e., after a final 28 -3- Case:19-30088 Case: 19-30088 Doc# Doc#5168 8900 Filed: Filed:12/18/19 08/28/20 Entered: Entered:12/18/19 08/28/2016:33:43 17:53:21 Page Page333 of 1 report, in coordination with Debtors’ counsel, 2 and grouped to advance judicial economy. 3 b. If a fee applicant and the Fee Examiner have 4 reached a compromise, a hearing should be set on 5 the same basis and be coordinated with other fee 6 hearings, so that hearings are grouped to advance 7 judicial economy. Any hearing on a fee 8 application exceeding $1,000 shall be heard on 21 9 days notice as required by Fed. R. Bankr. Pro. 10 2002(a)(6) and the notice of hearing shall comply 11 with Fed. R. Bankr.",/docket/327360/8900/pge-corporation/
PG&E Corp.,143930885,duplication,False,False,,"The goal is to group 19 applications such that duplication of effort can be 20 more easily detected (if it exists), and to also 21 spread out the work of the Fee Examiner and his 22 limited staff. 23 5.",/docket/327360/8900/pge-corporation/
PG&E Corp.,143930885,nonworking_travel,True,True,"$4,318,059.03,$4,476,641.29,$4,968,181.84,$4,203,384.37,$4,578,985.71,$4,435,728.47,$4,550,197.61,$6,067,646.19,$5,402,924.85,$5,450,105.72,$6,851,288.87,$6,839,696.86,$7,610,068.80,$7,161,768.73,$6,576,649.21,$7,328,958.80,$295,458.51,$91,115,744.86,$275,387.91,$125,300.00,$400,687.91,$720.00,$69,120.00,$55,870.00,$55,870.00,$7,424,281.74,$13,627,087.13,$18,827,171.17,$16,411,578.50,$4,353,178.05,$60,643,296.59,$396,292.40,$381,582.33,$376,556.82,$333,492.00,$45,719.20,$1,533,642.75,$1,119,526.46,$1,059,531.95,$1,006,997.45,$1,250,000.00,$4,436,055.86,$1,043,409.64,$759,988.35,$42,855.48,$171,633.90,$213,720.88,$219,535.95,$162,351.94,$201,013.65,$16,054.30,$2,830,564.09,$31,365,160.82,$39,754,134.21,$54,635,354.86,$19,918,876.62,$145,673,526.51,$2,206,393.09,$4,187,122.57,$2,630,691.41,$1,227,276.50,$1,138,238.50,$132,808.00,$457,725.00,$334,152.00,$552,004.00,$12,866,411.07,$1,123,906.89,$806,384.83,$1,930,291.72,$127,733.44,$127,733.44,$5,837,129.38,$6,041,223.54,$3,949,497.29,$2,445,031.69,$279,786.00,$18,552,667.90,$847,717.86,$132,471.90,$104,944.40,$225,009.20,$1,310,143.36,$558,210.42,$560,181.27,$1,105,679.57,$1,136,711.15,$1,466,280.18,$4,827,062.59,$3,506,413.06,$3,015,960.36,$1,914,238.53,$995,502.63,$481,150.90,$479,476.00,$632,165.90,$11,024,907.38,$1,149,251.79,$753,685.22,$754,311.92,$189,070.81,$203,913.10,$140,635.46,$197,390.51,$249,009.00,$3,637,267.81,$4,005,803.67,$4,634,234.45,$5,397,653.30,$1,388,185.89,$902,125.35,$1,036,248.29,$1,024,375.76,$18,388,626.71,$1,607,878.16,$1,733,340.61,$3,341,218.77","Any Revised Protocol agreed to by the parties should 24 provide ""Non-working travel time is compensable as 25 provided in the existing Local Rules and Court 26 Guidelines."" 27 **END OF ORDER** 28 -5- Case:19-30088 Case: 19-30088 Doc# Doc#5168 8900 Filed: Filed:12/18/19 08/28/20 Entered: Entered:12/18/19 08/28/2016:33:43 17:53:21 Page Page535 of EXHIBIT E Case: 19-30088 Doc# 8900 Filed: 08/28/20 Entered: 08/28/20 17:53:21 Page 36 EXHIBIT E Fees Expenses Requested Retained Amount Professional Retained By Fee Request Date Doc# Requested AP Services Debtors First Monthly 5/29/2019 2273 $4,318,059.03 Second Monthly 6/18/2019 2587 $4,476,641.29 Third Monthly 7/5/2019 2873 $4,968,181.84 Fourth Monthly 8/1/2019 3357 $4,203,384.37 Fifth Monthly 8/30/2019 3760 $4,578,985.71 Sixth Monthly 10/1/2019 4043 $4,435,728.47 Seventh Monthly 10/31/2019 4537 $4,550,197.61 Eight Monthly (Amended) 12/6/2019 5010 $6,067,646.19 Ninth Monthly 1/10/2020 5335 $5,402,924.85 Tenth Monthly 1/30/2020 5559 $5,450,105.72 Eleventh Monthly 3/9/2020 6197 $6,851,288.87 Twelfth Monthly 4/7/2020 6668 $6,839,696.86 Thirteenth Monthly 5/4/2020 7064 $7,610,068.80 Fourteenth Monthly 6/3/2020 7751 $7,161,768.73 Fifteenth Monthly 7/14/2020 8373 $6,576,649.21 Sixteenth Monthly 7/30/2020 8574 $7,328,958.80 Seventeenth Monthly 44062 8819 $295,458.51 $91,115,744.86 Axiom Advisors Debtors First Interim 3/13/2020 6281 $275,387.91 Second Interim 7/7/2020 8291 $125,300.00 $400,687.91 Baker, Lynn Tort Claimants First Interim 3/16/2020 6325 $720.00 Second Interim 7/14/2020 8396 $69,120.00 Final Interim 8/24/2020 8843 $55,870.00 $55,870.00 Baker & Hostetler Tort Claimants First Interim 7/15/2019 2995 $7,424,281.74 Second Interim 11/14/2019 4733 $13,627,087.13 Third Interim 3/13/2020 6286 $18,827,171.17 Fourth Interim 7/15/2020 8403 $16,411,578.50 Seventeenth Monthly 7/30/2020 8570 $4,353,178.05 $60,643,296.59 Berman and Todder Debtors First Interim 10/22/2019 4383 $396,292.40 Second Interim 11/13/2019 4705 $381,582.33 Third Interim 3/11/2020 6252 $376,556.82 Fourth Interim 7/8/2020 8298 $333,492.00 Thirteenth Monthly 7/31/2020 8592 $45,719.20 $1,533,642.75 Centerview PartnersCreditors First Interim 11/14/2019 4725 $1,119,526.46 Second Interim 11/14/2019 4750 $1,059,531.95 Third Interim 3/13/2020 6279 $1,006,997.45 Fourth Interim 7/15/2020 8412 $1,250,000.00 $4,436,055.86 Coblentz Patch Duff Debtors First Interim 11/14/2019 4754 $1,043,409.64 Second Interim 3/16/2020 6306 $759,988.35 Supplemental Monthly (D 3/6/2020 6169 $42,855.48 Thirteenth Monthly 3/31/2020 6555 $171,633.90 Fourteenth Monthly 4/30/2020 7015 $213,720.88 Fifteenth Monthly 6/1/2020 7689 $219,535.95 Sixteenth Monthly 6/30/2020 8214 $162,351.94 Seventeenth Monthly 7/30/2020 8573 $201,013.65 Eighteenth Monthly 7/30/2020 8578 $16,054.30 $2,830,564.09 Case: 19-30088 Doc# 8900 Filed: 08/28/20 Entered: 08/28/20 17:53:21 Page 37 EXHIBIT E Fees Expenses Requested Retained Amount Professional Retained By Fee Request Date Doc# Requested Cravath, Swaine, & MDebtors First Interim 8/23/2019 3683 $31,365,160.82 Second Interim 11/18/2019 4804 $39,754,134.21 Third Interim 3/16/2020 6334 $54,635,354.86 Fourth Interim 7/15/2020 8419 $19,918,876.62 $145,673,526.51 Deloitte & Touche LDebtors First Interim 1/17/2020 5402 $2,206,393.09 Second Interim 2/11/2020 5729 $4,187,122.57 Third Interim 6/19/2020 8036 $2,630,691.41 Ninth Monthly 5/4/2020 7061 $1,227,276.50 Tenth Monthly 6/1/2020 7684 $1,138,238.50 Eleventh Monthly 6/11/2020 7893 $132,808.00 Twelfth Monthly 6/19/2020 8031 $457,725.00 Thirteenth Monthly 6/30/2020 8216 $334,152.00 Fourteenth Monthly 8/13/2020 8769 $552,004.00 $12,866,411.07 Development SpeciaTort Claimants First Interim 11/14/2019 4731 $1,123,906.89 Second Interim 3/13/2020 6296 $806,384.83 $1,930,291.72 Dundon Advisers Tort Claimants First & Final Interim 11/14/2019 4727 $127,733.44 $127,733.44 FTI Consulting Creditors First Interim 7/22/2019 3137 $5,837,129.38 Second Interim 11/14/2019 4734 $6,041,223.54 Third Interim 3/13/2020 6280 $3,949,497.29 Fourth Interim 7/15/2020 8414 $2,445,031.69 Seventeenth Monthly 7/27/2020 8542 $279,786.00 $18,552,667.90 Groom Law Group Debtors First Interim 3/13/2020 6283 $847,717.86 Fifth Monthly 5/1/2020 7047 $132,471.90 Sixth Monthly 6/24/2020 8089 $104,944.40 Seventh Monthly 7/24/2020 8518 $225,009.20 $1,310,143.36 Hunton Andrews KuDebtors First Monthly 4/3/2020 6621 $558,210.42 Second Monthly 5/5/2020 7071 $560,181.27 Third Monthly 6/2/2020 7722 $1,105,679.57 Fourth Monthly 7/8/2020 8303 $1,136,711.15 Fifth Monthly 8/7/2020 8712 $1,466,280.18 $4,827,062.59 Jenner & Block Debtors First Interim 8/8/2019 3465 $3,506,413.06 Second Interim 11/14/2019 4749 $3,015,960.36 Third Interim 3/16/2020 6333 $1,914,238.53 Fifth Monthly 5/8/2020 7131 $995,502.63 Sixth Monthly 5/14/2020 7206 $481,150.90 Seventh Monthly 6/25/2020 8124 $479,476.00 Eighth Monthly 7/15/2020 8408 $632,165.90 $11,024,907.38 Keller & Benvenutti Debtors First Interim 7/19/2019 3099 $1,149,251.79 Second Interim 11/14/2019 4714 $753,685.22 Third Interim 3/13/2020 6275 $754,311.92 Thirteenth Monthly 4/23/2020 6902 $189,070.81 Fourteenth Monthly 5/28/2020 7625 $203,913.10 Fifteenth Monthly 6/22/2020 8061 $140,635.46 Sixteenth Monthly 7/8/2020 8338 $197,390.51 Case: 19-30088 Doc# 8900 Filed: 08/28/20 Entered: 08/28/20 17:53:21 Page 38 EXHIBIT E Fees Expenses Requested Retained Amount Professional Retained By Fee Request Date Doc# Requested Seventeenth Monthly 8/21/2020 8829 $249,009.00 $3,637,267.81 KPMG Debtors First Interim 7/15/2019 2992 $4,005,803.67 Second Interim 2/4/2020 5618 $4,634,234.45 Third Interim 7/9/2020 8341 $5,397,653.30 Twelfth Monthly 7/28/2020 8551 $1,388,185.89 Thirteenth Monthly 8/11/2020 8738 $902,125.35 Fourteenth Monthly 8/20/2020 8823 $1,036,248.29 Fifteenth Monthly 8/25/2020 8849 $1,024,375.76 $18,388,626.71 Latham & Watkins LDebtors First Interim 6/8/2020 7837 $1,607,878.16 Second Monthly 6/30/2020 8226 $1,733,340.61 $3,341,218.77 Lazard Freres & Co.",/docket/327360/8900/pge-corporation/
Boy Scouts of America,154299329,multiple_attendees,True,True,"$28,347.00","4. Although it examines the matter on a case-by-case basis based on the facts and circumstances of each case and each applicant’s role within a case (such as a firm responsible for coordinating filing and scheduling of and hearing on multiple professionals’ fee applications) regardless of whether any given threshold is exceeded, Rucki Fee Review generally does not consider time spent on fee issues to be presumptively unreasonable where less than 7% of total time has been charged for preparing fee applications and addressing fee issues. It applies these guidelines on a cumulative basis. Through the conclusion of the second quarterly fee period the Firm has charged approximately 63.2 hours and $28,347.00 for fees billed related to the Firm’s fee applications on a cumulative basis. This amounts to approximately 3.6% of total fees. Subject to the agreed reductions discussed below for certain of these fees relating to potentially non-compensable administrative work, Rucki Fee Review considers theses fees to be reasonable, necessary and appropriate. Rucki Fee Review also expects that future fee applications will require less time from the Firm, on average, than the Firm’s initial fee applications in these chapter 11 cases.",/docket/16854880/1821/boy-scouts-of-america/
Boy Scouts of America,154299329,"duplication,rates",False,False,"$673.62,$639.92","5. Rucki Fee Review considers the staffing breakdown during the first quarterly fee period (percentage of hours billed by partners, counsel, associates and paraprofessionals respectively) to be appropriate, as reflected in the Firm’s blended hourly rate of $673.62, which is equivalent to a senior associate at the Firm’s hourly rates. Rucki Fee Review also considers the staffing breakdown to be appropriate for the second quarterly fee period, as reflected in the Firm’s blended hourly rate of $639.921 for the second quarterly fee period.",/docket/16854880/1821/boy-scouts-of-america/
Boy Scouts of America,154299329,"transitory_timekeepers,duplication",False,False,$159.00,"6. Further to the Firm’s staffing, Rucki Fee Review notes that the Firm utilized nine professionals or paraprofessionals to perform its work during the first quarterly fee period, five of whom billed fewer than 15 hours during the first quarterly fee period. During the second quarterly fee period, the Firm utilized ten professionals or paraprofessionals to perform its work during the second quarterly fee period, four of whom billed fewer than 15 hours during the second quarterly fee period. Rucki Fee Review gives additional scrutiny to time entries of those billing fewer than 15 hours in a quarter to address if the utilization of such particular persons was necessary for the case, and after review requested the waiver of 0.3 hours of fees totaling $159.00 for the file review work of one of these professionals. The Firm agreed to this in compromise of Rucki Fee Review’s request.",/docket/16854880/1821/boy-scouts-of-america/
Boy Scouts of America,154299329,"duplication,budget_staffing_plan",False,False,$548.00,"7. Rucki Fee Review notes that it is customary in cases before the Bankruptcy Court for a “reasonable effort” to comply with the Attorney Large Case Guidelines to include preparation of a budget and staffing plan for each applicable law firm agreed to by the client (debtor or committee). Here, the Firm did not prepare a prospective budget and staffing plan for the first quarterly fee period or the second quarterly fee period, which is a factor Rucki Fee Review considers in evaluating the staffing and total fees on this matter. The Firm did provide a budget and staffing plan for these entire chapter 11 cases, however, and the Firm’s fees for the first two quarterly fee periods amounted to approximately 13.2% and 20.3% of the fees budgeted for the entirety of the Firm’s work in these chapter 11 cases. 1 This is higher than the figure stated in the Second Quarterly Fee Application ($548.00), which appears to be stated in error as a result of certain other errors in the summary table to the Second Quarterly Fee Application. Subject to the agreed reductions set forth herein, Rucki Fee Review considers the Firm’s work to be well-coordinated within the Firm and with its fellow professionals, and has requested that the Firm begin preparing segregated prospective budgets and staffing plans on a quarterly basis.",/docket/16854880/1821/boy-scouts-of-america/
Boy Scouts of America,154299329,block_billing,True,False,,"8. Local Rule 2016-2 provides in section (d) that all fee applications shall include complete and detailed activity descriptions; each activity description shall include the type of activity, each activity description shall include the participants to the activity; each activity description shall include the subject matter and shall be sufficiently detailed to allow the bankruptcy court to determine whether all the time, or any portion thereof, is actual, reasonable, and necessary and shall include a time allotment billed in tenths of an hour and not be “lumped” with other entries. Notwithstanding the Local Rule, and consistent with the practice of certain of the Bankruptcy Court’s Judges, Rucki Fee Review does not object to “lumping” where a single timekeeper bills less than 0.5 hours during an entire day in the aggregate (not multiple lumped 0.5 entries).",/docket/16854880/1821/boy-scouts-of-america/
Boy Scouts of America,154299329,"vague,block_billing",True,False,"$7,000.00","9. Rucki Fee Review identified a small number of entries that it considers lumped or otherwise not fully compliant with the Local Rules for reasons such as not identifying the counterparties to e-mail discussions, which is not an uncommon practice. After conferral with the Firm, the Firm has agreed to a reduction of $7,000.00 on account of these entries in compromise of Rucki Fee Review’s request. For future fee applications, as with all other firms Rucki Fee Review has requested the Firm minimize the number of entries that employ phrasing such as “attention to” and “coordinate” which sometimes are vague as to what work was performed (i.e., drafting, reviewing, conferencing, etc.). Rucki Fee Review further requested that preparation time be separately billed from other activity, such as attending calls or hearings, and that the work done to prepare be specified wherever preparation time exceeds 2.0 hours in the aggregate for a given hearing or other event. Likewise, Rucki Fee Review requested the Firm ensure all e-mail correspondence and conferences identify the counterparties to the same.",/docket/16854880/1821/boy-scouts-of-america/
Boy Scouts of America,154299329,overhead_clerical,True,False,"$5,776.50","10. Administrative tasks that are generally not compensable by a non-chapter 11 client or that are secretarial in nature are not compensable in chapter 11. Rucki Fee Review identified certain entries it considered administrative or potentially administrative in whole or in part. After conferral with the Firm, the Firm has agreed to a reduction of $5,776.50 in compromise of Rucki Fee Review’s request with respect to these entries.",/docket/16854880/1821/boy-scouts-of-america/
Boy Scouts of America,154299190,billing_activities,True,False,"$35,000.00,$35,000.00,$2,638.67","4. As discussed further below, Rucki Fee Review recognizes the Firm voluntarily reduced its requested fees by $35,000.00 during the second quarterly fee period by way of a reduction to the Firm’s June monthly fee application. Significantly, the fee detail contained in the Firm’s fee application still contained the support for these $35,000.00 in voluntary fee reductions (i.e., the reductions were applied after finalizing the invoices attached to the Firm’s fee applications). Rucki Fee Review also recognizes the Firm reduced its June expense request by $2,638.67 by agreement with the Office of the United States Trustee.",/docket/16854880/1825/boy-scouts-of-america/
Boy Scouts of America,154299190,multiple_attendees,True,False,"$263,962.50,$11,696.00,$10,121.50,$26,396.00","5. Although it examines the matter on a case-by-case basis based on the facts and circumstances of each case and each applicant’s role within a case (such as a firm responsible for coordinating filing and scheduling of and hearing on multiple professionals’ fee applications) regardless of whether any given threshold is exceeded, Rucki Fee Review generally does not consider time spent on fee issues to be presumptively unreasonable where less than 7% of total time has been charged for preparing fee applications and addressing fee issues. It applies these guidelines on a cumulative basis. Through the conclusion of the second quarterly fee period the Firm has charged approximately 504.3 hours and $263,962.50 for fees billed related to the Firm’s fee applications or the fee applications of other debtor professionals on a cumulative basis, and the Firm states in the Quarterly Fee Applications that this work included 20.9 hours and $11,696.00 in fees for privilege review during the first quarterly fee period, and an additional 16.8 hours and $10,121.50 in fees for privilege review during the second quarterly fee period. This amounts to approximately 3.2% of total fees given the size of the Firm’s total fees and thus is not in excess of the 7% threshold mentioned above. Nevertheless, Rucki Fee Review identified a number of entries that appeared to charge or potentially charge for non- compensable administrative aspects of invoice review and $26,396.00 of the agreed reduction for administrative matters discussed in paragraph 11 below relates to these fees. After accounting for these agreed reductions, Rucki Fee Review considers these fees to be reasonable, necessary and appropriate.",/docket/16854880/1825/boy-scouts-of-america/
Boy Scouts of America,154299190,"duplication,rates",False,False,"$887.77,$869.88","6. Rucki Fee Review considers the staffing breakdown during the first quarterly fee period (percentage of hours billed by partners, counsel, associates and paraprofessionals respectively) to be appropriate, as reflected in the Firm’s blended hourly rate of $887.77, which is equivalent to a mid-level associate at the Firm’s hourly rates. Rucki Fee Review also considers the staffing breakdown to be appropriate for the second quarterly fee period, as reflected in the Firm’s blended hourly rate of $869.88 (prior to the application of voluntary reductions) for the second quarterly fee period.",/docket/16854880/1825/boy-scouts-of-america/
Boy Scouts of America,154299190,"transitory_timekeepers,duplication",False,False,,"7. Further to the Firm’s staffing, Rucki Fee Review notes that the Firm utilized 37 1 professionals or paraprofessionals to perform its work during the first quarterly fee period, nine of whom billed fewer than 15 hours during the first quarterly fee period. During the 1 Though 37 professionals/paraprofessionals were listed in the tables to the First Quarterly Fee Application and nine billed fewer than 15.0 hours, these numbers appear to have been inadvertently stated as 31 and five in another portion thereof. These lower numbers appear to exclude paraprofessionals. second quarterly fee period, the Firm utilized 28 1 professionals or paraprofessionals to perform its work during the second quarterly fee period, three of whom billed fewer than 15 hours during the second quarterly fee period. Rucki Fee Review gives additional scrutiny to time entries of those billing fewer than 15 hours in a quarter to address if the utilization of such particular persons was necessary for the case, but after review considers the utilization of these persons not to be objectionable.",/docket/16854880/1825/boy-scouts-of-america/
Boy Scouts of America,154299190,"duplication,budget_staffing_plan",False,False,,"8. Rucki Fee Review notes that it is customary in cases before the Bankruptcy Court for a “reasonable effort” to comply with the Attorney Large Case Guidelines to include preparation of a budget and staffing plan for each applicable law firm agreed to by the client (debtor or committee). Here, the Firm did prepare a prospective budget and staffing plan for the first quarterly fee period and the second quarterly fee period, which is a factor Rucki Fee Review considers in evaluating the staffing and total fees on this matter. The Firm was under its budget for the first quarterly fee period by approximately 5% and over its budget for the second quarterly fee period by approximately 17%, which overage the Firm attributed to unexpected additional litigation. Subject to the agreed reductions set forth herein, Rucki Fee Review considers the Firm’s work to be well-coordinated within the Firm and with its fellow professionals.",/docket/16854880/1825/boy-scouts-of-america/
Boy Scouts of America,154299190,block_billing,True,False,,"9. Local Rule 2016-2 provides in section (d) that all fee applications shall include complete and detailed activity descriptions; each activity description shall include the type of activity, each activity description shall include the participants to the activity; each activity 1 Though 28 professionals/paraprofessionals were listed in the tables to the Second Quarterly Fee Application, this number appears to have been inadvertently stated as 24 in another portion thereof. The lower number appears to exclude paraprofessionals. description shall include the subject matter and shall be sufficiently detailed to allow the bankruptcy court to determine whether all the time, or any portion thereof, is actual, reasonable, and necessary and shall include a time allotment billed in tenths of an hour and not be “lumped” with other entries. Notwithstanding the Local Rule, and consistent with the practice of certain of the Bankruptcy Court’s Judges, Rucki Fee Review does not object to “lumping” where a single timekeeper bills less than 0.5 hours during an entire day in the aggregate (not multiple lumped 0.5 entries).",/docket/16854880/1825/boy-scouts-of-america/
Boy Scouts of America,154299190,"vague,block_billing",True,False,"$30,000.00","10. Rucki Fee Review identified a number of entries that it considers lumped or otherwise not fully compliant with the Local Rules for reasons such as not identifying the counterparties to e-mail discussions, which is not an uncommon practice. After conferral with the Firm, the Firm has agreed to a reduction of $30,000.00 on account of these entries in compromise of Rucki Fee Review’s request. For its remaining future fee applications, as with all other firms Rucki Fee Review has requested the Firm minimize the number of entries that employ phrasing such as “attention to” and “coordinate” which sometimes are vague as to what work was performed (i.e., drafting, reviewing, conferencing, etc.). Rucki Fee Review further requested that preparation time be separately billed from other activity, such as attending calls or hearings, and that the work done to prepare be specified wherever preparation time exceeds 2.0 hours in the aggregate for a given hearing or other event. Likewise, Rucki Fee Review requested the Firm ensure all e-mail correspondence and conferences identify the counterparties to the same.",/docket/16854880/1825/boy-scouts-of-america/
Boy Scouts of America,154299190,overhead_clerical,True,False,"$51,396.00","11. Administrative tasks that are generally not compensable by a non-chapter 11 client or that are secretarial in nature are not compensable in chapter 11. Rucki Fee Review identified certain entries it considered administrative or potentially administrative in whole or in part. After conferral with the Firm, the Firm has agreed to a reduction of $51,396.00 in compromise of Rucki Fee Review’s request with respect to these entries.",/docket/16854880/1825/boy-scouts-of-america/
Boy Scouts of America,154299190,billing_activities,True,False,"$35,000.00,$35,000.00,$2,638.67","19. As noted above, Rucki Fee Review recognizes the Firm voluntarily reduced its requested fees by $35,000.00 during the second quarterly fee period by way of a reduction to the Firm’s June monthly fee application. Significantly, the fee detail contained in the Firm’s fee application still contained the support for these $35,000.00 in voluntary fee reductions (i.e., the reductions were applied after finalizing the invoices attached to the Firm’s fee applications). Because Rucki Fee Review and all other parties in interest were able to review the original fee detail supporting these voluntary reductions and the proposed reductions set forth herein are based on the fee entries prior to these reductions, Rucki Fee Review will credit these voluntary reductions against the agreed fee reductions referenced herein. Rucki Fee Review also recognizes the Firm reduced its June expense request by $2,638.67 by agreement with the Office of the United States Trustee.",/docket/16854880/1825/boy-scouts-of-america/
Boy Scouts of America,154299356,multiple_attendees,True,False,$763.00,"4. Although it examines the matter on a case-by-case basis based on the facts and circumstances of each case and each applicant’s role within a case (such as a firm responsible for coordinating filing and scheduling of and hearing on multiple professionals’ fee applications) regardless of whether any given threshold is exceeded, Rucki Fee Review generally does not consider time spent on fee issues to be presumptively unreasonable where less than 7% of total time has been charged for preparing fee applications and addressing fee issues. It applies these guidelines on a cumulative basis. Through the conclusion of the first quarterly fee period the Firm has charged 3.4 hours and $763.00 for fees billed related to the Firm’s fee applications on a cumulative basis. This amounts to less than 1% of total fees and Rucki Fee Review considers theses fees to be reasonable, necessary and appropriate.",/docket/16854880/1820/boy-scouts-of-america/
Boy Scouts of America,154299356,"duplication,rates",False,False,$461.79,"5. Subject to the agreed reductions set forth herein, Rucki Fee Review considers the staffing breakdown during the first quarterly fee period (percentage of hours billed by partners, counsel, associates and paraprofessionals respectively) to be appropriate, as reflected in the Firm’s blended hourly rate of $461.79, which is equivalent to a junior associate at the Firm’s hourly rates.",/docket/16854880/1820/boy-scouts-of-america/
Boy Scouts of America,154299356,"transitory_timekeepers,duplication",False,False,,"6. Further to the Firm’s staffing, Rucki Fee Review notes that the Firm utilized six professionals or paraprofessionals to perform its work during the first quarterly fee period, two of whom billed fewer than 15 hours during the first quarterly fee period. Rucki Fee Review gives additional scrutiny to time entries of those billing fewer than 15 hours in a quarter to address if the utilization of such particular persons was necessary for the case, but after review considers the utilization of these two persons be appropriate.",/docket/16854880/1820/boy-scouts-of-america/
Boy Scouts of America,154299356,"duplication,budget_staffing_plan",False,False,,"7. Rucki Fee Review notes that it is customary in cases before the Bankruptcy Court for a “reasonable effort” to comply with the Attorney Large Case Guidelines to include preparation of a budget and staffing plan for each applicable law firm agreed to by the client (debtor or committee). Here, the Firm did prepare a prospective budget and staffing plan, which is a factor Rucki Fee Review considers in evaluating the staffing and total fees on this matter, and the Firm was under its budget by approximately 8%. Subject to the agreed reductions set forth herein, Rucki Fee Review considers the Firm’s work to be well- coordinated within the Firm and with its fellow professionals.",/docket/16854880/1820/boy-scouts-of-america/
Boy Scouts of America,154299356,block_billing,True,False,,"8. Local Rule 2016-2 provides in section (d) that all fee applications shall include complete and detailed activity descriptions; each activity description shall include the type of activity, each activity description shall include the participants to the activity; each activity description shall include the subject matter and shall be sufficiently detailed to allow the bankruptcy court to determine whether all the time, or any portion thereof, is actual, reasonable, and necessary and shall include a time allotment billed in tenths of an hour and not be “lumped” with other entries. Notwithstanding the Local Rule, and consistent with the practice of certain of the Bankruptcy Court’s Judges, Rucki Fee Review does not object to “lumping” where a single timekeeper bills less than 0.5 hours during an entire day in the aggregate (not multiple lumped 0.5 entries).",/docket/16854880/1820/boy-scouts-of-america/
Boy Scouts of America,154299356,"vague,block_billing",True,False,,"9. Rucki Fee Review identified a de minimis amount of entries that it considers lumped or otherwise not fully compliant with the Local Rules for reasons such as not identifying the counterparties to e-mail discussions, which is not an uncommon practice. After conferral with the Firm, no reduction is recommended on account of these entries. For future fee applications, as with all other firms Rucki Fee Review has requested the Firm minimize the number of entries that employ phrasing such as “attention to” and “coordinate” which sometimes are vague as to what work was performed (i.e., drafting, reviewing, conferencing, etc.). Rucki Fee Review further requested that preparation time be separately billed from other activity, such as attending calls or hearings, and that the work done to prepare be specified wherever preparation time exceeds 2.0 hours in the aggregate for a given hearing or other event. Likewise, Rucki Fee Review requested the Firm ensure all e-mail correspondence and conferences identify the counterparties to the same.",/docket/16854880/1820/boy-scouts-of-america/
Boy Scouts of America,187929717,multiple_attendees,True,False,"$233,205.50,$20,016.50,$56,120.00,$9,922.00,$10,279.50","5. Although it examines the matter on a case-by-case basis based on the facts and circumstances of each case and each applicant’s role within a case (such as a firm responsible for coordinating filing and scheduling of and hearing on multiple professionals’ fee applications) regardless of whether any given threshold is exceeded, Rucki Fee Review generally does not consider time spent on fee issues to be presumptively unreasonable where less than 7% of total time has been charged for preparing fee applications and addressing fee issues. It applies these guidelines on a cumulative basis. Through the conclusion of the fourth quarterly fee period the Firm has charged approximately $233,205.50 for fees billed related to the Firm’s fee applications on a cumulative basis (net of $20,016.50 in reductions toward time spent on fee issues previously requested by Rucki Fee Review, which the Firm agreed to as a part of a global compromise of Rucki Fee Review’s requests). This amounts to approximately 5.7% of total fees, and includes approximately $56,120.00 in fees not previously considered by the Bankruptcy Court on an interim basis. Rucki Fee Review notes that only one monthly and one interim fee application of the Firm were filed during the fourth quarterly fee period, though the Firm began work on subsequent fee applications filed after the fourth quarterly fee period, and these fees also included time spent on the fee applications of another committee professional and other fee issues. Rucki Fee Review will evaluate the total time spent on subsequently filed fee applications in future fee periods, but subject to this and the agreed reductions set forth herein (which includes $9,922.00 of the $10,279.50 of agreed reductions discussed below for activity Rucki Fee Review considers administrative in nature), Rucki Fee Review considers these fees to be reasonable, necessary and appropriate.",/docket/16854880/7726/boy-scouts-of-america/
Boy Scouts of America,187929717,"duplication,rates",False,False,"$927.90,$908.02","6. Rucki Fee Review considers the staffing breakdown during the fourth quarterly fee period (percentage of hours billed by partners, counsel, associates and paraprofessionals respectively) to be appropriate. This is reflected in the Firm’s blended hourly rate of $927.902 (similar to $908.02 during the prior quarterly fee period), which is equivalent to a mid-level to senior associate at the Firm’s current hourly rates (which rates were subject to a periodic annual increase in January that Rucki Fee Review considers reasonable).",/docket/16854880/7726/boy-scouts-of-america/
Boy Scouts of America,187929717,"transitory_timekeepers,duplication",False,False,,"7. Further to the Firm’s staffing, Rucki Fee Review notes that the Firm utilized 14 professionals or paraprofessionals to perform its work during the fourth quarterly fee period (decreased from 17 during the first and third quarterly fee periods, and from 20 during the second quarterly fee period), three of whom billed fewer than 15 hours during the fourth quarterly fee period. Rucki Fee Review gives additional scrutiny to time entries of those billing fewer than 15 hours in a quarter to address if the utilization of such particular persons was necessary for the case, but after review considers the utilization of these persons to be appropriate.",/docket/16854880/7726/boy-scouts-of-america/
Boy Scouts of America,187929717,"duplication,budget_staffing_plan",False,False,$792.75,"8. Rucki Fee Review notes that it is customary in cases before the Bankruptcy Court for a “reasonable effort” to comply with the Attorney Large Case Guidelines to include preparation of a budget and staffing plan for each applicable law firm agreed to by the client 2 This varies from the $792.75 stated in the Fourth Quarterly Fee Application. (debtor or committee). Here, the Firm prepared a prospective budget and staffing plan for the fourth quarterly fee period, which is a factor Rucki Fee Review considers in evaluating the staffing and total fees on this matter. The Firm was under its budget for the fourth quarterly fee period by approximately 38%. Subject to the agreed reductions set forth herein, Rucki Fee Review considers the Firm’s work to be well-coordinated within the Firm and with its fellow professionals who have filed fee applications for the fourth quarterly fee period.",/docket/16854880/7726/boy-scouts-of-america/
Boy Scouts of America,187929717,block_billing,True,False,,"9. Local Rule 2016-2 provides in section (d) that all fee applications shall include complete and detailed activity descriptions; each activity description shall include the type of activity, each activity description shall include the participants to the activity; each activity description shall include the subject matter and shall be sufficiently detailed to allow the bankruptcy court to determine whether all the time, or any portion thereof, is actual, reasonable, and necessary and shall include a time allotment billed in tenths of an hour and not be “lumped” with other entries. Notwithstanding the Local Rule, and consistent with the practice of certain of the Bankruptcy Court’s Judges, Rucki Fee Review does not object to “lumping” where a single timekeeper bills less than 0.5 hours during an entire day in the aggregate (not multiple lumped 0.5 entries).",/docket/16854880/7726/boy-scouts-of-america/
Boy Scouts of America,187929717,"vague,block_billing",True,False,,"10. Rucki Fee Review identified a de minimis amount of entries that it considers lumped or otherwise not fully compliant with the Local Rules for reasons such as not identifying the counterparties to e-mail discussions, which is not an uncommon practice. After conferral with the Firm, no reduction is recommended on account of these entries. For future fee applications, as with all other firms, Rucki Fee Review has requested the Firm minimize the number of entries that employ phrasing such as “attention to” and “coordinate” which sometimes are vague as to what work was performed (i.e., drafting, reviewing, conferencing, etc.). Rucki Fee Review further requested that preparation time be separately billed from other activity, such as attending calls or hearings, and that the work done to prepare be specified wherever preparation time exceeds 2.0 hours in the aggregate for a given hearing or other event. Likewise, Rucki Fee Review requested the Firm ensure all e-mail correspondence and conferences identify the counterparties to the same.",/docket/16854880/7726/boy-scouts-of-america/
Boy Scouts of America,187929717,overhead_clerical,True,False,"$10,279.50","11. Administrative tasks that are generally not compensable by a non-chapter 11 client or that are secretarial in nature are not compensable in chapter 11. Rucki Fee Review identified certain work it considers non-compensable administrative activity in the amount of $10,279.50, and the Firm has agreed to a fee reduction in this amount in compromise of Rucki Fee Review’s request.",/docket/16854880/7726/boy-scouts-of-america/
Boy Scouts of America,187927809,multiple_attendees,True,False,"$4,560.50,$1,746.50","4. Although it examines the matter on a case-by-case basis based on the facts and circumstances of each case and each applicant’s role within a case (such as a firm responsible for coordinating filing and scheduling of and hearing on multiple professionals’ fee applications) regardless of whether any given threshold is exceeded, Rucki Fee Review generally does not consider time spent on fee issues to be presumptively unreasonable where less than 7% of total time has been charged for preparing fee applications and addressing fee issues. It applies these guidelines on a cumulative basis. Through the conclusion of the Firm’s third quarterly fee period the Firm has charged approximately $4,560.50 for fees billed related to the Firm’s fee applications and related fee issues on a cumulative basis, including $1,746.50 not previously considered by the bankruptcy court on an interim basis. These cumulative fees amount to less than 1% of total cumulative fees and subject to the agreed reductions set forth herein, Rucki Fee Review considers theses fees to be reasonable, necessary and appropriate.",/docket/16854880/7716/boy-scouts-of-america/
Boy Scouts of America,187927809,"duplication,rates",False,False,"$344.49,$461.79,$330.45","5. Rucki Fee Review considers the staffing breakdown during the third quarterly fee period (percentage of hours billed by partners, counsel, associates and paraprofessionals respectively) to be appropriate, as reflected in the Firm’s blended hourly rate of $344.49 (which compares to $461.79 in the Firm’s first quarterly fee period and $330.45 in the Firm’s second quarterly fee period), which is equivalent to a junior associate at the Firm’s hourly rates.",/docket/16854880/7716/boy-scouts-of-america/
Boy Scouts of America,187927809,"transitory_timekeepers,duplication",False,False,,"6. Further to the Firm’s staffing, Rucki Fee Review notes that the Firm utilized 19 professionals or paraprofessionals to perform its work during the Firm’s third quarterly fee period (up from six during the Firm’s first quarterly fee period and nine during the Firm’s second quarterly fee period, owing to extra staff attorneys and paraprofessionals who assisted with the review and gathering of data from insurance policies). Five of these persons billed fewer than 15 hours during the third quarterly fee period.2 Rucki Fee Review 2 The Third Quarterly Fee Application inadvertently states this number as three persons in response to the Attorney Large Case Guidelines questions, but accurately presents these five persons in the charts within the Third Quarterly Fee Application. gives additional scrutiny to time entries of those billing fewer than 15 hours in a quarter to address if the utilization of such particular persons was necessary for the case, but after review considers the utilization of these three persons to be appropriate.",/docket/16854880/7716/boy-scouts-of-america/
Boy Scouts of America,187927809,"duplication,budget_staffing_plan",False,False,,"7. Rucki Fee Review notes that it is customary in cases before the Bankruptcy Court for a “reasonable effort” to comply with the Attorney Large Case Guidelines to include preparation of a budget and staffing plan for each applicable law firm agreed to by the client (debtor or committee). Here, the Firm did prepare a prospective budget and staffing plan, which is a factor Rucki Fee Review considers in evaluating the staffing and total fees on this matter, and the Firm was over its budget by approximately 8%. Nevertheless, subject to the agreed reductions set forth herein, Rucki Fee Review considers the Firm’s work to be well-coordinated within the Firm and with its fellow professionals.",/docket/16854880/7716/boy-scouts-of-america/
Boy Scouts of America,187927809,block_billing,True,False,,"8. Local Rule 2016-2 provides in section (d) that all fee applications shall include complete and detailed activity descriptions; each activity description shall include the type of activity, each activity description shall include the participants to the activity; each activity description shall include the subject matter and shall be sufficiently detailed to allow the bankruptcy court to determine whether all the time, or any portion thereof, is actual, reasonable, and necessary and shall include a time allotment billed in tenths of an hour and not be “lumped” with other entries. Notwithstanding the Local Rule, and consistent with the practice of certain of the Bankruptcy Court’s Judges, Rucki Fee Review does not object to “lumping” where a single timekeeper bills less than 0.5 hours during an entire day in the aggregate (not multiple lumped 0.5 entries).",/docket/16854880/7716/boy-scouts-of-america/
Boy Scouts of America,187927809,"vague,block_billing",True,False,,"9. Rucki Fee Review identified a de minimis amount of entries that it considers lumped or otherwise not fully compliant with the Local Rules for reasons such as not identifying the counterparties to e-mail discussions, which is not an uncommon practice. After conferral with the Firm, no reduction is recommended on account of these entries. For future fee applications, as with all other firms, Rucki Fee Review has requested the Firm minimize the number of entries that employ phrasing such as “attention to” and “coordinate” which sometimes are vague as to what work was performed (i.e., drafting, reviewing, conferencing, etc.). Rucki Fee Review further requested that preparation time be separately billed from other activity, such as attending calls or hearings, and that the work done to prepare be specified wherever preparation time exceeds 2.0 hours in the aggregate for a given hearing or other event. Likewise, Rucki Fee Review requested the Firm ensure all e-mail correspondence and conferences identify the counterparties to the same.",/docket/16854880/7716/boy-scouts-of-america/
Boy Scouts of America,154299243,multiple_attendees,True,False,"$53,647.80,$9.21,$9,121.00,$5,364.00","4. Although it examines the matter on a case-by-case basis based on the facts and circumstances of each case and each applicant’s role within a case (such as a firm responsible for coordinating filing and scheduling of and hearing on multiple professionals’ fee applications) regardless of whether any given threshold is exceeded, Rucki Fee Review generally does not consider time spent on fee issues to be presumptively unreasonable where less than 7% of total time has been charged for preparing fee applications and addressing fee issues. It applies these guidelines on a cumulative basis. By Rucki Fee Review’s calculations, through the conclusion of the second quarterly fee period the Firm has charged approximately 140.5 hours and $53,647.80 in fees related to the Firm’s fee applications and related fee issues on a cumulative basis through the end of the second quarterly fee period.1 This amounts to approximately 5.7% of the Firm’s total fees billed to the estate to date. While this total is not presumptively unreasonable using Rucki Fee Review’s 7% threshold, Rucki Fee Review still requested a reduction to these fees on account of time that it believes may have been for invoice review beyond that which is compensable for privilege review (which the Firm states was 15.7 hours/$9.211.80 in fees for the first quarterly fee period and 28.9 hours/$9,121.00 in fees for the second quarterly 1 This number includes e-mail correspondence and conferences; and thus it exceeds the numbers stated in the Quarterly Fee Applications. fee period) or de minimis time for Local Rule compliance, and the Firm agreed to a reduction of $5,364.00 in connection with these fees in compromise of Rucki Fee Review’s request with respect to these fees.",/docket/16854880/1823/boy-scouts-of-america/
Boy Scouts of America,154299243,"duplication,rates",False,False,"$387.00,$364.17","5. Rucki Fee Review considers the staffing breakdown during the first quarterly fee period (percentage of hours billed by partners, counsel, associates and paraprofessionals respectively) to be appropriate, as reflected in the Firm’s blended hourly rate of $387.00, which is equivalent to an associate at the Firm’s hourly rates. Rucki Fee Review also considers the staffing breakdown to be appropriate for the second quarterly fee period, as reflected in the Firm’s blended hourly rate of $364.17 for the second quarterly fee period.1",/docket/16854880/1823/boy-scouts-of-america/
Boy Scouts of America,154299243,"transitory_timekeepers,duplication,rates",False,True,,"6. Further to the Firm’s staffing, Rucki Fee Review notes that the Firm utilized 42 professionals or paraprofessionals to perform its work during the first quarterly fee period, 31 of whom billed fewer than 15 hours during the first quarterly fee period (though it should be noted the Firm prospectively waived the fees of one of these paraprofessionals). During the second quarterly fee period, the Firm utilized 18 professionals or paraprofessionals to perform its work during the second quarterly fee period, 12 of whom billed fewer than 15 hours during the second quarterly fee period. Rucki Fee Review gives additional scrutiny to time entries of those billing fewer than 15 hours in a quarter to address if the utilization of such particular persons was necessary for the case, but after review considers the utilization of these persons be appropriate, subject to the agreed reduction discussed below 1 Further to the Firm’s billing rates, Rucki Fee Review notes that for some matters, such as those billed to insurance providers rather than the estate to date (with a reservation of the Firm’s rights to seek payment from the estate if not paid by the applicable insurer), the Firm has agreed to a discount to its normal hourly rates. Rucki Fee Review requested and received confirmation that all applicable discounts have been applied in matters billed to the estate, where and if applicable. with respect to the work of one professional whose time was billed as a fixed fee for work product generated relating to COVID-19 crisis employment issues, which fixed fee is technically beyond the scope of the Firm’s retention. The nature of the Firm’s work required a large number of persons who billed a small amount of time. In certain instances, this is because certain attorneys at the Firm have historically been tasked with overseeing different non-bankruptcy litigations.",/docket/16854880/1823/boy-scouts-of-america/
Boy Scouts of America,154299243,"duplication,budget_staffing_plan",False,False,,"7. Rucki Fee Review notes that it is customary in cases before the Bankruptcy Court for a “reasonable effort” to comply with the Attorney Large Case Guidelines to include preparation of a budget and staffing plan for each applicable law firm agreed to by the client (debtor or committee). Here, the Firm prepared a prospective staffing plan for both of the first two quarterly fee periods, but did not prepare a formal prospective budget. As noted in the second quarterly fee application, however, the Firm was significantly under the budget estimated for the Firm by the debtors’ financial advisor (with actual billings less than one-third of the estimated amounts for the second quarterly fee period, according to the Second Quarterly Fee Application), which is a factor Rucki Fee Review considers in evaluating the staffing and total fees on this matter. Subject to the agreed reductions set forth herein, Rucki Fee Review considers the Firm’s work to be well-coordinated within the Firm and with its fellow professionals. For future periods, Rucki Fee Review has requested the Firm begin to prepare formal prospective budgets as contemplated by the Attorney Large Case Guidelines and attach these budgets to the Firm’s future quarterly fee applications.",/docket/16854880/1823/boy-scouts-of-america/
Boy Scouts of America,154299243,block_billing,True,False,,"8. Local Rule 2016-2 provides in section (d) that all fee applications shall include complete and detailed activity descriptions; each activity description shall include the type of activity, each activity description shall include the participants to the activity; each activity description shall include the subject matter and shall be sufficiently detailed to allow the bankruptcy court to determine whether all the time, or any portion thereof, is actual, reasonable, and necessary and shall include a time allotment billed in tenths of an hour and not be “lumped” with other entries. Notwithstanding the Local Rule, and consistent with the practice of certain of the Bankruptcy Court’s Judges, Rucki Fee Review does not object to “lumping” where a single timekeeper bills less than 0.5 hours during an entire day in the aggregate (not multiple lumped 0.5 entries).",/docket/16854880/1823/boy-scouts-of-america/
Boy Scouts of America,154299243,"vague,block_billing",True,False,"$3,000.00","9. Rucki Fee Review identified a small number of entries that it considers lumped or otherwise not fully compliant with the Local Rules for reasons such as not identifying the counterparties to e-mail discussions, which is not an uncommon practice. After conferral with the Firm, the Firm has agreed to a reduction of $3,000.00 on account of these entries in compromise of Rucki Fee Review’s request. For its remaining future fee applications, as with all other firms Rucki Fee Review has requested the Firm minimize the number of entries that employ phrasing such as “attention to” and “coordinate” which sometimes are vague as to what work was performed (i.e., drafting, reviewing, conferencing, etc.). Rucki Fee Review further requested that preparation time be separately billed from other activity, such as attending calls or hearings, and that the work done to prepare be specified wherever preparation time exceeds 2.0 hours in the aggregate for a given hearing or other event. Likewise, Rucki Fee Review requested the Firm ensure all e-mail correspondence and conferences identify the counterparties to the same.",/docket/16854880/1823/boy-scouts-of-america/
Boy Scouts of America,154299243,overhead_clerical,True,False,"$6,000.00","10. Administrative tasks that are generally not compensable by a non-chapter 11 client or that are secretarial in nature are not compensable in chapter 11. Rucki Fee Review identified certain entries it considered administrative or potentially administrative in whole or in part. After conferral with the Firm, the Firm has agreed to a reduction of $6,000.00 in compromise of Rucki Fee Review’s request with respect to these entries.",/docket/16854880/1823/boy-scouts-of-america/
Boy Scouts of America,154299281,multiple_attendees,True,True,"$59,616.50","4. Although it examines the matter on a case-by-case basis based on the facts and circumstances of each case and each applicant’s role within a case (such as a firm responsible for coordinating filing and scheduling of and hearing on multiple professionals’ fee applications) regardless of whether any given threshold is exceeded, Rucki Fee Review generally does not consider time spent on fee issues to be presumptively unreasonable where less than 7% of total time has been charged for preparing fee applications and addressing fee issues. It applies these guidelines on a cumulative basis. Through the conclusion of the second quarterly fee period the Firm has charged approximately 134.3 hours and $59,616.50 for fees billed related to the Firm’s fee applications and the fee applications of other debtor professionals on a cumulative basis. This amounts to approximately 7.2% of total fees, but subject to the agreed reductions herein Rucki Fee Review still considers theses fees to be reasonable, necessary and appropriate. Less than half of these fees are for the Firm’s fee applications, and the Firm necessarily must file the fee applications and related items (such as CNOs and COCs) of the other debtor professionals, which account for a greater percentage of the Firm’s work given its role in these chapter 11 cases as Delaware counsel.",/docket/16854880/1822/boy-scouts-of-america/
Boy Scouts of America,154299281,"duplication,rates",False,False,"$587.55,$522.38","5. Rucki Fee Review considers the staffing breakdown during the first quarterly fee period (percentage of hours billed by partners, counsel, associates and paraprofessionals respectively) to be appropriate, as reflected in the Firm’s blended hourly rate of $587.55, which is equivalent to a mid-level associate at the Firm’s hourly rates. Rucki Fee Review also considers the staffing breakdown to be appropriate for the second quarterly fee period, as reflected in the Firm’s blended hourly rate of $522.38 for the second quarterly fee period.",/docket/16854880/1822/boy-scouts-of-america/
Boy Scouts of America,154299281,"transitory_timekeepers,duplication",False,False,$391.50,"6. Further to the Firm’s staffing, Rucki Fee Review notes that the Firm utilized 23 professionals or paraprofessionals to perform its work during the first quarterly fee period, 15 of whom billed fewer than 15 hours during the first quarterly fee period. During the second quarterly fee period, the Firm utilized 16 professionals or paraprofessionals to perform its work during the second quarterly fee period, eight of whom billed fewer than 15 hours during the second quarterly fee period, and the Firm reduced the size of its core team by one attorney. Rucki Fee Review gives additional scrutiny to time entries of those billing fewer than 15 hours in a quarter to address if the utilization of such particular persons was necessary for the case, but after review considers the utilization of these persons be appropriate other than the first quarterly (but not second quarterly) work of one professional, whose first quarterly time of 0.9 hours and $391.50 in fees is among the agreed reductions discussed in paragraph 12 herein.",/docket/16854880/1822/boy-scouts-of-america/
Boy Scouts of America,154299281,"duplication,budget_staffing_plan",False,False,,"7. Rucki Fee Review notes that it is customary in cases before the Bankruptcy Court for a “reasonable effort” to comply with the Attorney Large Case Guidelines to include preparation of a budget and staffing plan for each applicable law firm agreed to by the client (debtor or committee). Here, the Firm did prepare a prospective staffing plan for the first quarterly fee period and second quarterly fee period and the Firm’s core team generally comported with these staffing plans, but the Firm did not prepare a prospective formal budget for either period, which is a factor Rucki Fee Review considers in evaluating the staffing and total fees on this matter. Rucki Fee Review has requested that the Firm prepare a budget as contemplated by Attorney Large Case Guidelines for future periods, but subject to the agreed reductions set forth herein Rucki Fee Review considers the Firm’s work to be well-coordinated within the Firm and with its fellow professionals to date.",/docket/16854880/1822/boy-scouts-of-america/
Boy Scouts of America,154299281,block_billing,True,False,,"8. Local Rule 2016-2 provides in section (d) that all fee applications shall include complete and detailed activity descriptions; each activity description shall include the type of activity, each activity description shall include the participants to the activity; each activity description shall include the subject matter and shall be sufficiently detailed to allow the bankruptcy court to determine whether all the time, or any portion thereof, is actual, reasonable, and necessary and shall include a time allotment billed in tenths of an hour and not be “lumped” with other entries. Notwithstanding the Local Rule, and consistent with the practice of certain of the Bankruptcy Court’s Judges, Rucki Fee Review does not object to “lumping” where a single timekeeper bills less than 0.5 hours during an entire day in the aggregate (not multiple lumped 0.5 entries).",/docket/16854880/1822/boy-scouts-of-america/
Boy Scouts of America,154299281,"vague,block_billing",True,False,"$2,000.00","9. Rucki Fee Review identified a small number of entries that it considers lumped or otherwise not fully compliant with the Local Rules for reasons such as not identifying the counterparties to e-mail discussions, which is not an uncommon practice. After conferral with the Firm, the Firm has agreed to a reduction of $2,000.00 on account of these entries in compromise of Rucki Fee Review’s request. For future fee applications, as with all other firms Rucki Fee Review has requested the Firm minimize the number of entries that employ phrasing such as “attention to” and “coordinate” which sometimes are vague as to what work was performed (i.e., drafting, reviewing, conferencing, etc.). Rucki Fee Review further requested that preparation time be separately billed from other activity, such as attending calls or hearings, and that the work done to prepare be specified wherever preparation time exceeds 2.0 hours in the aggregate for a given hearing or other event. Likewise, Rucki Fee Review requested the Firm ensure all e-mail correspondence and conferences identify the counterparties to the same.",/docket/16854880/1822/boy-scouts-of-america/
Boy Scouts of America,154299281,overhead_clerical,True,False,"$3,758.50","10. Administrative tasks that are generally not compensable by a non-chapter 11 client or that are secretarial in nature are not compensable in chapter 11. Rucki Fee Review identified certain entries it considered administrative or potentially administrative in whole or in part. After conferral with the Firm, the Firm has agreed to a reduction of $3,758.50 in compromise of Rucki Fee Review’s request with respect to these entries.",/docket/16854880/1822/boy-scouts-of-america/
Boy Scouts of America,160535446,multiple_attendees,True,False,,"4. Although it examines the matter on a case-by-case basis based on the facts and circumstances of each case and each applicant’s role within a case (such as a firm responsible for coordinating filing and scheduling of and hearing on multiple professionals’ fee applications) regardless of whether any given threshold is exceeded, Rucki Fee Review generally does not consider time spent on fee issues to be presumptively unreasonable where less than 7% of total time has been charged for preparing fee applications and addressing fee issues. It applies these guidelines on a cumulative basis. Through the conclusion of the second quarterly fee period the Firm has not charged any time on account of the Firm’s fee applications and related fee issues, which were prepared by counsel to the FCR.",/docket/16854880/2164/boy-scouts-of-america/
Boy Scouts of America,160535446,"duplication,rates",False,False,$427.78,"5. Rucki Fee Review considers the staffing breakdown during the second quarterly fee period (percentage of hours billed by senior managing directors, managing directors, senior directors, directors, senior associates and associates, respectively) to be appropriate, as reflected in the Firm’s blended hourly rate of $427.78, which is slightly above a senior director at the Firm’s hourly rates.",/docket/16854880/2164/boy-scouts-of-america/
Boy Scouts of America,160535446,"transitory_timekeepers,duplication",False,False,,"6. Further to the Firm’s staffing, Rucki Fee Review notes that the Firm utilized twelve professionals to perform its work during the second quarterly fee period (after performing nominal work during the Firm’s first quarterly fee period), five of whom billed fewer than 15 hours during the Firm’s second quarterly fee period. Rucki Fee Review gives additional scrutiny to time entries of those billing fewer than 15 hours in a quarter to address if the utilization of such particular persons was necessary for the case, but subject to the agreed reductions set forth herein does not object to the utilization of these persons and, more broadly, considers the Firm’s work to be well-coordinated with its fellow professionals.",/docket/16854880/2164/boy-scouts-of-america/
Boy Scouts of America,160535446,block_billing,True,False,,"7. Local Rule 2016-2 provides in section (d) that all fee applications shall include complete and detailed activity descriptions; each activity description shall include the type of activity, each activity description shall include the participants to the activity; each activity description shall include the subject matter and shall be sufficiently detailed to allow the bankruptcy court to determine whether all the time, or any portion thereof, is actual, reasonable, and necessary and shall include a time allotment billed in tenths of an hour and not be “lumped” with other entries. Notwithstanding the Local Rule, and consistent with the practice of certain of the Bankruptcy Court’s Judges, Rucki Fee Review does not object to “lumping” where a single timekeeper bills less than 0.5 hours during an entire day in the aggregate (not multiple lumped 0.5 entries).",/docket/16854880/2164/boy-scouts-of-america/
Boy Scouts of America,160535446,"vague,block_billing",True,False,"$3,000.00","8. Rucki Fee Review identified a number of entries that it considers lumped or otherwise not fully compliant with the Local Rules for reasons such as not identifying the counterparties to conferences and e-mail discussions, which with respect to the latter is not an uncommon practice. After conferral with the Firm, the Firm has agreed to a reduction of $3,000.00 on account of these entries in compromise of Rucki Fee Review’s request. For its remaining future fee applications, as with all other firms, Rucki Fee Review has requested the Firm minimize the number of entries that employ phrasing such as “attention to” and “coordinate” which sometimes are vague as to what work was performed (i.e., drafting, reviewing, conferencing, etc.). Rucki Fee Review further requested that preparation time be separately billed from other activity, such as attending calls or hearings, and that the work done to prepare be specified wherever preparation time exceeds 2.0 hours in the aggregate for a given hearing or other event. Likewise, Rucki Fee Review requested the Firm ensure all e-mail correspondence and conferences identify the counterparties to the same.",/docket/16854880/2164/boy-scouts-of-america/
Boy Scouts of America,187927818,multiple_attendees,True,False,,"4. Although it examines the matter on a case-by-case basis based on the facts and circumstances of each case and each applicant’s role within a case (such as a firm responsible for coordinating filing and scheduling of and hearing on multiple professionals’ fee applications) regardless of whether any given threshold is exceeded, Rucki Fee Review generally does not consider time spent on fee issues to be presumptively unreasonable where less than 7% of total time has been charged for preparing fee applications and addressing fee issues. It applies these guidelines on a cumulative basis. Through the conclusion of the third quarterly fee period the Firm has not charged any time on account of the Firm’s fee applications and related fee issues, which were prepared by counsel to the FCR.",/docket/16854880/7715/boy-scouts-of-america/
Boy Scouts of America,187927818,"duplication,rates",False,False,"$323.83,$427.78","5. Rucki Fee Review considers the staffing breakdown during the third quarterly fee period (percentage of hours billed by senior managing directors, managing directors, senior directors, directors, senior associates and associates, respectively) to be appropriate, as reflected in the Firm’s blended hourly rate of $323.83 (decreased from $427.78 during the prior quarterly fee period after performing nominal work during the Firm’s first quarterly fee period), which is situated between a director and senior director, the Firm’s middle personnel tiers, at the Firm’s hourly rates.",/docket/16854880/7715/boy-scouts-of-america/
Boy Scouts of America,187927818,"transitory_timekeepers,duplication",False,False,$525.00,"6. Further to the Firm’s staffing, Rucki Fee Review notes that the Firm utilized seventeen professionals to perform its work during the Firm’s third quarterly fee period (after performing nominal work during the Firm’s first quarterly fee period and utilizing twelve persons during the Firm’s second quarterly fee period), seven of whom billed fewer than 15 hours during the Firm’s third quarterly fee period. Rucki Fee Review gives additional scrutiny to time entries of those billing fewer than 15 hours in a quarter to address if the utilization of such particular persons was necessary for the case. After conferral with the Firm, Rucki Fee Review requested the waiver of the 3.0 hours and $525.00 in fees billed by one of these professionals, but considers the utilization of these other professionals to be appropriate. More broadly, Rucki Fee Review considers the Firm’s work to be well- coordinated with its fellow professionals, subject to the agreed reductions set forth herein.",/docket/16854880/7715/boy-scouts-of-america/
Boy Scouts of America,187927818,block_billing,True,False,,"7. Local Rule 2016-2 provides in section (d) that all fee applications shall include complete and detailed activity descriptions; each activity description shall include the type of activity, each activity description shall include the participants to the activity; each activity description shall include the subject matter and shall be sufficiently detailed to allow the bankruptcy court to determine whether all the time, or any portion thereof, is actual, reasonable, and necessary and shall include a time allotment billed in tenths of an hour and not be “lumped” with other entries. Notwithstanding the Local Rule, and consistent with the practice of certain of the Bankruptcy Court’s Judges, Rucki Fee Review does not object to “lumping” where a single timekeeper bills less than 0.5 hours during an entire day in the aggregate (not multiple lumped 0.5 entries).",/docket/16854880/7715/boy-scouts-of-america/
Boy Scouts of America,187927818,"vague,block_billing",True,False,"$6,000.00","8. Rucki Fee Review identified a number of entries that it considers lumped or otherwise not fully compliant with the Local Rules for reasons such as not identifying the counterparties to e-mail discussions, which is not an uncommon practice. After conferral with the Firm, the Firm has agreed to a reduction of $6,000.00 on account of these entries in compromise of Rucki Fee Review’s request. For its remaining future fee applications, as with all other firms, Rucki Fee Review has requested the Firm minimize the number of entries that employ phrasing such as “attention to” and “coordinate” which sometimes are vague as to what work was performed (i.e., drafting, reviewing, conferencing, etc.). Rucki Fee Review further requested that preparation time be separately billed from other activity, such as attending calls or hearings, and that the work done to prepare be specified wherever preparation time exceeds 2.0 hours in the aggregate for a given hearing or other event. Likewise, Rucki Fee Review requested the Firm ensure all e-mail correspondence and conferences identify the counterparties to the same.",/docket/16854880/7715/boy-scouts-of-america/
Boy Scouts of America,187927774,multiple_attendees,True,False,"$404,187.75,$39,707.25,$46,820.00,$4,000.00","4. Although it examines the matter on a case-by-case basis based on the facts and circumstances of each case and each applicant’s role within a case (such as a firm responsible for coordinating filing and scheduling of and hearing on multiple professionals’ fee applications) regardless of whether any given threshold is exceeded, Rucki Fee Review generally does not consider time spent on fee issues to be presumptively unreasonable where less than 7% of total time has been charged for preparing fee applications and addressing fee issues. It applies these guidelines on a cumulative basis. Through the conclusion of the fourth quarterly fee period the Firm has charged approximately $404,187.75 for fees billed related to the Firm’s fee applications or the fee applications of other debtor professionals and related fee issues on a cumulative basis (net of $39,707.25 in fee reductions previously requested by Rucki Fee Review on account of such fees during prior fee periods and agreed to by the Firm in compromise of Rucki Fee Review’ request). This includes approximately $46,820.00 in fees not previously considered by the bankruptcy court on an interim basis (which includes certain time billed under Code 21 – Hearing and Court Matters – in preparation for a quarterly fee hearing). On a cumulative basis, the Firm’s cumulative fees in this category equal approximately 3.6% of total fees given the size of the Firm’s total fees and thus is not in excess of the 7% threshold mentioned above. Nevertheless, Rucki Fee Review requested a fee reduction on account of certain of these fees, including certain work it considered administrative in nature, and the Firm has agreed to a fee reduction of $4,000.00 on account of these fees in compromise of Rucki Fee Review’s request. After accounting for these agreed reductions, Rucki Fee Review considers these fees to be reasonable, necessary and appropriate.",/docket/16854880/7719/boy-scouts-of-america/
Boy Scouts of America,187927774,"duplication,rates",False,False,"$680.17,$887.77,$869.88,$857.97","5. Rucki Fee Review considers the staffing breakdown during the fourth quarterly fee period (percentage of hours billed by partners, counsel, associates and paraprofessionals respectively) to be appropriate as it transitioned its work in these chapter 11 cases, as reflected in the Firm’s blended hourly rate of $680.17 (decreased from $887.77 during the first quarterly fee period, $869.88 during the second quarterly fee period and $857.97 during the third quarterly fee period), which is equivalent to a junior associate at the Firm’s hourly rates.",/docket/16854880/7719/boy-scouts-of-america/
Boy Scouts of America,187927774,"transitory_timekeepers,duplication",False,False,,"6. Further to the Firm’s staffing, Rucki Fee Review notes that the Firm utilized 11 2 professionals or paraprofessionals to perform its work during the fourth quarterly fee period, all but three of whom billed fewer than 15 hours during the fourth quarterly fee period. This is a decrease from 37 persons during the first quarterly fee period, 28 persons during the second quarterly fee period and 30 during the third quarterly fee period. Rucki Fee Review gives additional scrutiny to time entries of those billing fewer than 15 hours in a quarter to address if the utilization of such particular persons was necessary for the case, but after review considers the utilization of these persons not to be objectionable as the Firm transitioned its work, and all of these persons other than one paraprofessional performed work in prior quarterly fee periods.",/docket/16854880/7719/boy-scouts-of-america/
Boy Scouts of America,187927774,"duplication,budget_staffing_plan",False,False,"$89,860.00,$140,530.00","7. Rucki Fee Review notes that it is customary in cases before the Bankruptcy Court for a “reasonable effort” to comply with the Attorney Large Case Guidelines to include preparation of a budget and staffing plan for each applicable law firm agreed to by the client (debtor or committee). Here, the Firm did prepare a prospective budget and staffing plan for the fourth quarterly fee period, which is a factor Rucki Fee Review considers in evaluating the staffing and total fees on this matter. The Firm’s budgeted fees for the fourth quarterly fee period were a range of $89,860.00-$140,530.00, meaning the Firm’s fees were just slightly above the bottom of this range. Subject to the agreed reductions set forth 2 Though 11 professionals/paraprofessionals were listed in the tables to the Fourth Quarterly Fee Application and eight billed fewer than 15.0 hours, these numbers appear to have been inadvertently stated as six and four in another portion thereof. These lower numbers appear to exclude paraprofessionals. herein, Rucki Fee Review considers the Firm’s work to be well-coordinated within the Firm and with its fellow professionals, including the Firm’s successor as bankruptcy counsel to the debtors, White & Case LLP.",/docket/16854880/7719/boy-scouts-of-america/
Boy Scouts of America,187927774,block_billing,True,False,,"8. Local Rule 2016-2 provides in section (d) that all fee applications shall include complete and detailed activity descriptions; each activity description shall include the type of activity, each activity description shall include the participants to the activity; each activity description shall include the subject matter and shall be sufficiently detailed to allow the bankruptcy court to determine whether all the time, or any portion thereof, is actual, reasonable, and necessary and shall include a time allotment billed in tenths of an hour and not be “lumped” with other entries. Notwithstanding the Local Rule, and consistent with the practice of certain of the Bankruptcy Court’s Judges, Rucki Fee Review does not object to “lumping” where a single timekeeper bills less than 0.5 hours during an entire day in the aggregate (not multiple lumped 0.5 entries).",/docket/16854880/7719/boy-scouts-of-america/
Boy Scouts of America,187927774,"vague,block_billing",True,False,,"9. Rucki Fee Review identified a de minimis amount of entries that it considers lumped or otherwise not fully compliant with the Local Rules for reasons such as not identifying the counterparties to e-mail discussions, which is not an uncommon practice. No reduction is recommended on account of these entries. For future fee applications, as with all other firms, Rucki Fee Review has requested the Firm minimize the number of entries that employ phrasing such as “attention to” and “coordinate” which sometimes are vague as to what work was performed (i.e., drafting, reviewing, conferencing, etc.). Rucki Fee Review further requested that preparation time be separately billed from other activity, such as attending calls or hearings, and that the work done to prepare be specified wherever preparation time exceeds 2.0 hours in the aggregate for a given hearing or other event. Likewise, Rucki Fee Review requested the Firm ensure all e-mail correspondence and conferences identify the counterparties to the same.",/docket/16854880/7719/boy-scouts-of-america/
Boy Scouts of America,187929713,multiple_attendees,True,False,"$6,262.00,$3,995.00","4. Although it examines the matter on a case-by-case basis based on the facts and circumstances of each case and each applicant’s role within a case (such as a firm responsible for coordinating filing and scheduling of and hearing on multiple professionals’ fee applications) regardless of whether any given threshold is exceeded, Rucki Fee Review generally does not consider time spent on fee issues to be presumptively unreasonable where less than 7% of total time has been charged for preparing fee applications and addressing fee issues. It applies these guidelines on a cumulative basis. Through the conclusion of the fourth quarterly fee period the Firm has charged approximately $6,262.00 for fees billed related to the Firm’s fee applications on a cumulative basis. This amounts to less than 1% of the Firm’s total fees, and includes $3,995.00 not previously considered by the Bankruptcy Court on an interim basis. Subject to the agreed reductions set forth herein, Rucki Fee Review considers these fees to be reasonable, necessary and appropriate.",/docket/16854880/7722/boy-scouts-of-america/
Boy Scouts of America,187929713,"duplication,rates",False,False,"$344.82,$319.63","5. Rucki Fee Review considers the staffing breakdown during the fourth quarterly fee period (percentage of hours billed by presidents, vice presidents, senior managers, managers, senior consultants and consultants, respectively) to be appropriate, as reflected in the Firm’s blended hourly rate of $344.82 (increased slightly from $319.63 during the third quarterly fee period after the Firm billed nominal work during the first two quarterly fee periods). This blended rate is situated between a consultant and senior consultant’s rates (the Firm’s two lowest personnel tiers) at the Firm’s current hourly rates, which rates were periodically increased in January 2021 and which increased rates Rucki Fee Review considers reasonable.",/docket/16854880/7722/boy-scouts-of-america/
Boy Scouts of America,187929713,"transitory_timekeepers,duplication,internal_conferences",True,False,"$1,749.00","6. Further to the Firm’s staffing, Rucki Fee Review notes that the Firm utilized 17 professionals to perform its work during the fourth quarterly fee period (increased from 13 professionals during the third quarterly fee period after billing only 26.7 hours and 20.4 hours, respectively, during the first quarterly fee period and the second quarterly fee period), three of whom billed fewer than 15 hours during the fourth quarterly fee period. Rucki Fee Review gives additional scrutiny to time entries of those billing fewer than 15 hours in a quarter to address if the utilization of such particular persons was necessary for the case, but here considers the utilization of these persons to be appropriate other than to request a waiver of the 5.3 hours and $1,749.00 in fees billed by one of these professionals, which the Firm agreed to in compromise of Rucki Fee Review’s request. Subject to the agreed fee reductions set forth herein, Rucki Fee Review also considers the Firm’s work to be well-coordinated within the Firm and with its fellow professionals on an overall basis. The Firm was engaged in significant insurance archeology efforts during the third and fourth quarterly fee periods, resulting in the increase in the Firm’s work relative to the first two quarterly fee periods. Because this was a significant undertaking, Rucki Fee Review considers the time spent by the Firm on internal conferences and electronic communications to be acceptable, but expects this number will decrease in future periods.",/docket/16854880/7722/boy-scouts-of-america/
Boy Scouts of America,187929713,block_billing,True,False,,"7. Local Rule 2016-2 provides in section (d) that all fee applications shall include complete and detailed activity descriptions; each activity description shall include the type of activity, each activity description shall include the participants to the activity; each activity description shall include the subject matter and shall be sufficiently detailed to allow the bankruptcy court to determine whether all the time, or any portion thereof, is actual, reasonable, and necessary and shall include a time allotment billed in tenths of an hour and not be “lumped” with other entries. Notwithstanding the Local Rule, and consistent with the practice of certain of the Bankruptcy Court’s Judges, Rucki Fee Review does not object to “lumping” where a single timekeeper bills less than 0.5 hours during an entire day in the aggregate (not multiple lumped 0.5 entries).",/docket/16854880/7722/boy-scouts-of-america/
Boy Scouts of America,187929713,"vague,block_billing",True,False,$500.00,"8. Rucki Fee Review identified a small number of entries that it considers lumped or otherwise not fully compliant with the Local Rules for reasons such as not identifying the counterparties to e-mail discussions, which is not an uncommon practice. After conferral with the Firm, the Firm has agreed to a reduction of $500.00 on account of these entries in compromise of Rucki Fee Review’s request. For its remaining future fee applications, as with all other firms, Rucki Fee Review has requested the Firm minimize the number of entries that employ phrasing such as “attention to” and “coordinate” which sometimes are vague as to what work was performed (i.e., drafting, reviewing, conferencing, etc.). Rucki Fee Review further requested that preparation time be separately billed from other activity, such as attending calls or hearings, and that the work done to prepare be specified wherever preparation time exceeds 2.0 hours in the aggregate for a given hearing or other event. Likewise, Rucki Fee Review requested the Firm ensure all e-mail correspondence and conferences identify the counterparties to the same.",/docket/16854880/7722/boy-scouts-of-america/
Boy Scouts of America,187929713,overhead_clerical,True,False,$258.00,"10. Administrative tasks that are generally not compensable by a non-chapter 11 client or are secretarial in nature are not compensable in chapter 11. Rucki Fee Review identified certain entries it considers non-compensable administrative activity, and the Firm agreed to a fee reduction of $258.00 on account of these fees in compromise of Rucki Fee Review’s request with respect to these fees.",/docket/16854880/7722/boy-scouts-of-america/
Boy Scouts of America,187927850,multiple_attendees,True,False,"$41,049.15,$37,444.15","4. Although it examines the matter on a case-by-case basis based on the facts and circumstances of each case and each applicant’s role within a case (such as a firm responsible for coordinating filing and scheduling of and hearing on multiple professionals’ fee applications) regardless of whether any given threshold is exceeded, Rucki Fee Review generally does not consider time spent on fee issues to be presumptively unreasonable where less than 7% of total time has been charged for preparing fee applications and addressing fee issues. It applies these guidelines on a cumulative basis. Through the conclusion of the Firm’s second quarterly fee period the Firm has charged approximately $41,049.15 for fees billed related to the Firm’s fee applications on a cumulative basis, (net of certain fees waived by the Firm at Rucki Fee Review’s request during the Firm’s first quarterly fee period). On a cumulative basis this amounts to approximately 1% of the Firm’s cumulative fees to date, and includes approximately $37,444.15 in fees not previously considered by the Bankruptcy Court on an interim basis. Rucki Fee Review notes that prior to the conclusion of the Firm’s second quarterly fee period, the Firm had filed three monthly fee applications and one quarterly fee application. Subject to the agreed reductions set forth herein, Rucki Fee Review does not consider this amount objectionable, but will re-evaluate these fees and other time incurred on fee issues on a cumulative basis in future quarterly periods.",/docket/16854880/7713/boy-scouts-of-america/
Boy Scouts of America,187927850,"duplication,rates",False,False,"$789.15,$771.85","5. Rucki Fee Review considers the staffing breakdown during the second quarterly fee period (percentage of hours billed by partners, counsel, associates and paraprofessionals respectively) to be appropriate, as reflected in the Firm’s blended hourly rate of $789.15 (roughly the same as $771.85 during the Firm’s first quarterly fee period). This is equivalent to a senior mid-level associate at the Firm’s current hourly rates, which rates were subject to a periodic increase in January and which increased rates Rucki Fee Review considers reasonable. Rucki Fee Review notes that the Firm’s rates also reflect a discount provided to the debtors, in continuation of a prepetition arrangement, of 15% relative to standard partner rates and 10% relative to standard counsel and associate rates, which are reflected in the foregoing rates.",/docket/16854880/7713/boy-scouts-of-america/
Boy Scouts of America,187927850,"transitory_timekeepers,duplication",False,False,$73.00,"6. Further to the Firm’s staffing, Rucki Fee Review notes that the Firm utilized 20 professionals or paraprofessionals to perform its work during the Firm’s second quarterly fee period (increased from 18 during the Firm’s first quarterly fee period), five of whom billed fewer than 15 hours during the second quarterly fee period. Rucki Fee Review gives additional scrutiny to time entries of those billing fewer than 15 hours in a quarter to address if the utilization of such particular persons was necessary for the case, but after review considers the utilization of these five persons to be appropriate other than to request the waiver of the 0.2 hours and $73.00 in fees billed by one of these persons, which the Firm agreed to waive in compromise of Rucki Fee Review’s request.",/docket/16854880/7713/boy-scouts-of-america/
Boy Scouts of America,187927850,"duplication,budget_staffing_plan",False,False,,"7. Rucki Fee Review notes that it is customary in cases before the Bankruptcy Court for a “reasonable effort” to comply with the Attorney Large Case Guidelines to include preparation of a budget and staffing plan for each applicable law firm agreed to by the client (debtor or committee). Here, the Firm did not prepare a prospective budget and staffing plan, which is a factor Rucki Fee Review considers in evaluating the staffing and total fees on this matter, but Rucki Fee Review appreciates the Firm began its work in these chapter 11 cases as an ordinary course professional that is not subject to this requirement before it became formally retained, and that Rucki Fee Review and the Firm did not discuss this requirement until the end of the Firm’s second quarterly fee period. As discussed at that time, Rucki Fee Review has requested the Firm comply with the practice of preparing budget and staffing plans going forward in these chapter 11 cases (i.e., for the Firm’s third quarterly fee period and future periods). Subject to the agreed reductions set forth herein, Rucki Fee Review considers the Firm’s work to be well-coordinated within the Firm and with its fellow professionals.",/docket/16854880/7713/boy-scouts-of-america/
Boy Scouts of America,187927850,block_billing,True,False,,"8. Local Rule 2016-2 provides in section (d) that all fee applications shall include complete and detailed activity descriptions; each activity description shall include the type of activity, each activity description shall include the participants to the activity; each activity description shall include the subject matter and shall be sufficiently detailed to allow the bankruptcy court to determine whether all the time, or any portion thereof, is actual, reasonable, and necessary and shall include a time allotment billed in tenths of an hour and not be “lumped” with other entries. Notwithstanding the Local Rule, and consistent with the practice of certain of the Bankruptcy Court’s Judges, Rucki Fee Review does not object to “lumping” where a single timekeeper bills less than 0.5 hours during an entire day in the aggregate (not multiple lumped 0.5 entries).",/docket/16854880/7713/boy-scouts-of-america/
Boy Scouts of America,187927850,"vague,block_billing",True,False,"$5,000.00","9. Rucki Fee Review identified a number of entries that it considers lumped or otherwise not fully compliant with the Local Rules for reasons such as not identifying the counterparties to e-mail discussions, which is not an uncommon practice. After conferral with the Firm, the Firm has agreed to a reduction of $5,000.00 on account of these entries in compromise of Rucki Fee Review’s request. For its remaining future fee applications, as with all other firms, Rucki Fee Review has requested the Firm minimize the number of entries that employ phrasing such as “attention to” and “coordinate” which sometimes are vague as to what work was performed (i.e., drafting, reviewing, conferencing, etc.). Rucki Fee Review further requested that preparation time be separately billed from other activity, such as attending calls or hearings, and that the work done to prepare be specified wherever preparation time exceeds 2.0 hours in the aggregate for a given hearing or other event. Likewise, Rucki Fee Review requested the Firm ensure all e-mail correspondence and conferences identify the counterparties to the same.",/docket/16854880/7713/boy-scouts-of-america/
Boy Scouts of America,187927850,billing_activities,True,False,"$57,049.58","14. With respect to the Firm’s expense reimbursement request, Rucki Fee Review was provided LEDES data that was more detailed than the summary of expenses filed with the Firm’s monthly fee applications. After review of this data, Rucki Fee Review requested additional information regarding the nature of two charges, but after receipt of this information considers the Firm’s requested expenses to be in compliance with the Local Rules and reasonable, necessary and appropriate in the full amount of $57,049.58 sought in the Second Quarterly Fee Application. For future monthly fee applications, Rucki Fee Review has requested the Firm file further itemized expense detail akin to the data provided to Rucki Fee Review for items such as evidence, data filtering, document services and other litigation support services, with redactions where necessary to avoid waiver of any privileged or confidential information.",/docket/16854880/7713/boy-scouts-of-america/
Boy Scouts of America,160535453,multiple_attendees,True,False,"$3,605.00","4. Although it examines the matter on a case-by-case basis based on the facts and circumstances of each case and each applicant’s role within a case (such as a firm responsible for coordinating filing and scheduling of and hearing on multiple professionals’ fee applications) regardless of whether any given threshold is exceeded, Rucki Fee Review generally does not consider time spent on fee issues to be presumptively unreasonable where less than 7% of total time has been charged for preparing fee applications and addressing fee issues. It applies these guidelines on a cumulative basis. Through the conclusion of the Firm’s first quarterly fee period the Firm has charged approximately $3,605.00 for fees billed related to the Firm’s fee applications on a cumulative basis. Rucki Fee Review does not consider this amount objectionable, but notes the Firm’s first monthly fee application was not filed until shortly after its first quarterly fee period had concluded, so will re-evaluate these fees and other time incurred on fee issues on a cumulative basis in future quarterly periods.",/docket/16854880/2163/boy-scouts-of-america/
Boy Scouts of America,160535453,"duplication,rates",False,False,$771.85,"5. Rucki Fee Review considers the staffing breakdown during the first quarterly fee period (percentage of hours billed by partners, counsel, associates and paraprofessionals respectively) to be appropriate, as reflected in the Firm’s blended hourly rate of $771.85, which is equivalent to a senior mid-level associate at the Firm’s hourly rates. Rucki Fee Review notes that the Firm’s rates also reflect a discount provided to the debtors, in continuation of a prepetition arrangement, of 15% relative to standard partner rates and 10% relative to standard counsel and associate rates, which are reflected in the foregoing rates. The Firm has also delayed periodic rate increases for its work on this matter. Relatedly, Rucki Fee Review also requested and obtained confirmation from the Firm that none of the contract attorneys utilized by the Firm for its work on this matter are independent contractors.",/docket/16854880/2163/boy-scouts-of-america/
Boy Scouts of America,160535453,"transitory_timekeepers,duplication",False,False,,"6. Further to the Firm’s staffing, Rucki Fee Review notes that the Firm utilized 18 professionals or paraprofessionals to perform its work during the first quarterly fee period, five of whom billed fewer than 15 hours during the first quarterly fee period.2 Rucki Fee Review gives additional scrutiny to time entries of those billing fewer than 15 hours in a quarter to address if the utilization of such particular persons was necessary for the case, but after review considers the utilization of these five persons to be appropriate.",/docket/16854880/2163/boy-scouts-of-america/
Boy Scouts of America,160535453,"duplication,budget_staffing_plan",False,False,,"7. Rucki Fee Review notes that it is customary in cases before the Bankruptcy Court for a “reasonable effort” to comply with the Attorney Large Case Guidelines to include preparation of a budget and staffing plan for each applicable law firm agreed to by the client (debtor or committee). Here, the Firm did not prepare a prospective budget and staffing plan, which is a factor Rucki Fee Review considers in evaluating the staffing and total fees on this matter, but Rucki Fee Review appreciates the Firm began its work in these chapter 11 cases as an ordinary course professional that is not subject to this requirement before it became formally retained. Rucki Fee Review has requested the Firm comply with the practice of preparing budget and staffing plans going forward in these chapter 11 cases. Subject to the agreed reductions set forth herein, Rucki Fee Review considers the Firm’s work to be well-coordinated within the Firm and with its fellow professionals.",/docket/16854880/2163/boy-scouts-of-america/
Boy Scouts of America,160535453,block_billing,True,False,,"8. Local Rule 2016-2 provides in section (d) that all fee applications shall include complete and detailed activity descriptions; each activity description shall include the type of activity, each activity description shall include the participants to the activity; each activity description shall include the subject matter and shall be sufficiently detailed to allow the bankruptcy court to determine whether all the time, or any portion thereof, is actual, 2 The numbers presented in response to the Attorney Large Case Guidelines questions in the First Quarterly Fee Application state lower numbers; the difference is attributable to the fact the responses in the First Quarterly Fee Application exclude paraprofessionals. reasonable, and necessary and shall include a time allotment billed in tenths of an hour and not be “lumped” with other entries. Notwithstanding the Local Rule, and consistent with the practice of certain of the Bankruptcy Court’s Judges, Rucki Fee Review does not object to “lumping” where a single timekeeper bills less than 0.5 hours during an entire day in the aggregate (not multiple lumped 0.5 entries).",/docket/16854880/2163/boy-scouts-of-america/
Boy Scouts of America,160535453,"vague,block_billing",True,False,"$4,000.00","9. Rucki Fee Review identified a number of entries that it considers lumped or otherwise not fully compliant with the Local Rules for reasons such as not identifying the counterparties to e-mail discussions, which is not an uncommon practice. After conferral with the Firm, the Firm has agreed to a reduction of $4,000.00 on account of these entries in compromise of Rucki Fee Review’s request. For its remaining future fee applications, as with all other firms Rucki Fee Review has requested the Firm minimize the number of entries that employ phrasing such as “attention to” and “coordinate” which sometimes are vague as to what work was performed (i.e., drafting, reviewing, conferencing, etc.). Rucki Fee Review further requested that preparation time be separately billed from other activity, such as attending calls or hearings, and that the work done to prepare be specified wherever preparation time exceeds 2.0 hours in the aggregate for a given hearing or other event. Likewise, Rucki Fee Review requested the Firm ensure all e-mail correspondence and conferences identify the counterparties to the same.",/docket/16854880/2163/boy-scouts-of-america/
Boy Scouts of America,160535453,overhead_clerical,True,False,"$1,466.25","10. Administrative tasks that are generally not compensable by a non-chapter 11 client or that are secretarial in nature are not compensable in chapter 11. Rucki Fee Review identified certain work it considers non-compensable administrative activity, and after conferral with the Firm regarding the same, the Firm has agreed to a fee reduction of $1,466.25 in compromise of Rucki Fee Review’s request with respect to these entries.",/docket/16854880/2163/boy-scouts-of-america/
Boy Scouts of America,160535453,billing_activities,True,False,"$14,315.86","14. With respect to the Firm’s expense reimbursement request, Rucki Fee Review was provided data that was more detailed than the expense detail filed with the Firm’s monthly fee applications. After review of this data, Rucki Fee Review considers the Firm’s requested expenses to be in compliance with the Local Rules and reasonable, necessary and appropriate. As such, it recommends they be reimbursed in the full amount of $14,315.86 sought in the First Quarterly Fee Application. For future monthly fee applications, Rucki Fee Review has requested the Firm file further itemized expense detail akin to the data provided to Rucki Fee Review for items such as evidence, data filtering, document services and other litigation support services, with redactions where necessary to avoid waiver of any privileged or confidential information.",/docket/16854880/2163/boy-scouts-of-america/
Boy Scouts of America,187929714,multiple_attendees,True,False,"$87,465.00,$34,696.50,$3,469.65","5. Although it examines the matter on a case-by-case basis based on the facts and circumstances of each case and each applicant’s role within a case (such as a firm responsible for coordinating filing and scheduling of and hearing on multiple professionals’ fee applications) regardless of whether any given threshold is exceeded, Rucki Fee Review generally does not consider time spent on fee issues to be presumptively unreasonable where less than 7% of total time has been charged for preparing fee applications and addressing fee issues. It applies these guidelines on a cumulative basis. Through the conclusion of the fourth quarterly fee period the Firm has charged approximately $87,465.00 (including $34,696.50 in invoiced fees not previously considered by the bankruptcy court on an interim basis) for fees billed related to the Firm’s fee applications on a cumulative basis. This amounts to approximately 3.6% of total fees. Although these fees do not exceed 7% and thus are not presumptively unreasonable, Rucki Fee Review still requested a reduction on account of certain of these fees and the Firm agreed to a fee reduction of $3,469.65 in compromise of Rucki Fee Review’s request with respect to this work.",/docket/16854880/7723/boy-scouts-of-america/
Boy Scouts of America,187929714,"duplication,rates",False,False,"$696.60,$689.19,$673.50","6. Rucki Fee Review considers the staffing breakdown during the fourth quarterly fee period (percentage of hours billed by partners, counsel, associates and paraprofessionals respectively) to be appropriate, as reflected in the Firm’s blended hourly rate of $696.60 ($689.19 after giving effect to the Firm’s voluntary reductions). This is similar to the Firm’s blended rate of $673.50 during the third quarterly fee period, which is equivalent to a senior associate at the Firm’s current hourly rates.",/docket/16854880/7723/boy-scouts-of-america/
Boy Scouts of America,187929714,"transitory_timekeepers,duplication",False,False,,"7. Further to the Firm’s staffing, Rucki Fee Review notes that the Firm utilized twelve professionals or paraprofessionals to perform its work during the fourth quarterly fee period (increased from nine during the first and third quarterly fee periods, and ten during the second quarterly fee period), three of whom billed fewer than 15 hours during the fourth quarterly fee period. Rucki Fee Review gives additional scrutiny to time entries of those billing fewer than 15 hours in a quarter to address if the utilization of such particular persons was necessary for the case, but after review considers the utilization of these persons to be appropriate, subject to the agreed reductions set forth herein.",/docket/16854880/7723/boy-scouts-of-america/
Boy Scouts of America,187929714,"duplication,budget_staffing_plan",False,False,,"8. Rucki Fee Review notes that it is customary in cases before the Bankruptcy Court for a “reasonable effort” to comply with the Attorney Large Case Guidelines to include preparation of a budget and staffing plan for each applicable law firm agreed to by the client (debtor or committee). Here, the Firm did prepare a prospective budget and staffing plan for the fourth quarterly fee period, which is a factor Rucki Fee Review considers in evaluating the staffing and total fees on this matter.2 The Firm was under its budgeted fees by approximately 20%. Subject to the agreed reductions set forth herein, Rucki Fee Review considers the Firm’s work to be well-coordinated within the Firm and with its fellow professionals.",/docket/16854880/7723/boy-scouts-of-america/
Boy Scouts of America,187929714,block_billing,True,False,,"9. Local Rule 2016-2 provides in section (d) that all fee applications shall include complete and detailed activity descriptions; each activity description shall include the type of activity, each activity description shall include the participants to the activity; each activity description shall include the subject matter and shall be sufficiently detailed to allow the bankruptcy court to determine whether all the time, or any portion thereof, is actual, reasonable, and necessary and shall include a time allotment billed in tenths of an hour and not be “lumped” with other entries. Notwithstanding the Local Rule, and consistent with the practice of certain of the Bankruptcy Court’s Judges, Rucki Fee Review does not object to “lumping” where a single timekeeper bills less than 0.5 hours during an entire day in the aggregate (not multiple lumped 0.5 entries).",/docket/16854880/7723/boy-scouts-of-america/
Boy Scouts of America,187929714,"vague,block_billing,duplication,budget_staffing_plan",True,False,$500.00,"10. Rucki Fee Review identified a small number of entries that it considers lumped or otherwise not fully compliant with the Local Rules for reasons such as not identifying the counterparties to e-mail discussions, which is not an uncommon practice. After conferral with the Firm, the Firm has agreed to a reduction of $500.00 on account of these entries in compromise of Rucki Fee Review’s request. For its remaining future fee applications, as with all other firms, Rucki Fee Review has requested the Firm minimize the number of 2 In prior quarterly periods, the Firm operated under and filed a budget and staffing plan for these entire chapter 11 cases. At Rucki Fee Review’s request the Firm began instead preparing quarterly budgets and staffing plans prior to the fourth quarterly fee period, and filed these with the Fourth Quarterly Fee Application. The budget inadvertently retained the prior footnote indicating the budgeted fees are for the entirety of these chapter 11 cases, however. entries that employ phrasing such as “attention to” and “coordinate” which sometimes are vague as to what work was performed (i.e., drafting, reviewing, conferencing, etc.). Rucki Fee Review further requested that preparation time be separately billed from other activity, such as attending calls or hearings, and that the work done to prepare be specified wherever preparation time exceeds 2.0 hours in the aggregate for a given hearing or other event. Likewise, Rucki Fee Review requested the Firm ensure all e-mail correspondence and conferences identify the counterparties to the same.",/docket/16854880/7723/boy-scouts-of-america/
Boy Scouts of America,187929714,overhead_clerical,True,False,$757.00,"11. Administrative tasks that are generally not compensable by a non-chapter 11 client or that are secretarial in nature are not compensable in chapter 11. Rucki Fee Review identified certain work it considers non-compensable administrative activity, and the Firm agreed to a fee reduction of $757.00 in compromise of Rucki Fee Review’s request with respect to this work.",/docket/16854880/7723/boy-scouts-of-america/
Boy Scouts of America,187929714,duplication,False,False,,"14. Rucki Fee Review has identified a number of entries where the various subentries did not total the time stated for the entry. In some cases, these underbilled; in other cases, they overbilled (and in certain instances, these underbillings and duplicate entries netted each other out, apparently an effort to remedy such duplicate charges). In the aggregate, these entries amounted to slight underbilling, so no reduction is necessary on account of these entries.",/docket/16854880/7723/boy-scouts-of-america/
Boy Scouts of America,187927784,multiple_attendees,True,True,"$131,989.50,$37,539.00","4. Although it examines the matter on a case-by-case basis based on the facts and circumstances of each case and each applicant’s role within a case (such as a firm responsible for coordinating filing and scheduling of and hearing on multiple professionals’ fee applications) regardless of whether any given threshold is exceeded, Rucki Fee Review generally does not consider time spent on fee issues to be presumptively unreasonable where less than 7% of total time has been charged for preparing fee applications and addressing fee issues. It applies these guidelines on a cumulative basis. Through the conclusion of the fourth quarterly fee period the Firm has charged approximately $131,989.50 for fees billed related to the Firm’s fee applications and the fee applications of other debtor professionals on a cumulative basis. This includes approximately $37,539.00 not previously considered by the Bankruptcy Court on an interim basis. This cumulative total amounts to approximately 11.2% of cumulative total fees, but subject to the agreed reductions set forth herein Rucki Fee Review still considers theses fees to be reasonable, necessary and appropriate. Only slightly more than 25% of these fees are for the Firm’s fee applications, and the Firm necessarily must file the fee applications and related items (such as CNOs and COCs) of the other debtor professionals, which account for a greater percentage of the Firm’s work given its limited role in these chapter 11 cases as Delaware counsel and the number of debtor professionals in these large and complex cases.",/docket/16854880/7718/boy-scouts-of-america/
Boy Scouts of America,187927784,"duplication,rates",False,False,"$499.43,$587.55,$522.38,$528.99","5. Rucki Fee Review considers the staffing breakdown during the fourth quarterly fee period (percentage of hours billed by partners, counsel, associates and paraprofessionals respectively) to be appropriate, as reflected in the Firm’s blended hourly rate of $499.43 (slightly decreased from $587.55 during the first quarterly fee period, $522.38 during the second quarterly fee period and $528.99 during the third quarterly fee period), which is equivalent to a junior associate at the Firm’s current hourly rates. These rates were periodically increased in January, which increased rates Rucki Fee Review considers reasonable.",/docket/16854880/7718/boy-scouts-of-america/
Boy Scouts of America,187927784,"transitory_timekeepers,duplication",False,False,,"6. Further to the Firm’s staffing, Rucki Fee Review notes that the Firm utilized eleven professionals or paraprofessionals to perform its work during the fourth quarterly fee period, six of whom billed fewer than 15 hours during the fourth quarterly fee period. This is a decrease from 23 during the first quarterly fee period, 16 during the second quarterly fee period and 15 during the third quarterly fee period. Rucki Fee Review gives additional scrutiny to time entries of those billing fewer than 15 hours in a quarter to address if the utilization of such particular persons was necessary for the case, but after review considers the utilization of these persons be appropriate.",/docket/16854880/7718/boy-scouts-of-america/
Boy Scouts of America,187927784,"duplication,budget_staffing_plan",False,False,,"7. Rucki Fee Review notes that it is customary in cases before the Bankruptcy Court for a “reasonable effort” to comply with the Attorney Large Case Guidelines to include preparation of a budget and staffing plan for each applicable law firm agreed to by the client (debtor or committee). Here, the Firm did prepare a prospective staffing plan for the fourth quarterly fee period and the Firm’s core team generally comported with this staffing plan, but the Firm did not prepare a prospective formal budget, which is a factor Rucki Fee Review considers in evaluating the staffing and total fees on this matter. Rucki Fee Review has requested the Firm prepare a budget as contemplated by Attorney Large Case Guidelines for future periods, and the Firm has agreed to do so. Subject to the agreed fee reductions set forth herein, Rucki Fee Review considers the Firm’s work to be well- coordinated within the Firm and with its fellow professionals to date.",/docket/16854880/7718/boy-scouts-of-america/
Boy Scouts of America,187927784,block_billing,True,False,,"8. Local Rule 2016-2 provides in section (d) that all fee applications shall include complete and detailed activity descriptions; each activity description shall include the type of activity, each activity description shall include the participants to the activity; each activity description shall include the subject matter and shall be sufficiently detailed to allow the bankruptcy court to determine whether all the time, or any portion thereof, is actual, reasonable, and necessary and shall include a time allotment billed in tenths of an hour and not be “lumped” with other entries. Notwithstanding the Local Rule, and consistent with the practice of certain of the Bankruptcy Court’s Judges, Rucki Fee Review does not object to “lumping” where a single timekeeper bills less than 0.5 hours during an entire day in the aggregate (not multiple lumped 0.5 entries).",/docket/16854880/7718/boy-scouts-of-america/
Boy Scouts of America,187927784,"vague,block_billing",True,False,,"9. Rucki Fee Review identified a de minimis amount of entries that it considers lumped or otherwise not fully compliant with the Local Rules for reasons such as not identifying the counterparties to e-mail discussions, which is not an uncommon practice. No reduction is recommended on account of these entries. For future fee applications, as with all other firms, Rucki Fee Review has requested the Firm minimize the number of entries that employ phrasing such as “attention to” and “coordinate” which sometimes are vague as to what work was performed (i.e., drafting, reviewing, conferencing, etc.). Rucki Fee Review further requested that preparation time be separately billed from other activity, such as attending calls or hearings, and that the work done to prepare be specified wherever preparation time exceeds 2.0 hours in the aggregate for a given hearing or other event. Likewise, Rucki Fee Review requested the Firm ensure all e-mail correspondence and conferences identify the counterparties to the same.",/docket/16854880/7718/boy-scouts-of-america/
Boy Scouts of America,187927784,overhead_clerical,True,False,$347.00,"10. Administrative tasks that are generally not compensable by a non-chapter 11 client or are secretarial in nature are not compensable in chapter 11. Rucki Fee Review identified certain work it considers administrative in nature, and the Firm agreed to a fee reduction of $347.00 on account of these fees in compromise of Rucki Fee Review’s request.",/docket/16854880/7718/boy-scouts-of-america/
Boy Scouts of America,187929719,multiple_attendees,True,False,"$33,157.50,$4,387.50","5. Although it examines the matter on a case-by-case basis based on the facts and circumstances of each case and each applicant’s role within a case (such as a firm responsible for coordinating filing and scheduling of and hearing on multiple professionals’ fee applications) regardless of whether any given threshold is exceeded, Rucki Fee Review generally does not consider time spent on fee issues to be presumptively unreasonable where less than 7% of total time has been charged for preparing fee applications and addressing fee issues. It applies these guidelines on a cumulative basis. Through the conclusion of the fourth quarterly fee period the Firm has charged approximately $33,157.50 for fees billed related to the Firm’s fee applications on a cumulative basis. This amounts to less than 1% of total fees and includes approximately $4,387.50 not previously considered by the Bankruptcy Court on an interim basis. Subject to the agreed reductions set forth herein, Rucki Fee Review considers theses fees to be reasonable, necessary and appropriate.",/docket/16854880/7728/boy-scouts-of-america/
Boy Scouts of America,187929719,"duplication,rates",False,False,"$608.08,$660.41,$683.87,$670.86","6. Rucki Fee Review considers the staffing breakdown during the fourth quarterly fee period (percentage of hours billed by managing directors, senior directors, directors, managers, senior associates, associates, consultants, analysts and paraprofessionals, respectively) to be appropriate, as reflected in the Firm’s blended hourly rate of $608.08 before the application of voluntary reductions (decreased slightly from the $660.41 billed during the first quarterly fee period, $683.87 during the second quarterly fee period and $670.86 during the third quarterly fee period), which is equivalent to an associate, senior associate or director (the Firm’s mid-personnel tiers) at the Firm’s current hourly rates depending on practice specialty. These rates were subject to a periodic increase in January, which increased rates Rucki Fee Review considers reasonable.",/docket/16854880/7728/boy-scouts-of-america/
Boy Scouts of America,187929719,"transitory_timekeepers,duplication",False,False,"$2,295.00","7. Further to the Firm’s staffing, Rucki Fee Review notes that the Firm utilized 17 professionals to perform its work during the third quarterly fee period (the same as 17 during the first quarterly fee period and increased from 14 during the second quarterly fee period and 15 during the third quarterly fee period), three of whom billed fewer than 15 hours during the fourth quarterly fee period. Rucki Fee Review gives additional scrutiny to time entries of those billing fewer than 15 hours in a quarter to address if the utilization of such particular persons was necessary for the case, but after review considers the utilization of these persons be appropriate, subject to its request to waive the 3.4 hours and $2,295.00 in fees billed by one of these professionals, which the Firm agreed to in compromise of Rucki Fee Review’s request. Subject to the agreed reductions set forth herein, Rucki Fee Review also considers the Firm’s work to be well-coordinated within the Firm and with its fellow professionals.",/docket/16854880/7728/boy-scouts-of-america/
Boy Scouts of America,187929719,block_billing,True,False,,"8. Local Rule 2016-2 provides in section (d) that all fee applications shall include complete and detailed activity descriptions; each activity description shall include the type of activity, each activity description shall include the participants to the activity; each activity description shall include the subject matter and shall be sufficiently detailed to allow the bankruptcy court to determine whether all the time, or any portion thereof, is actual, reasonable, and necessary and shall include a time allotment billed in tenths of an hour and not be “lumped” with other entries. Notwithstanding the Local Rule, and consistent with the practice of certain of the Bankruptcy Court’s Judges, Rucki Fee Review does not object to “lumping” where a single timekeeper bills less than 0.5 hours during an entire day in the aggregate (not multiple lumped 0.5 entries).",/docket/16854880/7728/boy-scouts-of-america/
Boy Scouts of America,187929719,"vague,block_billing",True,False,"$3,000.00","9. Rucki Fee Review identified a number of entries that it considers lumped or otherwise not fully compliant with the Local Rules for reasons such as not identifying the counterparties to e-mail discussions, which is not an uncommon practice. After conferral with the Firm, the Firm has agreed to a reduction of $3,000.00 on account of these entries in compromise of Rucki Fee Review’s request. For its remaining future fee applications, as with all other firms, Rucki Fee Review has requested the Firm minimize the number of entries that employ phrasing such as “attention to” and “coordinate” which sometimes are vague as to what work was performed (i.e., drafting, reviewing, conferencing, etc.). Rucki Fee Review further requested that preparation time be separately billed from other activity, such as attending calls or hearings, and that the work done to prepare be specified wherever preparation time exceeds 2.0 hours in the aggregate for a given hearing or other event. Likewise, Rucki Fee Review requested the Firm ensure all e-mail correspondence and conferences identify the counterparties to the same.",/docket/16854880/7728/boy-scouts-of-america/
Boy Scouts of America,187929719,overhead_clerical,True,False,"$5,247.50","11. Administrative tasks that are generally not compensable by a non-chapter 11 client or are secretarial in nature are not compensable in chapter 11. Rucki Fee Review identified certain entries that it considered non-compensable administrative activity or potential non- compensable administrative activity, in whole or in part. After conferral with the Firm, the Firm has agreed to a reduction of $5,247.50 in connection with these fees in compromise of Rucki Fee Review’s request.",/docket/16854880/7728/boy-scouts-of-america/
Boy Scouts of America,160535444,multiple_attendees,True,False,"$185,102.00,$12,000.00,$80,165.00,$8,016.50","5. Although it examines the matter on a case-by-case basis based on the facts and circumstances of each case and each applicant’s role within a case (such as a firm responsible for coordinating filing and scheduling of and hearing on multiple professionals’ fee applications) regardless of whether any given threshold is exceeded, Rucki Fee Review generally does not consider time spent on fee issues to be presumptively unreasonable where less than 7% of total time has been charged for preparing fee applications and addressing fee issues. It applies these guidelines on a cumulative basis. Through the conclusion of the third quarterly fee period the Firm has charged approximately $185,102.00 for fees billed related to the Firm’s fee applications on a cumulative basis (net of $12,000.00 in reductions toward time spent on fee issues previously requested by Rucki Fee Review, which the Firm agreed to as a part of a global compromise of Rucki Fee Review’s requests). This amounts to approximately 5.3% of total fees, and includes approximately $80,165.00 in fees not previously considered by the bankruptcy court on an interim basis. Although this is not in excess of 7% and thus not presumptively unreasonable, Rucki Fee Review still requested a reduction on account of certain of these fees because it considered these fees administrative in nature or otherwise felt this was appropriate, and the Firm agreed to a fee reduction of $8,016.50 in connection with these fees in compromise of Rucki Fee Review’s request.",/docket/16854880/2165/boy-scouts-of-america/
Boy Scouts of America,160535444,"duplication,rates",False,False,$908.02,"6. Rucki Fee Review considers the staffing breakdown during the third quarterly fee period (percentage of hours billed by partners, counsel, associates and paraprofessionals respectively) to be appropriate, as reflected in the Firm’s blended hourly rate of $908.02, which is which is equivalent to a mid-level to senior associate at the Firm’s hourly rates.",/docket/16854880/2165/boy-scouts-of-america/
Boy Scouts of America,160535444,"transitory_timekeepers,duplication",False,False,"$1,350.00","7. Further to the Firm’s staffing, Rucki Fee Review notes that the Firm utilized 17 professionals or paraprofessionals to perform its work during the third quarterly fee period (down from 20 during the prior period and the same number used in the first quarterly period), five of whom billed fewer than 15 hours during the third quarterly fee period. Rucki Fee Review gives additional scrutiny to time entries of those billing fewer than 15 hours in a quarter to address if the utilization of such particular persons was necessary for the case. Here, Rucki Fee Review requested the Firm waive the 9.0 hours and $1,350.00 in fees billed by one of these persons, and the Firm agreed to this in compromise of Rucki Fee Review’s request. Rucki Fee Review considers the utilization of the remaining persons to be appropriate.",/docket/16854880/2165/boy-scouts-of-america/
Boy Scouts of America,160535444,"duplication,budget_staffing_plan",False,False,,"8. Rucki Fee Review notes that it is customary in cases before the Bankruptcy Court for a “reasonable effort” to comply with the Attorney Large Case Guidelines to include preparation of a budget and staffing plan for each applicable law firm agreed to by the client (debtor or committee). Here, the Firm prepared a prospective budget and staffing plan for the third quarterly fee period, which is a factor Rucki Fee Review considers in evaluating the staffing and total fees on this matter. The Firm was under its budget for the third quarterly fee period by approximately 35%. Subject to the agreed reductions set forth herein, Rucki Fee Review considers the Firm’s work to be well-coordinated within the Firm and with its fellow professionals who have filed fee applications for the third quarterly fee period.",/docket/16854880/2165/boy-scouts-of-america/
Boy Scouts of America,160535444,block_billing,True,False,,"9. Local Rule 2016-2 provides in section (d) that all fee applications shall include complete and detailed activity descriptions; each activity description shall include the type of activity, each activity description shall include the participants to the activity; each activity description shall include the subject matter and shall be sufficiently detailed to allow the bankruptcy court to determine whether all the time, or any portion thereof, is actual, reasonable, and necessary and shall include a time allotment billed in tenths of an hour and not be “lumped” with other entries. Notwithstanding the Local Rule, and consistent with the practice of certain of the Bankruptcy Court’s Judges, Rucki Fee Review does not object to “lumping” where a single timekeeper bills less than 0.5 hours during an entire day in the aggregate (not multiple lumped 0.5 entries).",/docket/16854880/2165/boy-scouts-of-america/
Boy Scouts of America,160535444,"vague,block_billing",True,False,,"10. Rucki Fee Review identified a de minimis amount of entries that it considers lumped or otherwise not fully compliant with the Local Rules for reasons such as not identifying the counterparties to e-mail discussions, which is not an uncommon practice. After conferral with the Firm, no reduction is recommended on account of these entries. For future fee applications, as with all other firms, Rucki Fee Review has requested the Firm minimize the number of entries that employ phrasing such as “attention to” and “coordinate” which sometimes are vague as to what work was performed (i.e., drafting, reviewing, conferencing, etc.). Rucki Fee Review further requested that preparation time be separately billed from other activity, such as attending calls or hearings, and that the work done to prepare be specified wherever preparation time exceeds 2.0 hours in the aggregate for a given hearing or other event. Likewise, Rucki Fee Review requested the Firm ensure all e-mail correspondence and conferences identify the counterparties to the same.",/docket/16854880/2165/boy-scouts-of-america/
Boy Scouts of America,187929715,multiple_attendees,True,False,"$23,610.00,$9,148.00","4. Although it examines the matter on a case-by-case basis based on the facts and circumstances of each case and each applicant’s role within a case (such as a firm responsible for coordinating filing and scheduling of and hearing on multiple professionals’ fee applications) regardless of whether any given threshold is exceeded, Rucki Fee Review generally does not consider time spent on fee issues to be presumptively unreasonable where less than 7% of total time has been charged for preparing fee applications and addressing fee issues. It applies these guidelines on a cumulative basis. Through the conclusion of the fourth quarterly fee period Rucki Fee Review calculates that the Firm has charged approximately $23,610.00 for fees billed related to the Firm’s fee applications and the fee applications of other FCR professionals or related fee issues on a cumulative basis. This amounts to approximately 2.4% of total fees, and includes $9,148.00 in such fees not previously considered by the bankruptcy court on an interim basis. Subject to the agreed reductions set forth herein, Rucki Fee Review considers theses fees to be reasonable, necessary and appropriate.",/docket/16854880/7724/boy-scouts-of-america/
Boy Scouts of America,187929715,"duplication,rates",False,True,"$598.61,$683.78,$631.90,$677.97","5. Rucki Fee Review considers the staffing breakdown during the fourth quarterly fee period (percentage of hours billed by partners, counsel, associates and paraprofessionals respectively) to be appropriate, as reflected in the Firm’s blended hourly rate of $598.61 (decreased from $683.78 during the third quarterly fee period, $631.90 during the second quarterly fee period and $677.97 during the first quarterly fee period), which is equivalent to a senior associate at the Firm’s current hourly rates as periodically increased in January 2021, which increased rates Rucki Fee Review considers reasonable. The Firm’s limited role in this matter and the work required to date make a heavier utilization of senior personnel appropriate (though the Firm’s blended rate was lower during the fourth quarterly fee period as more junior personnel were appropriately utilized for research and diligence tasks). Moreover, the billing rates of the Firm’s counsel and certain partners are less than that of associates at many firms with comparable chapter 11 experience, allowing for a heavier utilization of counsel and partners.",/docket/16854880/7724/boy-scouts-of-america/
Boy Scouts of America,187929715,"transitory_timekeepers,duplication",False,False,,"6. Further to the Firm’s staffing, Rucki Fee Review notes that the Firm utilized 22 professionals or paraprofessionals to perform its work during the fourth quarterly fee period (an increase from nine during the third quarterly fee period, 19 during the second quarterly fee period and 12 during the first quarterly fee period), twelve of whom billed fewer than 15 hours during the fourth quarterly fee period. Rucki Fee Review gives additional scrutiny to time entries of those billing fewer than 15 hours in a quarter to address if the utilization of such particular persons was necessary for the case, but after review considers the utilization of these persons to be appropriate.",/docket/16854880/7724/boy-scouts-of-america/
Boy Scouts of America,187929715,"duplication,budget_staffing_plan",False,False,,"7. Rucki Fee Review notes that it is customary in cases before the Bankruptcy Court for a “reasonable effort” to comply with the Attorney Large Case Guidelines to include preparation of a budget and staffing plan for each applicable law firm agreed to by the client (in this case, the FCR). Here, the Firm did prepare a prospective budget and staffing plan for the fourth quarterly fee period, which is a factor Rucki Fee Review considers in evaluating the staffing and total fees on this matter. The Firm was under its budget by approximately 45%. Subject to the agreed reductions set forth herein, Rucki Fee Review considers the Firm’s work to be well-coordinated within the Firm and with its fellow professionals.",/docket/16854880/7724/boy-scouts-of-america/
Boy Scouts of America,187929715,block_billing,True,False,,"8. Local Rule 2016-2 provides in section (d) that all fee applications shall include complete and detailed activity descriptions; each activity description shall include the type of activity, each activity description shall include the participants to the activity; each activity description shall include the subject matter and shall be sufficiently detailed to allow the bankruptcy court to determine whether all the time, or any portion thereof, is actual, reasonable, and necessary and shall include a time allotment billed in tenths of an hour and not be “lumped” with other entries. Notwithstanding the Local Rule, and consistent with the practice of certain of the Bankruptcy Court’s Judges, Rucki Fee Review does not object to “lumping” where a single timekeeper bills less than 0.5 hours during an entire day in the aggregate (not multiple lumped 0.5 entries).",/docket/16854880/7724/boy-scouts-of-america/
Boy Scouts of America,187929715,"vague,block_billing",True,False,,"9. Rucki Fee Review identified a de minimis amount of entries that it considers lumped or otherwise not fully compliant with the Local Rules for reasons such as not identifying the counterparties to e-mail discussions, which is not an uncommon practice. After conferral with the Firm, no reduction is recommended on account of these entries. For future fee applications, as with all other firms, Rucki Fee Review has requested the Firm minimize the number of entries that employ phrasing such as “attention to” and “coordinate” which sometimes are vague as to what work was performed (i.e., drafting, reviewing, conferencing, etc.). Rucki Fee Review further requested that preparation time be separately billed from other activity, such as attending calls or hearings, and that the work done to prepare be specified wherever preparation time exceeds 2.0 hours in the aggregate for a given hearing or other event. Likewise, Rucki Fee Review requested the Firm ensure all e-mail correspondence and conferences identify the counterparties to the same.",/docket/16854880/7724/boy-scouts-of-america/
Boy Scouts of America,187929715,overhead_clerical,True,True,$779.00,"10. Administrative tasks that are generally not compensable by a non-chapter 11 client or that should be performed by secretarial staff are not compensable in chapter 11. Rucki Fee Review identified certain work it considers non-compensable administrative activity, and the Firm has agreed to a fee reduction of $779.00 in compromise of Rucki Fee Review’s request with respect to this work.",/docket/16854880/7724/boy-scouts-of-america/
Boy Scouts of America,187929715,duplication,False,True,"$0.20,$0.10,$68.40,$122.40,$68.40,$54.00","14. With respect to the Firm’s expense reimbursement requests, Rucki Fee Review notes that the Firm inadvertently billed black and white printing/duplication at $0.20 per page, rather than the $0.10 per page permitted by the Local Rules, in November and December, but this issue was corrected in January. In the aggregate, this required a reduction of $68.40 to comply with the Local Rules, and the Firm has agreed to an expense reduction of $122.40 waiving this $68.40 and one additional $54.00 charge. Other than with respect to these expenses, Rucki Fee Review notes that the Firm’s expense reimbursement requests comply with the limitations of the Local Rules and Rucki Fee Review considers them to be reasonable, necessary and appropriate.",/docket/16854880/7724/boy-scouts-of-america/
Boy Scouts of America,187929722,multiple_attendees,True,False,"$81,905.30,$6,067.00,$15,998.50","4. Although it examines the matter on a case-by-case basis based on the facts and circumstances of each case and each applicant’s role within a case (such as a firm responsible for coordinating filing and scheduling of and hearing on multiple professionals’ fee applications) regardless of whether any given threshold is exceeded, Rucki Fee Review generally does not consider time spent on fee issues to be presumptively unreasonable where less than 7% of total time has been charged for preparing fee applications and addressing fee issues. It applies these guidelines on a cumulative basis. By Rucki Fee Review’s calculations, through the conclusion of the fourth quarterly fee period the Firm has charged approximately $81,905.30 in fees (net of $6,067.00 of reductions previously agreed to with Rucki Fee Review) related to the Firm’s fee applications and related fee issues on a cumulative basis through the end of the fourth quarterly fee period. 1 This amounts to approximately 4.7% of the Firm’s cumulative total fees billed to the estate to date, and includes $15,998.50 not previously considered by the Bankruptcy Court on an interim basis. Subject to the agreed reductions set forth herein, Rucki Fee Review considers these fees to be reasonable, necessary and appropriate.",/docket/16854880/7731/boy-scouts-of-america/
Boy Scouts of America,187929722,"duplication,rates",False,False,"$341.13,$387.00,$364.17,$358.00","5. Rucki Fee Review considers the staffing breakdown during the fourth quarterly fee period (percentage of hours billed by partners, counsel, associates and paraprofessionals respectively) to be appropriate, as reflected in the Firm’s blended hourly rate of $341.13 after excluding the fixed fee work discussed below (which compares to $387.00 for the first quarterly fee period, $364.17 for the second quarterly fee period and $358.00 for the third quarterly fee period), which is equivalent to an associate at the Firm’s hourly rates.2 Rucki Fee Review also notes that certain of the Firm’s professionals were subject to an annual periodic rate increase in January 2021. This was noted in the Firm’s January 1 This number includes e-mail correspondence and conferences that appear to have been excluded from the numbers stated in certain of the Firm’s fee applications. 2 Further to the Firm’s billing rates, Rucki Fee Review notes that for some matters, such as those billed to insurance providers rather than the estate to date (with a reservation of the Firm’s rights to seek payment from the estate if not paid by the applicable insurer), the Firm has agreed to a discount to its normal hourly rates. Rucki Fee Review requested and received confirmation that all applicable discounts have been applied in matters billed to the estate, where and if applicable. monthly fee application, though the Firm’s Fourth Quarterly Fee Application indicated there were no rate increases during the fourth quarterly fee period. Rucki Fee Review considers the Firm’s increased rates, where applicable, to be reasonable.",/docket/16854880/7731/boy-scouts-of-america/
Boy Scouts of America,187929722,"transitory_timekeepers,duplication",False,True,,"6. Further to the Firm’s staffing, Rucki Fee Review notes that the Firm utilized 20 professionals or paraprofessionals to perform its work during the fourth quarterly fee period (which includes certain persons who billed fixed fee work for employee immigration matters in prior periods, and compares to 42 during the first quarterly fee period, and 18 during each of the second and third quarterly fee periods). Eleven of these 20 persons billed fewer than 15 hours during the fourth quarterly fee period. Rucki Fee Review gives additional scrutiny to time entries of those billing fewer than 15 hours in a fee period to address if the utilization of such particular persons was necessary for the case, but after review considers the utilization of these persons be appropriate, subject to the agreed reductions set forth herein. As noted in prior reports with respect to the Firm, the nature of the Firm’s work required a large number of persons who billed a small amount of time. In certain instances, this is because certain attorneys at the Firm have historically been tasked with overseeing different non-bankruptcy litigations. In other instances, these personnel were utilized by the debtors to provide discrete employment counseling advice within their area of expertise, which could be answered in some instances with just one set of e-mail correspondence.",/docket/16854880/7731/boy-scouts-of-america/
Boy Scouts of America,187929722,"duplication,budget_staffing_plan",False,False,"$440,000.00,$500,000.00","7. Rucki Fee Review notes that it is customary in cases before the Bankruptcy Court for a “reasonable effort” to comply with the Attorney Large Case Guidelines to include preparation of a budget and staffing plan for each applicable law firm agreed to by the client (debtor or committee). Here, the Firm did prepare a prospective budget and staffing plan for the fourth quarterly fee period, which budget contemplated a fee range of $440,000.00- $500,000.00, meaning the Firm’s requested fees are slightly below the median of the Firm’s budgeted fee range (and slightly lower below the range if charges from prior quarterly fee periods are excluded). This is a factor Rucki Fee Review considers in evaluating the staffing and total fees on this matter. Subject to the agreed reductions set forth herein, Rucki Fee Review considers the Firm’s work to be well-coordinated within the Firm and with its fellow professionals.",/docket/16854880/7731/boy-scouts-of-america/
Boy Scouts of America,187929722,block_billing,True,False,,"8. Local Rule 2016-2 provides in section (d) that all fee applications shall include complete and detailed activity descriptions; each activity description shall include the type of activity, each activity description shall include the participants to the activity; each activity description shall include the subject matter and shall be sufficiently detailed to allow the bankruptcy court to determine whether all the time, or any portion thereof, is actual, reasonable, and necessary and shall include a time allotment billed in tenths of an hour and not be “lumped” with other entries. Notwithstanding the Local Rule, and consistent with the practice of certain of the Bankruptcy Court’s Judges, Rucki Fee Review does not object to “lumping” where a single timekeeper bills less than 0.5 hours during an entire day in the aggregate (not multiple lumped 0.5 entries).",/docket/16854880/7731/boy-scouts-of-america/
Boy Scouts of America,187929722,"vague,block_billing",True,False,"$5,184.38","9. Rucki Fee Review identified a number of entries that it considers lumped or otherwise not fully compliant with the Local Rules for reasons such as not identifying the counterparties to e-mail discussions, which is not an uncommon practice. After conferral with the Firm, the Firm has agreed to a reduction of $5,184.38 on account of these entries in compromise of Rucki Fee Review’s request. For its remaining future fee applications, as with all other firms, Rucki Fee Review has requested the Firm minimize the number of entries that employ phrasing such as “attention to” and “coordinate” which sometimes are vague as to what work was performed (i.e., drafting, reviewing, conferencing, etc.). Rucki Fee Review further requested that preparation time be separately billed from other activity, such as attending calls or hearings, and that the work done to prepare be specified wherever preparation time exceeds 2.0 hours in the aggregate for a given hearing or other event. Likewise, Rucki Fee Review requested the Firm ensure all e-mail correspondence and conferences identify the counterparties to the same.",/docket/16854880/7731/boy-scouts-of-america/
Boy Scouts of America,223795636,multiple_attendees,True,True,"$316,930.00,$66,262.50","4. Although it examines the matter on a case-by-case basis based on the facts and circumstances of each case and each applicant’s role within a case (such as a firm responsible for coordinating filing and scheduling of and hearing on multiple professionals’ fee applications) regardless of whether any given threshold is exceeded, Rucki Fee Review generally does not consider time spent on fee issues to be presumptively unreasonable where less than 7% of total time has been charged for preparing fee applications and addressing fee issues. It applies these guidelines on a cumulative basis. Through the conclusion of the eighth quarterly fee period the Firm has charged approximately $316,930.00 for fees billed related to the Firm’s fee applications and the fee applications of other debtor professionals on a cumulative basis. This includes approximately $66,262.50 not previously considered by the Bankruptcy Court on an interim basis. This cumulative total amounts to approximately 6.8% of cumulative total fees. Subject to the agreed reductions set forth herein, Rucki Fee Review considers theses fees to be reasonable, necessary and appropriate. Only roughly 40% of these incremental fees are for the Firm’s fee applications, and the Firm necessarily must file the fee applications and related items (such as CNOs and COCs) of the other debtor professionals, which account for a greater percentage of the Firm’s cumulative work given its limited role in these chapter 11 cases as Delaware counsel and the number of debtor professionals in these large and complex cases.",/docket/16854880/10922/boy-scouts-of-america/
Boy Scouts of America,223795636,"duplication,rates",False,False,"$613.89,$587.55,$522.38,$528.99,$499.43,$607.30,$667.99,$578.03","5. Rucki Fee Review considers the staffing breakdown during the eighth quarterly fee period (percentage of hours billed by partners, counsel, associates and paraprofessionals respectively) to be appropriate, as reflected in the Firm’s blended hourly rate of $613.89 (which compares to $587.55 during the first quarterly fee period, $522.38 during the second quarterly fee period, $528.99 during the third quarterly fee period, $499.43 during the fourth quarterly fee period, $607.30 during the fifth quarterly fee period, $667.99 during the sixth quarterly fee period, and $578.03 during the seventh quarterly fee period). This is equivalent to a senior mid-level associate at the Firm’s current hourly rates (which rates were subject to an annual periodic adjustment in January 2022, and which increased rates Rucki Fee Review considers reasonable). Moreover, the billing rates of the Firm’s counsel and certain partners are less than that of associates at many firms with comparable chapter 11 experience, allowing for a heavier utilization of counsel and partners, and for this reason Rucki Fee Review does not consider the fact that a small amount of research was done by partners to be objectionable.",/docket/16854880/10922/boy-scouts-of-america/
Boy Scouts of America,223795636,"transitory_timekeepers,duplication",False,False,"$2,141.00,$170.00,$1,279.00,$429.50,$262.50","6. Further to the Firm’s staffing, Rucki Fee Review notes that the Firm utilized 36 professionals or paraprofessionals to perform its work during the eighth quarterly fee period, 17 of whom billed fewer than 15 hours during the eighth quarterly fee period. This overall total is an increase from 23 during the first quarterly fee period, 16 during the second quarterly fee period, 15 during the third quarterly fee period, 11 during the fourth and fifth quarterly fee periods, 19 during the sixth quarterly fee period and unchanged from 36 during the seventh quarterly fee period. Rucki Fee Review gives additional scrutiny to time entries of those billing fewer than 15 hours in a quarter to address if the utilization of such particular persons was necessary for the case. Subject to the agreed reductions set forth herein, Rucki Fee Review considers the utilization of these persons be appropriate other than to request a waiver of the time and fees of four of these persons in the aggregate amount of $2,141.00 (0.2 hours and $170.00 in fees; 1.3 hours and $1,279.00 in fees; 0.5 hours and $429.50 in fees; and 0.5 hours and $262.50 in fees).",/docket/16854880/10922/boy-scouts-of-america/
Boy Scouts of America,223795636,"duplication,budget_staffing_plan",False,False,"$1,500,000.00","7. With respect to the Firm’s overall staffing, Rucki Fee Review notes that it is customary in cases before the Bankruptcy Court for a “reasonable effort” to comply with the Attorney Large Case Guidelines to include preparation of a budget and staffing plan for each applicable law firm agreed to by the client (debtor or committee). Here, the Firm did prepare a prospective budget and staffing plan for the eighth quarterly fee period and according to the budget filed by the Firm with the Eighth Quarterly Fee Application the Firm’s budgeted fees were $1,500,000.00, meaning the Firm’s actual fees were approximately 3.9% above the Firm’s budgeted fees. The Eighth Quarterly Fee Application states the fees were higher than budgeted “due to the numerous contested matters and court hearings during the Application Period, as well as Morris Nichols’ involvement in the confirmation discovery process. Like the prior quarterly fee period, the Firm was called upon to utilize a team of dedicated document reviewers to assist with producing/reviewing documents related to confirmation discovery, which was the dominant factor in the number of personnel utilized by the Firm. Further to the staffing size of the Firm, ten of the Firm’s 36 persons utilized were paraprofessionals or e-discovery personnel, and several of these paraprofessionals billed small amounts of time in connection with filings, as the Firm utilizes the first available paralegal to file pleadings in many instances, rather than always having a single dedicated paraprofessional making all case filings.",/docket/16854880/10922/boy-scouts-of-america/
Boy Scouts of America,223795636,budget_staffing_plan,False,False,,"Further to the Firm’s statement regarding the budget overage being caused by a greater than anticipated number of contested matters and court hearings during the eighth quarterly fee period, Rucki Fee Review acknowledges that there were a significant number of hearings related to discovery disputes, voting issues and related confirmation disputes, including some that were not foreseeable, and that the Firm’s role as Delaware counsel for the debtors obliged the Firm to prepare agendas, prepare hearing binders, and perform related work on account of these matters, as well as attend such hearings and provide advice related to the same. Accounting for all of the foregoing and subject to the agreed reductions set forth herein, Rucki Fee Review considers the Firm’s work to be well-coordinated within the Firm and with its fellow professionals.",/docket/16854880/10922/boy-scouts-of-america/
Boy Scouts of America,223795636,block_billing,True,False,,"8. Local Rule 2016-2 provides in section (d) that all fee applications shall include complete and detailed activity descriptions; each activity description shall include the type of activity, each activity description shall include the participants to the activity; each activity description shall include the subject matter and shall be sufficiently detailed to allow the bankruptcy court to determine whether all the time, or any portion thereof, is actual, reasonable, and necessary and shall include a time allotment billed in tenths of an hour and not be “lumped” with other entries. Notwithstanding the Local Rule, and consistent with the practice of certain of the Bankruptcy Court’s Judges, Rucki Fee Review does not object to “lumping” where a single timekeeper bills less than 0.5 hours during an entire day in the aggregate (not multiple lumped 0.5 entries).",/docket/16854880/10922/boy-scouts-of-america/
Boy Scouts of America,223795636,"vague,block_billing",True,False,$800.00,"9. Rucki Fee Review identified certain entries that it considers lumped or otherwise not fully compliant with the Local Rules for reasons such as not identifying the counterparties to e- mail discussions, which is not an uncommon practice. After conferral with the Firm, the Firm has agreed to a reduction of $800.00 on account of these entries in compromise of Rucki Fee Review’s request. For its remaining future fee applications, as with all other firms, Rucki Fee Review has requested the Firm minimize the number of entries that employ phrasing such as “attention to” and “coordinate” which sometimes are vague as to what work was performed (i.e., drafting, reviewing, conferencing, etc.). Rucki Fee Review further requested that preparation time be separately billed from other activity, such as attending calls or hearings, and that the work done to prepare be specified wherever preparation time exceeds 2.0 hours in the aggregate for a given hearing or other event. Likewise, Rucki Fee Review requested the Firm ensure all e-mail correspondence and conferences identify the counterparties to the same.",/docket/16854880/10922/boy-scouts-of-america/
Boy Scouts of America,223795636,overhead_clerical,True,False,"$1,638.00","10. Administrative tasks that are generally not compensable by a non-chapter 11 client or are secretarial in nature are not compensable in chapter 11. Rucki Fee Review identified certain work it considers administrative in nature, and the Firm agreed to a fee reduction of $1,638.00 on account of these fees in compromise of Rucki Fee Review’s request.",/docket/16854880/10922/boy-scouts-of-america/
Boy Scouts of America,187927758,multiple_attendees,True,False,"$83,103.00,$26,139.00","4. Although it examines the matter on a case-by-case basis based on the facts and circumstances of each case and each applicant’s role within a case (such as a firm responsible for coordinating filing and scheduling of and hearing on multiple professionals’ fee applications) regardless of whether any given threshold is exceeded, Rucki Fee Review generally does not consider time spent on fee issues to be presumptively unreasonable where less than 7% of total time has been charged for preparing fee applications and addressing fee issues. It applies these guidelines on a cumulative basis. Through the conclusion of the fourth quarterly fee period the Firm has charged approximately $83,103.00 for fees billed related to the Firm’s fee applications on a cumulative basis. This amounts to approximately 2.5% of total fees and includes $26,139.00 not previously considered by the bankruptcy court on an interim basis. Subject to the agreed reductions set forth herein, Rucki Fee Review considers theses fees to be reasonable, necessary and appropriate.",/docket/16854880/7720/boy-scouts-of-america/
Boy Scouts of America,187927758,"duplication,rates",False,False,"$754.05,$748.03,$748.91,$744.51","5. Rucki Fee Review considers the staffing breakdown during the fourth quarterly fee period (percentage of hours billed by managing directors, directors, senior vice presidents, vice presidents, and associates, respectively) to be appropriate, as reflected in the Firm’s blended hourly rate of $754.05, which is equivalent to a director (the Firm’s second highest personnel tier) at the Firm’s current hourly rates (which rates were subject of a periodic annual increase in January, and which increased rates Rucki Fee Review considers reasonable) and is similar to the blended rate of $748.03 for the first quarterly fee period, $748.91 for the second quarterly fee period, and $744.51 for the third quarterly fee period.",/docket/16854880/7720/boy-scouts-of-america/
Boy Scouts of America,187927758,"transitory_timekeepers,duplication",False,True,,"6. Further to the Firm’s staffing, Rucki Fee Review notes that the Firm utilized 17 professionals to perform its work during the fourth quarterly fee period (increased from fourteen during each of the first two quarterly fee periods and twelve during the third quarterly fee period, with additional dedicated personnel utilized for claims review work following the bar date in these chapter 11 cases), seven of whom billed fewer than 15 hours during the fourth quarterly fee period. Rucki Fee Review gives additional scrutiny to time entries of those billing fewer than 15 hours in a quarter to address if the utilization of such particular persons was necessary for the case, but after review considers the utilization of these persons (most of whom have a limited role relating to fee and retention matters) to be appropriate, subject to the agreed reductions set forth herein for a portion of the work of certain of these professionals. With respect to the Firm’s broader staffing, Rucki Fee Review notes that the 17 persons utilized by the Firm consist of five operational personnel, three forensic investigation personnel (one of whom billed only 0.4 hours during the fourth quarterly fee period after performing more substantive work earlier in these chapter 11 cases), two personnel who worked exclusively on claims analysis, one junior professional who assisted with the discrete task of creation of slides for a presentation, and six personnel working on fee and retention issues (all but one of whom billed 8.5 or fewer hours during the fourth quarterly fee period). For the fourth quarterly fee period, subject to the agreed reductions set forth herein it appears that the work required of the Firm was generally well- coordinated within the Firm and with its fellow professionals who have filed fee applications for the fourth quarterly fee period.",/docket/16854880/7720/boy-scouts-of-america/
Boy Scouts of America,187927758,block_billing,True,False,,"7. Local Rule 2016-2 provides in section (d) that all fee applications shall include complete and detailed activity descriptions; each activity description shall include the type of activity, each activity description shall include the participants to the activity; each activity description shall include the subject matter and shall be sufficiently detailed to allow the bankruptcy court to determine whether all the time, or any portion thereof, is actual, reasonable, and necessary and shall include a time allotment billed in tenths of an hour and not be “lumped” with other entries. Notwithstanding the Local Rule, and consistent with the practice of certain of the Bankruptcy Court’s Judges, Rucki Fee Review does not object to “lumping” where a single timekeeper bills less than 0.5 hours during an entire day in the aggregate (not multiple lumped 0.5 entries).",/docket/16854880/7720/boy-scouts-of-america/
Boy Scouts of America,187927758,"vague,block_billing",True,False,,"8. Rucki Fee Review identified a de minimis amount of entries that it considers lumped or otherwise not fully compliant with the Local Rules for reasons such as not identifying the counterparties to e-mail discussions, which is not an uncommon practice. After conferral with the Firm, no reduction is recommended on account of these entries. For future fee applications, as with all other firms, Rucki Fee Review has requested the Firm minimize the number of entries that employ phrasing such as “attention to” and “coordinate” which sometimes are vague as to what work was performed (i.e., drafting, reviewing, conferencing, etc.). Rucki Fee Review further requested that preparation time be separately billed from other activity, such as attending calls or hearings, and that the work done to prepare be specified wherever preparation time exceeds 2.0 hours in the aggregate for a given hearing or other event. Likewise, Rucki Fee Review requested the Firm ensure all e-mail correspondence and conferences identify the counterparties to the same.",/docket/16854880/7720/boy-scouts-of-america/
Boy Scouts of America,187927758,overhead_clerical,True,False,"$7,523.00","9. Administrative tasks that are generally not compensable by a non-chapter 11 client or that are secretarial in nature are not compensable in chapter 11. Rucki Fee Review identified certain work it considers non-compensable administrative activity in whole or in part and, after conferral with the Firm regarding the same, the Firm has agreed to a fee reduction of $7,523.00 in compromise of Rucki Fee Review’s request with respect to these fees.",/docket/16854880/7720/boy-scouts-of-america/
Boy Scouts of America,187927910,billing_activities,True,False,"$16,250.00,$12,250.00,$4,000.00,$16,250.00","4. As discussed further below, Rucki Fee Review recognizes the Firm voluntarily reduced its requested fees by $16,250.00 during the second quarterly fee period, consisting of voluntary reductions of $12,250.00 from the Firm’s third monthly fee application (covering the months of November and December 2020) and $4,000.00 from the Firm’s fourth monthly fee application (covering the month of January 2021). Significantly, the fee detail contained in the Firm’s fee application still contained the support for these $16,250.00 in voluntary fee reductions (i.e., the reductions were applied after finalizing the invoices attached to the Firm’s fee applications).",/docket/16854880/7711/boy-scouts-of-america/
Boy Scouts of America,187927910,multiple_attendees,True,False,"$11,134.50,$5,190.50","5. Although it examines the matter on a case-by-case basis based on the facts and circumstances of each case and each applicant’s role within a case (such as a firm responsible for coordinating filing and scheduling of and hearing on multiple professionals’ fee applications) regardless of whether any given threshold is exceeded, Rucki Fee Review generally does not consider time spent on fee issues to be presumptively unreasonable where less than 7% of total time has been charged for preparing fee applications and addressing fee issues. It applies these guidelines on a cumulative basis. Through the conclusion of the Firm’s second quarterly fee period the Firm has charged approximately $11,134.50 for fees billed related to the Firm’s fee applications on a cumulative basis, including approximately $5,190.50 not previously considered by the Bankruptcy Court on an interim basis. This amounts to less than 1% of total fees and Rucki Fee Review considers these fees reasonable, necessary and appropriate.",/docket/16854880/7711/boy-scouts-of-america/
Boy Scouts of America,187927910,"duplication,rates",False,False,"$615.64,$558.01,$1,375.00,$975.00","6. Rucki Fee Review considers the staffing breakdown during the second quarterly fee period (percentage of hours billed by partners, counsel, associates and paraprofessionals respectively) to be appropriate, as reflected in the Firm’s blended hourly rate of $615.64 (after application of rate discounts but before other voluntary reductions). This is increased from $558.01 during the Firm’s first quarterly fee period, and is equivalent to a mid-tier partner at the Firm’s discounted hourly rates (the Firm has discounted the hourly rates of its personnel other than Kirk Pasich by 20% from its standard hourly rates, and reduced Mr. Pasich’s rate from $1,375.00 per hour to $975.00 per hour for these chapter 11 cases). The Firm’s discounted rates allow for a heavier utilization of more senior personnel, and for this reason Rucki Fee Review does not consider the fact that research was done by partners to be objectionable.",/docket/16854880/7711/boy-scouts-of-america/
Boy Scouts of America,187927910,"transitory_timekeepers,duplication",False,False,,"7. Further to the Firm’s staffing, Rucki Fee Review notes that the Firm utilized five professionals or paraprofessionals to perform its work during the second quarterly fee period, the same as the first quarterly fee period. One of these persons, a paraprofessional, billed fewer than 15 hours during the second quarterly fee period. Rucki Fee Review gives additional scrutiny to time entries of those billing fewer than 15 hours in an interim fee period to address if the utilization of such particular persons was necessary for the case, but subject to a portion of this paraprofessional’s work it considers administrative in nature as discussed below, Rucki Fee Review considers the utilization of this paraprofessional to be reasonable, necessary and appropriate.",/docket/16854880/7711/boy-scouts-of-america/
Boy Scouts of America,187927910,"duplication,budget_staffing_plan",False,False,"$582,500.00","8. Rucki Fee Review notes that it is customary in cases before the Bankruptcy Court for a “reasonable effort” to comply with the Attorney Large Case Guidelines to include preparation of a budget and staffing plan for each applicable law firm agreed to by the client (debtor or committee). Here, the Firm did prepare a prospective budget and staffing plan for the Firm’s second quarterly fee period contemplating maximum fees of $582,500.00, meaning the Firm was under its budget by approximately 10% after factoring in its voluntary fee reductions during the second quarterly fee period. This is a factor Rucki Fee Review considers in evaluating the staffing and total fees on this matter. Rucki Fee Review considers the Firm’s work to be well-coordinated within the Firm and with its fellow professionals.",/docket/16854880/7711/boy-scouts-of-america/
Boy Scouts of America,187927910,block_billing,True,False,,"9. Local Rule 2016-2 provides in section (d) that all fee applications shall include complete and detailed activity descriptions; each activity description shall include the type of activity, each activity description shall include the participants to the activity; each activity description shall include the subject matter and shall be sufficiently detailed to allow the bankruptcy court to determine whether all the time, or any portion thereof, is actual, reasonable, and necessary and shall include a time allotment billed in tenths of an hour and not be “lumped” with other entries. Notwithstanding the Local Rule, and consistent with the practice of certain of the Bankruptcy Court’s Judges, Rucki Fee Review does not object to “lumping” where a single timekeeper bills less than 0.5 hours during an entire day in the aggregate (not multiple lumped 0.5 entries).",/docket/16854880/7711/boy-scouts-of-america/
Boy Scouts of America,187927910,"vague,block_billing",True,False,,"10. Rucki Fee Review identified certain entries that it considers lumped or otherwise not fully compliant with the Local Rules for reasons such as not identifying the counterparties to e- mail discussions, which is not an uncommon practice. After conferral with the Firm, however, any reductions on account of these entries and the other issues raised herein would be less than the amount of voluntary reductions already taken by the Firm, so no reduction was requested by Rucki Fee Review. For its remaining future fee applications, as with all other firms Rucki Fee Review has requested the Firm minimize the number of entries that employ phrasing such as “attention to” and “coordinate” which sometimes are vague as to what work was performed (i.e., drafting, reviewing, conferencing, etc.). Rucki Fee Review further requested that preparation time be separately billed from other activity, such as attending calls or hearings, and that the work done to prepare be specified wherever preparation time exceeds 2.0 hours in the aggregate for a given hearing or other event. Likewise, Rucki Fee Review requested the Firm ensure all e-mail correspondence and conferences identify the counterparties to the same.",/docket/16854880/7711/boy-scouts-of-america/
Boy Scouts of America,187927910,overhead_clerical,True,False,$390.00,"11. Administrative tasks that are generally not compensable by a non-chapter 11 client or that are secretarial in nature are not compensable in chapter 11. Rucki Fee Review identified certain work it considers non-compensable administrative activity in the amount of $390.00. After conferral with the Firm, however, any reductions on account of this work and the other issues raised herein would be less than the amount of voluntary reductions already taken by the Firm, so no reduction was requested by Rucki Fee Review.",/docket/16854880/7711/boy-scouts-of-america/
Boy Scouts of America,187927910,duplication,False,True,"$1,702.00","12. Rucki Fee Review has identified certain conferences and/or telephone calls where discussions were billed inconsistently or duplicated by the respective professionals to the conversation that would require a reduction of $1,702.00 to correspond to the time of the other professionals, and certain conferences and/or telephone calls where the counterparty to the conversation did not bill an itemized charge for the discussion. After conferral with the Firm, however, any reductions on account of these entries and the other issues raised herein would be less than the amount of voluntary reductions already taken by the Firm, so no reduction was requested by Rucki Fee Review.",/docket/16854880/7711/boy-scouts-of-america/
Boy Scouts of America,187927910,billing_activities,True,True,"$16,250.00,$12,250.00,$4,000.00,$16,250,00","16. As noted above, Rucki Fee Review recognizes the Firm voluntarily reduced its requested fees by $16,250.00 during the Firm’s second quarterly fee period, consisting of voluntary reductions of $12,250.00 from the Firm’s third monthly fee application (covering the months of November and December 2020) and $4,000.00 from the Firm’s fourth monthly fee application (covering the month of January 2021). Significantly, the fee detail contained in the Firm’s fee applications still contained the support for these $16,250,00 in voluntary fee reductions (i.e., the reductions were applied after finalizing the invoices attached to the Firm’s fee applications). Because Rucki Fee Review and other parties in interest were able to review the original fee detail supporting these voluntary reductions and any reductions requested by Rucki Fee Review would be based on the fee entries prior to these reductions, Rucki Fee Review considers it appropriate to credit these voluntary reductions against any fee reductions requested by Rucki Fee Review. Here, these voluntary reductions slightly exceed those reductions that would be requested by Rucki Fee Review, so no reductions have been requested or are required. CONCLUSION",/docket/16854880/7711/boy-scouts-of-america/
Boy Scouts of America,187927874,multiple_attendees,True,False,"$87,755.50,$84,569.50,$4,387.77","5. Although it examines the matter on a case-by-case basis based on the facts and circumstances of each case and each applicant’s role within a case (such as a firm responsible for coordinating filing and scheduling of and hearing on multiple professionals’ fee applications) regardless of whether any given threshold is exceeded, Rucki Fee Review generally does not consider time spent on fee issues to be presumptively unreasonable where less than 7% of total time has been charged for preparing fee applications and addressing fee issues. It applies these guidelines on a cumulative basis. Through the conclusion of the Firm’s second quarterly fee period the Firm has charged approximately $87,755.50 for fees billed related to the Firm’s fee applications and the fee applications of other debtor professionals (some of which it reviewed or otherwise assisted with prior to filing), including $84,569.50 not previously considered by the Bankruptcy Court on an interim basis. This amounts to approximately 1.7% of the Firm’s total cumulative fees through the conclusion of the Firm’s second quarterly fee period, by which time the Firm had filed its first quarterly fee application and first two monthly fee applications (with the third monthly fee application filed shortly thereafter, nine days after the conclusion of the Firm’s second quarterly fee period). Notwithstanding that these fees are less than 7% of total cumulative fees to date and thus not presumptively unreasonable, Rucki Fee Review still requested a fee reduction on account of certain of these fees, and the Firm agreed to a fee reduction of $4,387.77 in compromise of Rucki Fee Review’s request.",/docket/16854880/7712/boy-scouts-of-america/
Boy Scouts of America,187927874,"seniority_mismatch,duplication,rates",False,False,"$928.68,$998.55","6. Rucki Fee Review considers the staffing breakdown during the second quarterly fee period (percentage of hours billed by partners, counsel, associates and paraprofessionals respectively) to be appropriate. The Firm’s blended hourly rate of $928.68 (which is decreased from $998.55 during the Firm’s first quarterly fee period, owing to the utilization of more junior personnel including a paraprofessional after choosing not to bill paraprofessional time during the Firm’s first quarterly fee period) is equivalent to a senior associate or counsel at the Firm’s current hourly rates (depending on practice group). Rucki Fee Review also notes that the Firm previously agreed that, subject to customary periodic adjustments, the billing rates of its personnel would not exceed the rates of such attorneys who were previously at the Firm’s predecessor as restructuring counsel to the debtors, Sidley Austin LLP (“Sidley Austin”). The Firm’s current hourly rates were subject to an annual periodic adjustment effective January 1, 2021, but the Firm states in the Second Quarterly Fee Application that following this increase it has limited the rates of professionals formerly at Sidley Austin to the lower of the rates for what it considers professionals of comparable seniority remaining at Sidley Austin or the current billing rates of these professionals at the Firm. Based on its review, Rucki Fee Review considers the Firm’s current billing rates to be reasonable.",/docket/16854880/7712/boy-scouts-of-america/
Boy Scouts of America,187927874,"transitory_timekeepers,duplication",False,False,"$3,153.50","7. Further to the Firm’s staffing, Rucki Fee Review notes that the Firm utilized 36 2 professionals or paraprofessionals to perform its work during the second quarterly fee period (increased from 13 during the Firm’s first quarterly fee period, which was a partial period), four of whom billed fewer than 15 hours during the second quarterly fee period. Rucki Fee Review gives additional scrutiny to time entries of those billing fewer than 15 hours in a quarter to address if the utilization of such particular persons was necessary for the case, but after review considers the utilization of these persons to be reasonable, necessary and appropriate other than to request the waiver of the 5.3 hours and $3,153.50 2 This number was inadvertently stated as 37 in the Second Quarterly Fee Application. in fees billed by one professional, which the Firm agreed to in compromise of Rucki Fee Review’s request.",/docket/16854880/7712/boy-scouts-of-america/
Boy Scouts of America,187927874,"duplication,budget_staffing_plan",False,False,"$7,202.50","8. Rucki Fee Review notes that it is customary in cases before the Bankruptcy Court for a “reasonable effort” to comply with the Attorney Large Case Guidelines to include preparation of a budget and staffing plan for each applicable law firm agreed to by the client (debtor or committee). Here, the Firm did prepare a prospective budget and staffing plan for the Firm, which is a factor Rucki Fee Review considers in evaluating the staffing and total fees on this matter. The Firm exceeded its budget for the Firm’s second quarterly fee period by $7,202.50, but the Firm is under budget after accounting for the fee reductions requested by, and agreed to with, Rucki Fee Review. Subject to the agreed reductions set forth herein, Rucki Fee Review considers the Firm’s work to be well-coordinated within the Firm and with its fellow professionals, including its predecessor as restructuring counsel to the debtors, Sidley Austin.",/docket/16854880/7712/boy-scouts-of-america/
Boy Scouts of America,187927874,block_billing,True,False,,"9. Local Rule 2016-2 provides in section (d) that all fee applications shall include complete and detailed activity descriptions; each activity description shall include the type of activity, each activity description shall include the participants to the activity; each activity description shall include the subject matter and shall be sufficiently detailed to allow the bankruptcy court to determine whether all the time, or any portion thereof, is actual, reasonable, and necessary and shall include a time allotment billed in tenths of an hour and not be “lumped” with other entries. Notwithstanding the Local Rule, and consistent with the practice of certain of the Bankruptcy Court’s Judges, Rucki Fee Review does not object to “lumping” where a single timekeeper bills less than 0.5 hours during an entire day in the aggregate (not multiple lumped 0.5 entries).",/docket/16854880/7712/boy-scouts-of-america/
Boy Scouts of America,187927874,"vague,block_billing",True,False,"$25,000.00","10. Rucki Fee Review identified a number of entries that it considers lumped or otherwise not fully compliant with the Local Rules for reasons such as not identifying the counterparties to e-mail discussions, which is not an uncommon practice. After conferral with the Firm, the Firm has agreed to a reduction of $25,000.00 on account of these entries in compromise of Rucki Fee Review’s request. For its remaining future fee applications, as with all other firms, Rucki Fee Review has requested the Firm minimize the number of entries that employ phrasing such as “attention to” and “coordinate” which sometimes are vague as to what work was performed (i.e., drafting, reviewing, conferencing, etc.). Rucki Fee Review further requested that preparation time be separately billed from other activity, such as attending calls or hearings, and that the work done to prepare be specified wherever preparation time exceeds 2.0 hours in the aggregate for a given hearing or other event. Likewise, Rucki Fee Review requested the Firm ensure all e-mail correspondence and conferences identify the counterparties to the same.",/docket/16854880/7712/boy-scouts-of-america/
Boy Scouts of America,187927874,overhead_clerical,True,False,"$6,721.50","11. Administrative tasks that are generally not compensable by a non-chapter 11 client or are secretarial in nature are not compensable in chapter 11. Rucki Fee Review identified certain work it considers administrative in nature, and the Firm agreed to a fee reduction of $6,721.50 on account of these fees in compromise of Rucki Fee Review’s request.",/docket/16854880/7712/boy-scouts-of-america/
Boy Scouts of America,187927874,duplication,False,False,"$2,463.88,$0.14,$0.10","17. With respect to the Firm’s expense reimbursement, at Rucki Fee Review’s request the Firm agreed to reduce its requested expense reimbursement by $2,463.88 on account of certain duplication charges that were inadvertently charged at $0.14 per page rather than the $0.10 per page limitation of the Local Rules for non-color copies, as well as on account of the Firm’s document processing charges. Rucki Fee Review considers the balance of the Firm’s expense reimbursement request to be reasonable, necessary and appropriate for reimbursement.",/docket/16854880/7712/boy-scouts-of-america/
Boy Scouts of America,323585137,multiple_attendees,True,False,"$535,625.50,$383,037.50,$100,963.00,$996.00,$1,811.00,$12,070.00,$1,703.00","4. Although it examines the matter on a case-by-case basis based on the facts and circumstances of each case and each applicant’s role within a case (such as a firm responsible for coordinating filing and scheduling of and hearing on multiple professionals’ fee applications) regardless of whether any given threshold is exceeded, Rucki Fee Review generally does not consider time spent on fee issues to be presumptively unreasonable where less than 7% of total time has been charged for preparing fee applications and addressing fee issues. It applies these guidelines on a cumulative basis. Through the conclusion of the tenth quarterly fee period the Firm has charged approximately $535,625.50 for fees billed related to the Firm’s fee applications and the fee applications of its fellow professionals on a cumulative basis (approximately $383,037.50 of which were on account of the Firm’s fee applications). This amounts to approximately 1.6% of total fees, and includes approximately $100,963.00 not previously considered by the Bankruptcy Court on an interim basis. Subject to the agreed reductions set forth herein (which include all $996.00 of the fees discussed in paragraph 6 below, all $1,811.00 of the fees considered administrative in nature discussed below, all $12,070.00 of the fees billed to these chapter 11 cases in error discussed below, and $1,703.00 of the miscellaneous reductions discussed below), Rucki Fee Review considers these fees to be reasonable, necessary and appropriate.",/docket/16854880/11191/boy-scouts-of-america/
Boy Scouts of America,323585137,"duplication,rates",False,False,"$961.91,$973.30,$969.91,$918.51,$923.62,$950.77,$720.40,$872.59,$973.75,$1,097.41","5. Rucki Fee Review considers the staffing breakdown during the tenth quarterly fee period (percentage of hours billed by partners, counsel, associates and paraprofessionals respectively) to be acceptable. The Firm’s blended hourly rate was $961.91 during the tenth quarterly fee period (which compares to $973.30 during the first quarterly fee period, $969.91 during the second quarterly fee period, $918.51 during the third quarterly fee period, $923.62 during the fourth quarterly fee period, $950.77 during the fifth quarterly fee period, $720.40 during the sixth quarterly fee period, $872.59 during the seventh quarterly fee period, $973.75 during the eighth quarterly fee period, and $1,097.41 during the ninth quarterly fee period). This average billable rate is equivalent to a counsel or junior partner at the Firm’s standard hourly rates. Rucki Fee Review considers the Firm’s staffing acceptable, which is informed by the fact that the billing rates of the Firm’s counsel and many but not all partners are less than that of senior associates at many firms with comparable chapter 11 experience, allowing for a heavier utilization of counsel and partners by the Firm. Although Rucki Fee Review considers the Firm’s staffing to be generally appropriate separate and apart from its fee sharing, Rucki Fee Review notes that the Firm’s staffing rates are made further appropriate by the fact that the Firm has agreed to donate 10% of the Firm’s fees to any fund established for the benefit of survivors in these chapter 11 cases, which as to some estate constituents (but not all) is akin to a 10% reduction off the Firm’s hourly rates.",/docket/16854880/11191/boy-scouts-of-america/
Boy Scouts of America,323585137,"transitory_timekeepers,duplication",False,False,$996.00,"6. Further to the Firm’s staffing, Rucki Fee Review notes that the Firm utilized 25 professionals or paraprofessionals to perform its work during the tenth quarterly fee period (which compares to 28 during the first quarterly fee period, 38 during the second quarterly fee period, 40 during the third quarterly fee period, 33 during the fourth quarterly fee period, 44 during the fifth and ninth quarterly fee periods, 55 during the sixth and eighth quarterly fee periods, and 46 during the seventh quarterly fee period), 13 of whom billed fewer than 15 hours during the tenth quarterly fee period. Of these 25 persons, nine were non-attorneys/paraprofessionals, including six of the 13 billing fewer than 15 hours during the tenth quarterly fee period. Rucki Fee Review gives additional scrutiny to time entries of those billing fewer than 15 hours in a quarter to address if the utilization of such particular persons was necessary for the case, but subject to the agreed reductions set forth herein does not object to the utilization of these persons other than to request a waiver of the 0.8 hours and $996.00 in fees billed by one professional, which the Firm agreed to in compromise of Rucki Fee Review’s request.",/docket/16854880/11191/boy-scouts-of-america/
Boy Scouts of America,323585137,"duplication,budget_staffing_plan",False,False,,"7. Rucki Fee Review notes that it is customary in cases before the Bankruptcy Court for a “reasonable effort” to comply with the Attorney Large Case Guidelines to include preparation of a budget and staffing plan for each applicable law firm agreed to by the client (debtor or committee). Here, the Firm did prepare a prospective budget and staffing plan for the tenth quarterly fee period, which is a factor Rucki Fee Review considers in evaluating the staffing and total fees on this matter. The Firm was under its budget for the tenth quarterly fee period by approximately 2.5%. Subject to the agreed reductions set forth herein, Rucki Fee Review considers the Firm’s work to be well-coordinated within the Firm and with its fellow professionals for the tenth quarterly fee period.",/docket/16854880/11191/boy-scouts-of-america/
Boy Scouts of America,323585137,block_billing,True,False,,"8. Local Rule 2016-2 provides in section (d) that all fee applications shall include complete and detailed activity descriptions; each activity description shall include the type of activity, each activity description shall include the participants to the activity; each activity description shall include the subject matter and shall be sufficiently detailed to allow the bankruptcy court to determine whether all the time, or any portion thereof, is actual, reasonable, and necessary and shall include a time allotment billed in tenths of an hour and not be “lumped” with other entries. Notwithstanding the Local Rule, and consistent with the practice of certain of the Bankruptcy Court’s Judges, Rucki Fee Review does not object to “lumping” where a single timekeeper bills less than 0.5 hours during an entire day in the aggregate (not multiple lumped 0.5 entries).",/docket/16854880/11191/boy-scouts-of-america/
Boy Scouts of America,323585137,"vague,block_billing",True,False,$300.00,"9. Rucki Fee Review identified a small number of entries that it considers lumped or otherwise not fully compliant with the Local Rules for reasons such as not identifying the counterparties to e-mail discussions, which is not an uncommon practice. After conferral with the Firm, the Firm has agreed to a reduction of $300.00 on account of these entries in compromise of Rucki Fee Review’s request. For its remaining future fee applications, as with all other firms, Rucki Fee Review has requested the Firm minimize the number of entries that employ phrasing such as “attention to” and “coordinate” which sometimes are vague as to what work was performed (i.e., drafting, reviewing, conferencing, etc.). Rucki Fee Review further requested that preparation time be separately billed from other activity, such as attending calls or hearings, and that the work done to prepare be specified wherever preparation time exceeds 2.0 hours in the aggregate for a given hearing or other event. Likewise, Rucki Fee Review requested the Firm ensure all e-mail correspondence and conferences identify the counterparties to the same.",/docket/16854880/11191/boy-scouts-of-america/
Boy Scouts of America,323585137,overhead_clerical,True,False,"$1,811.00","10. Administrative tasks that are generally not compensable by a non-chapter 11 client or are secretarial in nature are not compensable in chapter 11. Rucki Fee Review identified certain work it considers administrative in nature, and the Firm agreed to a fee reduction of $1,811.00 on account of these fees in compromise of Rucki Fee Review’s request.",/docket/16854880/11191/boy-scouts-of-america/
Boy Scouts of America,323389137,multiple_attendees,True,False,"$434,662.50,$297,866.00,$58,666.50","4. Although it examines the matter on a case-by-case basis based on the facts and circumstances of each case and each applicant’s role within a case (such as a firm responsible for coordinating filing and scheduling of and hearing on multiple professionals’ fee applications) regardless of whether any given threshold is exceeded, Rucki Fee Review generally does not consider time spent on fee issues to be presumptively unreasonable where less than 7% of total time has been charged for preparing fee applications and addressing fee issues. It applies these guidelines on a cumulative basis. Through the conclusion of the ninth quarterly fee period the Firm has charged approximately $434,662.50 for fees billed related to the Firm’s fee applications and the fee applications of its fellow professionals on a cumulative basis (approximately $297,866.00 of which were on account of the Firm’s fee applications). This amounts to approximately 1.3% of total fees, and includes approximately $58,666.50 not previously considered by the Bankruptcy Court on an interim basis. Subject to the agreed reductions set forth herein, Rucki Fee Review considers these fees to be reasonable, necessary and appropriate.",/docket/16854880/11176/boy-scouts-of-america/
Boy Scouts of America,323389137,"duplication,rates",False,False,"$1,097.41,$973.30,$969.91,$918.51,$923.62,$950.77,$720.40,$872.59,$973.75","5. Rucki Fee Review considers the staffing breakdown during the ninth quarterly fee period (percentage of hours billed by partners, counsel, associates and paraprofessionals respectively) to be acceptable. The Firm’s blended hourly rate was $1,097.41 during the ninth quarterly fee period (which is increased from $973.30 during the first quarterly fee period, $969.91 during the second quarterly fee period, $918.51 during the third quarterly fee period, $923.62 during the fourth quarterly fee period, $950.77 during the fifth quarterly fee period, $720.40 during the sixth quarterly fee period, $872.59 during the seventh quarterly fee period, and $973.75 during the eighth quarterly fee period). This average billable rate is equivalent to a counsel or junior partner at the Firm’s standard hourly rates. Subject to the agreed reductions set forth herein, Rucki Fee Review considers the Firm’s staffing acceptable, which is informed by the fact that the billing rates of the Firm’s counsel and many but not all partners are less than that of senior associates at many firms with comparable chapter 11 experience, allowing for a heavier utilization of counsel and partners by the Firm. Although Rucki Fee Review considers the Firm’s staffing to be generally appropriate separate and apart from its fee sharing, Rucki Fee Review notes that the Firm’s staffing rates are made further appropriate by the fact that the Firm has agreed to donate 10% of the Firm’s fees to any fund established for the benefit of survivors in these chapter 11 cases, which as to some estate constituents (but not all) is akin to a 10% reduction off the Firm’s hourly rates.",/docket/16854880/11176/boy-scouts-of-america/
Boy Scouts of America,323389137,"transitory_timekeepers,duplication",False,False,$92.50,"6. Further to the Firm’s staffing, Rucki Fee Review notes that the Firm utilized 44 professionals or paraprofessionals to perform its work during the ninth quarterly fee period (which compares to 28 during the first quarterly fee period, 38 during the second quarterly fee period, 40 during the third quarterly fee period, 33 during the fourth quarterly fee period, 44 during the fifth quarterly fee period, 55 during the sixth and eighth quarterly fee periods, and 46 during the seventh quarterly fee period), 17 of whom billed fewer than 15 hours during the ninth quarterly fee period. Of these 44 persons, 18 were non- attorneys/paraprofessionals, including nine of the 17 billing fewer than 15 hours during the ninth quarterly fee period. Rucki Fee Review gives additional scrutiny to time entries of those billing fewer than 15 hours in a quarter to address if the utilization of such particular persons was necessary for the case, but after review and subject to the agreed reductions set forth herein does not object to the utilization of these persons other than to request the waiver of the 0.1 hours and $92.50 in fees billed by one professional, which the Firm agreed to in compromise of Rucki Fee Review’s request. Nearly all of the other attorneys billing under 15 hours during the ninth quarterly fee period performed confirmation objection- related work in the first two weeks of the quarterly fee period prior to the settlement of the TCC’s objections.",/docket/16854880/11176/boy-scouts-of-america/
Boy Scouts of America,323389137,"duplication,budget_staffing_plan",False,False,,"7. Rucki Fee Review notes that it is customary in cases before the Bankruptcy Court for a “reasonable effort” to comply with the Attorney Large Case Guidelines to include preparation of a budget and staffing plan for each applicable law firm agreed to by the client (debtor or committee). Here, the Firm did prepare a prospective budget and staffing plan for the ninth quarterly fee period, which is a factor Rucki Fee Review considers in evaluating the staffing and total fees on this matter. The Firm was under its budget for the ninth quarterly fee period by approximately 4.0%. Subject to the agreed reductions set forth herein, Rucki Fee Review considers the Firm’s work to be well-coordinated within the Firm and with its fellow professionals for the ninth quarterly fee period.",/docket/16854880/11176/boy-scouts-of-america/
Boy Scouts of America,323389137,block_billing,True,False,,"8. Local Rule 2016-2 provides in section (d) that all fee applications shall include complete and detailed activity descriptions; each activity description shall include the type of activity, each activity description shall include the participants to the activity; each activity description shall include the subject matter and shall be sufficiently detailed to allow the bankruptcy court to determine whether all the time, or any portion thereof, is actual, reasonable, and necessary and shall include a time allotment billed in tenths of an hour and not be “lumped” with other entries. Notwithstanding the Local Rule, and consistent with the practice of certain of the Bankruptcy Court’s Judges, Rucki Fee Review does not object to “lumping” where a single timekeeper bills less than 0.5 hours during an entire day in the aggregate (not multiple lumped 0.5 entries).",/docket/16854880/11176/boy-scouts-of-america/
Boy Scouts of America,323389137,"vague,block_billing",True,False,"$21,611.60","9. Rucki Fee Review identified a number of entries that it considers lumped or otherwise not fully compliant with the Local Rules for reasons such as not identifying the counterparties to e-mail discussions, which is not an uncommon practice. After conferral with the Firm, the Firm has agreed to a reduction of $21,611.60 on account of these entries in compromise of Rucki Fee Review’s request. For its remaining future fee applications, as with all other firms, Rucki Fee Review has requested the Firm minimize the number of entries that employ phrasing such as “attention to” and “coordinate” which sometimes are vague as to what work was performed (i.e., drafting, reviewing, conferencing, etc.). Rucki Fee Review further requested that preparation time be separately billed from other activity, such as attending calls or hearings, and that the work done to prepare be specified wherever preparation time exceeds 2.0 hours in the aggregate for a given hearing or other event. Likewise, Rucki Fee Review requested the Firm ensure all e-mail correspondence and conferences identify the counterparties to the same.",/docket/16854880/11176/boy-scouts-of-america/
Boy Scouts of America,323389137,overhead_clerical,True,False,"$1,646.00","10. Administrative tasks that are generally not compensable by a non-chapter 11 client or are secretarial in nature are not compensable in chapter 11. Rucki Fee Review identified certain work it considers administrative in nature, and the Firm agreed to a fee reduction of $1,646.00 on account of these fees in compromise of Rucki Fee Review’s request.",/docket/16854880/11176/boy-scouts-of-america/
Boy Scouts of America,187929718,multiple_attendees,True,False,"$168,126.50,$38,062.00","4. Although it examines the matter on a case-by-case basis based on the facts and circumstances of each case and each applicant’s role within a case (such as a firm responsible for coordinating filing and scheduling of and hearing on multiple professionals’ fee applications) regardless of whether any given threshold is exceeded, Rucki Fee Review generally does not consider time spent on fee issues to be presumptively unreasonable where less than 7% of total time has been charged for preparing fee applications and addressing fee issues. It applies these guidelines on a cumulative basis. Through the conclusion of the fourth quarterly fee period the Firm has charged approximately $168,126.50 for fees billed related to the Firm’s fee applications and the fee applications of its fellow professionals on a cumulative basis. This amounts to approximately 2.3% of total fees, and includes approximately $38,062.00 not previously considered by the Bankruptcy Court on an interim basis. Subject to the agreed reductions set forth herein, Rucki Fee Review considers these fees to be reasonable, necessary and appropriate.",/docket/16854880/7727/boy-scouts-of-america/
Boy Scouts of America,187929718,"duplication,rates",False,False,"$923.62,$973.30,$969.91,$918.51","5. Rucki Fee Review considers the staffing breakdown during the fourth quarterly fee period (percentage of hours billed by partners, counsel, associates and paraprofessionals respectively) to be acceptable, as reflected in the Firm’s blended hourly rate of $923.62 (which compares to $973.30 during the first quarterly fee period, $969.91 for the second quarterly fee period, and $918.51 for the third quarterly fee period). Although this is equivalent to a counsel or lower-billing partner at the Firm’s standard hourly rates, the billing rates of the Firm’s counsel and many partners are less than that of senior associates at many firms with comparable chapter 11 experience, allowing for a heavier utilization of counsel and partners by the Firm. Although Rucki Fee Review considers the Firm’s staffing to be appropriate separate and apart from its fee sharing, Rucki Fee Review notes that the Firm’s staffing rates are made further appropriate by the fact that the Firm has agreed to donate 10% of the Firm’s fees to any fund established for the benefit of survivors in these chapter 11 cases, which as to some estate constituents (but not all) is akin to a 10% reduction off the Firm’s hourly rates.",/docket/16854880/7727/boy-scouts-of-america/
Boy Scouts of America,187929718,"transitory_timekeepers,duplication",False,False,$42.50,"6. Further to the Firm’s staffing, Rucki Fee Review notes that the Firm utilized 33 professionals or paraprofessionals to perform its work during the fourth quarterly fee period (up from 28 during the first quarterly fee period but decreased from 38 during the second quarterly fee period and 40 during the third quarterly fee period), 14 of whom billed fewer than 15 hours during the fourth quarterly fee period (and eight of these 14 were paraprofessionals). Rucki Fee Review gives additional scrutiny to time entries of those billing fewer than 15 hours in a quarter to address if the utilization of such particular persons was necessary for the case, but after review does not object to the utilization of these persons other than to request the waiver of the 0.1 hours and $42.50 billed by one paraprofessional, and the waiver of the time billed by two other paraprofessionals whose entire work Rucki Fee Review considers administrative in nature, as discussed further below. The Firm agreed to these requests in compromise of Rucki Fee Review’s requests.",/docket/16854880/7727/boy-scouts-of-america/
Boy Scouts of America,187929718,"duplication,budget_staffing_plan",False,False,,"7. Rucki Fee Review notes that it is customary in cases before the Bankruptcy Court for a “reasonable effort” to comply with the Attorney Large Case Guidelines to include preparation of a budget and staffing plan for each applicable law firm agreed to by the client (debtor or committee). Here, the Firm did prepare a prospective budget and staffing plan for fourth quarterly fee period, which is a factor Rucki Fee Review considers in evaluating the staffing and total fees on this matter. The Firm was under its budget for the fourth quarterly fee period by approximately 4%. Subject to the agreed reductions set forth herein, Rucki Fee Review considers the Firm’s work to be well-coordinated within the Firm and with its fellow professionals for the fourth quarterly fee period.",/docket/16854880/7727/boy-scouts-of-america/
Boy Scouts of America,187929718,block_billing,True,False,,"8. Local Rule 2016-2 provides in section (d) that all fee applications shall include complete and detailed activity descriptions; each activity description shall include the type of activity, each activity description shall include the participants to the activity; each activity description shall include the subject matter and shall be sufficiently detailed to allow the bankruptcy court to determine whether all the time, or any portion thereof, is actual, reasonable, and necessary and shall include a time allotment billed in tenths of an hour and not be “lumped” with other entries. Notwithstanding the Local Rule, and consistent with the practice of certain of the Bankruptcy Court’s Judges, Rucki Fee Review does not object to “lumping” where a single timekeeper bills less than 0.5 hours during an entire day in the aggregate (not multiple lumped 0.5 entries).",/docket/16854880/7727/boy-scouts-of-america/
Boy Scouts of America,187929718,"vague,block_billing",True,False,"$3,000.00","9. Rucki Fee Review identified a number of entries that it considers lumped or otherwise not fully compliant with the Local Rules for reasons such as not identifying the counterparties to e-mail discussions, which is not an uncommon practice. After conferral with the Firm, the Firm has agreed to a reduction of $3,000.00 on account of these entries in compromise of Rucki Fee Review’s request. For its remaining future fee applications, as with all other firms, Rucki Fee Review has requested the Firm minimize the number of entries that employ phrasing such as “attention to” and “coordinate” which sometimes are vague as to what work was performed (i.e., drafting, reviewing, conferencing, etc.). Rucki Fee Review further requested that preparation time be separately billed from other activity, such as attending calls or hearings, and that the work done to prepare be specified wherever preparation time exceeds 2.0 hours in the aggregate for a given hearing or other event. Likewise, Rucki Fee Review requested the Firm ensure all e-mail correspondence and conferences identify the counterparties to the same.",/docket/16854880/7727/boy-scouts-of-america/
Boy Scouts of America,187929718,overhead_clerical,True,False,"$2,725.50","10. Administrative tasks that are generally not compensable by a non-chapter 11 client or that are secretarial in nature are not compensable in chapter 11. Rucki Fee Review identified certain work it considers non-compensable administrative activity in nature, including the entirety of the work billed by two paraprofessionals, in the aggregate amount of $2,725.50. The Firm has agreed to waive these fees in compromise of Rucki Fee Review’s request.",/docket/16854880/7727/boy-scouts-of-america/
Boy Scouts of America,187929718,duplication,False,False,"$10,325.00","11. Rucki Fee Review identified certain conferences, telephone calls or other matters that were billed inconsistently or duplicated by the respective professionals, and/or conferences where the counterparty to the conversation did not bill an itemized charge for the discussion. Rucki Fee Review acknowledges that the latter can result from a professional intentionally or inadvertently not billing for a conference that actually occurred, or otherwise not being billed. After discussion with the Firm, the Firm has agreed to a reduction of $10,325.00 on account of these entries, representing the full amount of the difference in the non-matching entries and no reduction for the entries without a corresponding entry, which Rucki Fee Review considers an appropriate compromise.",/docket/16854880/7727/boy-scouts-of-america/
Boy Scouts of America,204462866,multiple_attendees,True,False,"$198,545.00,$30,418.50","4. Although it examines the matter on a case-by-case basis based on the facts and circumstances of each case and each applicant’s role within a case (such as a firm responsible for coordinating filing and scheduling of and hearing on multiple professionals’ fee applications) regardless of whether any given threshold is exceeded, Rucki Fee Review generally does not consider time spent on fee issues to be presumptively unreasonable where less than 7% of total time has been charged for preparing fee applications and addressing fee issues. It applies these guidelines on a cumulative basis. Through the conclusion of the fifth quarterly fee period the Firm has charged approximately $198,545.00 for fees billed related to the Firm’s fee applications and the fee applications of its fellow professionals on a cumulative basis. This amounts to approximately 1.9% of total fees, and includes approximately $30,418.50 not previously considered by the Bankruptcy Court on an interim basis. Subject to the agreed reductions set forth herein, Rucki Fee Review considers these fees to be reasonable, necessary and appropriate.",/docket/16854880/9972/boy-scouts-of-america/
Boy Scouts of America,204462866,"duplication,rates",False,False,"$950.77,$973.30,$969.91,$918.51,$923.62","5. Rucki Fee Review considers the staffing breakdown during the fifth quarterly fee period (percentage of hours billed by partners, counsel, associates and paraprofessionals respectively) to be acceptable, as reflected in the Firm’s blended hourly rate of $950.77 (which compares to $973.30 during the first quarterly fee period, $969.91 for the second quarterly fee period, $918.51 for the third quarterly fee period, and $923.62 for the fourth quarterly fee period). Although this is equivalent to a counsel or lower-billing partner at the Firm’s standard hourly rates, the billing rates of the Firm’s counsel and many partners are less than that of senior associates at many firms with comparable chapter 11 experience, allowing for a heavier utilization of counsel and partners by the Firm. Although Rucki Fee Review considers the Firm’s staffing to be appropriate separate and apart from its fee sharing, Rucki Fee Review notes that the Firm’s staffing rates are made further appropriate by the fact that the Firm has agreed to donate 10% of the Firm’s fees to any fund established for the benefit of survivors in these chapter 11 cases, which as to some estate constituents (but not all) is akin to a 10% reduction off the Firm’s hourly rates.",/docket/16854880/9972/boy-scouts-of-america/
Boy Scouts of America,204462866,"transitory_timekeepers,duplication",False,False,"$1,572.50,$297.50","6. Further to the Firm’s staffing, Rucki Fee Review notes that the Firm utilized 44 professionals or paraprofessionals to perform its work during the fifth quarterly fee period (increased from 28 during the first quarterly fee period, 38 during the second quarterly fee period, 40 during the third quarterly fee period and 33 during the fourth quarterly fee period), 17 of whom billed fewer than 15 hours during the fifth quarterly fee period (and seven of these 17 were paraprofessionals). Rucki Fee Review gives additional scrutiny to time entries of those billing fewer than 15 hours in a quarter to address if the utilization of such particular persons was necessary for the case, but after review and subject to the various agreed reductions set forth herein does not object to the utilization of these persons other than to request the waiver of (i) the 1.7 hours and $1,572.50 in fees billed by one professional and (ii) the 0.7 hours and $297.50 in fees billed by one paraprofessional, both of which the Firm agreed to in compromise of Rucki Fee Review’s request.",/docket/16854880/9972/boy-scouts-of-america/
Boy Scouts of America,204462866,"duplication,budget_staffing_plan",False,False,,"7. Rucki Fee Review notes that it is customary in cases before the Bankruptcy Court for a “reasonable effort” to comply with the Attorney Large Case Guidelines to include preparation of a budget and staffing plan for each applicable law firm agreed to by the client (debtor or committee). Here, the Firm did prepare a prospective budget and staffing plan for fifth quarterly fee period, which is a factor Rucki Fee Review considers in evaluating the staffing and total fees on this matter. The Firm was under its budget for the fifth quarterly fee period by approximately 2.5%. Subject to the agreed reductions set forth herein, Rucki Fee Review considers the Firm’s work to be well-coordinated within the Firm and with its fellow professionals for the fifth quarterly fee period.",/docket/16854880/9972/boy-scouts-of-america/
Boy Scouts of America,204462866,block_billing,True,False,,"8. Local Rule 2016-2 provides in section (d) that all fee applications shall include complete and detailed activity descriptions; each activity description shall include the type of activity, each activity description shall include the participants to the activity; each activity description shall include the subject matter and shall be sufficiently detailed to allow the bankruptcy court to determine whether all the time, or any portion thereof, is actual, reasonable, and necessary and shall include a time allotment billed in tenths of an hour and not be “lumped” with other entries. Notwithstanding the Local Rule, and consistent with the practice of certain of the Bankruptcy Court’s Judges, Rucki Fee Review does not object to “lumping” where a single timekeeper bills less than 0.5 hours during an entire day in the aggregate (not multiple lumped 0.5 entries).",/docket/16854880/9972/boy-scouts-of-america/
Boy Scouts of America,204462866,"vague,block_billing",True,False,"$4,000.00","9. Rucki Fee Review identified a number of entries that it considers lumped or otherwise not fully compliant with the Local Rules for reasons such as not identifying the counterparties to e-mail discussions, which is not an uncommon practice. After conferral with the Firm, the Firm has agreed to a reduction of $4,000.00 on account of these entries in compromise of Rucki Fee Review’s request. For its remaining future fee applications, as with all other firms, Rucki Fee Review has requested the Firm minimize the number of entries that employ phrasing such as “attention to” and “coordinate” which sometimes are vague as to what work was performed (i.e., drafting, reviewing, conferencing, etc.). Rucki Fee Review further requested that preparation time be separately billed from other activity, such as attending calls or hearings, and that the work done to prepare be specified wherever preparation time exceeds 2.0 hours in the aggregate for a given hearing or other event. Likewise, Rucki Fee Review requested the Firm ensure all e-mail correspondence and conferences identify the counterparties to the same.",/docket/16854880/9972/boy-scouts-of-america/
Boy Scouts of America,204462866,overhead_clerical,True,False,$935.50,"10. Administrative tasks that are generally not compensable by a non-chapter 11 client or are secretarial in nature are not compensable in chapter 11. Rucki Fee Review identified certain work it considers administrative in nature, and the Firm agreed to a fee reduction of $935.50 on account of these fees in compromise of Rucki Fee Review’s request.",/docket/16854880/9972/boy-scouts-of-america/
Boy Scouts of America,187929721,multiple_attendees,True,False,"$72,283.00,$10,992.50","4. Although it examines the matter on a case-by-case basis based on the facts and circumstances of each case and each applicant’s role within a case (such as a firm responsible for coordinating filing and scheduling of and hearing on multiple professionals’ fee applications) regardless of whether any given threshold is exceeded, Rucki Fee Review generally does not consider time spent on fee issues to be presumptively unreasonable where less than 7% of total time has been charged for preparing fee applications and addressing fee issues. It applies these guidelines on a cumulative basis. Through the conclusion of the fourth quarterly fee period, the Firm has billed approximately $72,283.00 for fees related to the Firm’s fee applications on a cumulative basis, including $10,992.50 not previously considered by the Bankruptcy Court on an interim basis. This amounts to approximately 1.9% of total fees on a cumulative basis. Subject to the agreed reductions set forth herein for certain of these fees, Rucki Fee Review considers these fees to be reasonable, necessary and appropriate.",/docket/16854880/7730/boy-scouts-of-america/
Boy Scouts of America,187929721,"duplication,rates",False,False,"$496.30,$598.89,$517.63,$526.46","5. Subject to the agreed reductions set forth herein, Rucki Fee Review considers the staffing breakdown during the fourth quarterly fee period (percentage of hours billed by managing directors, directors, associate directors, senior associates, associates, and case assistants, respectively) to be appropriate, as reflected in the Firm’s blended hourly rate of $496.30 (which is decreased from $598.89 during the first quarterly fee period, $517.63 during the second quarterly fee period and $526.46 during the third quarterly fee period). This hourly rate is roughly equivalent to a senior managing consultant (the Firm’s fourth-highest personnel tier) at the Firm’s current hourly rates. These hourly rates were subject to a periodic annual increase during the fourth quarterly fee period in January 2021 (which increased rates Rucki Fee Review considers reasonable), but as noted above the Firm’s average hourly billing rate still decreased owing to a greater utilization of junior personnel.",/docket/16854880/7730/boy-scouts-of-america/
Boy Scouts of America,187929721,"transitory_timekeepers,duplication",False,False,,"6. Further to the Firm’s staffing, Rucki Fee Review notes that the Firm utilized 18 professionals to perform its work during the fourth quarterly fee period (increased from 14 during the first quarterly fee period, 13 during the second quarterly fee period and 12 during the third quarterly fee period, with the increase owing principally to the utilization of additional junior personnel to assist with diligence matters), three of whom billed fewer than 15 hours during the fourth quarterly fee period. Rucki Fee Review gives additional scrutiny to time entries of those billing fewer than 15 hours in a quarter to address if the utilization of such particular persons was necessary for the case, but after review considers the utilization of these persons be appropriate. More broadly, subject to the agreed reductions set forth herein, Rucki Fee Review considers the Firm’s work to be well- coordinated within the Firm and with its fellow professionals.",/docket/16854880/7730/boy-scouts-of-america/
Boy Scouts of America,187929721,block_billing,True,False,,"7. Local Rule 2016-2 provides in section (d) that all fee applications shall include complete and detailed activity descriptions; each activity description shall include the type of activity, each activity description shall include the participants to the activity; each activity description shall include the subject matter and shall be sufficiently detailed to allow the bankruptcy court to determine whether all the time, or any portion thereof, is actual, reasonable, and necessary and shall include a time allotment billed in tenths of an hour and not be “lumped” with other entries. Notwithstanding the Local Rule, and consistent with the practice of certain of the Bankruptcy Court’s Judges, Rucki Fee Review does not object to “lumping” where a single timekeeper bills less than 0.5 hours during an entire day in the aggregate (not multiple lumped 0.5 entries).",/docket/16854880/7730/boy-scouts-of-america/
Boy Scouts of America,187929721,"vague,block_billing",True,False,"$1,200.00","8. Rucki Fee Review identified certain entries that it considers lumped or otherwise not fully compliant with the Local Rules for reasons such as not identifying the counterparties to e- mail discussions, which is not an uncommon practice. After conferral with the Firm, the Firm has agreed to a reduction of $1,200.00 on account of these entries in compromise of Rucki Fee Review’s request. For its remaining future fee applications, as with all other firms, Rucki Fee Review has requested the Firm minimize the number of entries that employ phrasing such as “attention to” and “coordinate” which sometimes are vague as to what work was performed (i.e., drafting, reviewing, conferencing, etc.). Rucki Fee Review further requested that preparation time be separately billed from other activity, such as attending calls or hearings, and that the work done to prepare be specified wherever preparation time exceeds 2.0 hours in the aggregate for a given hearing or other event. Likewise, Rucki Fee Review requested the Firm ensure all e-mail correspondence and conferences identify the counterparties to the same.",/docket/16854880/7730/boy-scouts-of-america/
Boy Scouts of America,187929721,overhead_clerical,True,False,"$3,132.50","9. Administrative tasks that are generally not compensable by a non-chapter 11 client or are secretarial in nature are not compensable in chapter 11. Rucki Fee Review identified certain entries that it considered non-compensable administrative activity or potentially non-compensable administrative activity, in whole or in part. After conferral with the Firm, the Firm has agreed to a fee reduction of $3,132.50 on account of these fees in compromise of Rucki Fee Review’s request with respect to this work.",/docket/16854880/7730/boy-scouts-of-america/
Boy Scouts of America,187929720,multiple_attendees,True,False,"$61,290.50,$35,289.50","4. Although it examines the matter on a case-by-case basis based on the facts and circumstances of each case and each applicant’s role within a case (such as a firm responsible for coordinating filing and scheduling of and hearing on multiple professionals’ fee applications) regardless of whether any given threshold is exceeded, Rucki Fee Review generally does not consider time spent on fee issues to be presumptively unreasonable where less than 7% of total time has been charged for preparing fee applications and addressing fee issues. It applies these guidelines on a cumulative basis. Through the conclusion of the third quarterly fee period, the Firm has billed approximately $61,290.50 for fees related to the Firm’s fee applications on a cumulative basis, including $35,289.50 not previously considered by the Bankruptcy Court on an interim basis. This amounts to approximately 2.1% of total fees on a cumulative basis. Subject to the agreed reductions set forth herein, Rucki Fee Review does not consider these fees to be objectionable, but it notes that a portion of these fees were for fee applications filed after the conclusion of the third quarterly fee period (as of the conclusion of the third quarterly fee period, the Firm had filed one quarterly fee application and three monthly fee applications, but had begun work on others). Rucki Fee Review will re-evaluate these fees at the conclusion of the subsequent fee period.",/docket/16854880/7729/boy-scouts-of-america/
Boy Scouts of America,187929720,"duplication,rates",False,False,"$526.46,$598.89,$517.63","5. Subject to the agreed reductions set forth herein, Rucki Fee Review considers the staffing breakdown during the third quarterly fee period (percentage of hours billed by managing directors, directors, associate directors, senior associates, associates, and case assistants, respectively) to be appropriate, as reflected in the Firm’s blended hourly rate of $526.46 (which compares to $598.89 during the first quarterly fee period and $517.63 during the second quarterly fee period), which is slightly below the rates of an associate director (the Firm’s third-highest personnel tier) at the Firm’s hourly rates.",/docket/16854880/7729/boy-scouts-of-america/
Boy Scouts of America,187929720,"transitory_timekeepers,duplication",False,False,$336.00,"6. Further to the Firm’s staffing, Rucki Fee Review notes that the Firm utilized 12 professionals to perform its work during the third quarterly fee period (decreased from 14 during the first quarterly fee period and 13 during the second quarterly fee period), three of whom billed fewer than 15 hours during the third quarterly fee period. Rucki Fee Review gives additional scrutiny to time entries of those billing fewer than 15 hours in a quarter to address if the utilization of such particular persons was necessary for the case, but after review considers the utilization of these persons be appropriate other than to request the waiver of the 0.6 hours and $336.00 in fees billed by one professional, which the Firm agreed to in compromise of Rucki Fee Review’s request. More broadly, subject to the agreed reductions set forth herein, Rucki Fee Review considers the Firm’s work to be well- coordinated within the Firm and with its fellow professionals.",/docket/16854880/7729/boy-scouts-of-america/
Boy Scouts of America,187929720,block_billing,True,False,,"7. Local Rule 2016-2 provides in section (d) that all fee applications shall include complete and detailed activity descriptions; each activity description shall include the type of activity, each activity description shall include the participants to the activity; each activity description shall include the subject matter and shall be sufficiently detailed to allow the bankruptcy court to determine whether all the time, or any portion thereof, is actual, reasonable, and necessary and shall include a time allotment billed in tenths of an hour and not be “lumped” with other entries. Notwithstanding the Local Rule, and consistent with the practice of certain of the Bankruptcy Court’s Judges, Rucki Fee Review does not object to “lumping” where a single timekeeper bills less than 0.5 hours during an entire day in the aggregate (not multiple lumped 0.5 entries).",/docket/16854880/7729/boy-scouts-of-america/
Boy Scouts of America,187929720,"vague,block_billing",True,False,$500.00,"8. Rucki Fee Review identified a small number of entries that it considers lumped or otherwise not fully compliant with the Local Rules for reasons such as not identifying the counterparties to e-mail discussions, which is not an uncommon practice. After conferral with the Firm, the Firm has agreed to a reduction of $500.00 on account of these entries in compromise of Rucki Fee Review’s request. For its remaining future fee applications, as with all other firms, Rucki Fee Review has requested the Firm minimize the number of entries that employ phrasing such as “attention to” and “coordinate” which sometimes are vague as to what work was performed (i.e., drafting, reviewing, conferencing, etc.). Rucki Fee Review further requested that preparation time be separately billed from other activity, such as attending calls or hearings, and that the work done to prepare be specified wherever preparation time exceeds 2.0 hours in the aggregate for a given hearing or other event. Likewise, Rucki Fee Review requested the Firm ensure all e-mail correspondence and conferences identify the counterparties to the same.",/docket/16854880/7729/boy-scouts-of-america/
Boy Scouts of America,187929720,overhead_clerical,True,False,$500.00,"9. Administrative tasks that are generally not compensable by a non-chapter 11 client or are secretarial in nature are not compensable in chapter 11. Rucki Fee Review identified a small number of entries that it considered non-compensable administrative activity or potentially non-compensable administrative activity, in whole or in part. After conferral with the Firm, the Firm has agreed to a fee reduction of $500.00 on account of these fees in compromise of Rucki Fee Review’s request with respect to this work.",/docket/16854880/7729/boy-scouts-of-america/
Boy Scouts of America,223795619,multiple_attendees,True,False,"$375,996.00,$257,207.50,$58,985.00","4. Although it examines the matter on a case-by-case basis based on the facts and circumstances of each case and each applicant’s role within a case (such as a firm responsible for coordinating filing and scheduling of and hearing on multiple professionals’ fee applications) regardless of whether any given threshold is exceeded, Rucki Fee Review generally does not consider time spent on fee issues to be presumptively unreasonable where less than 7% of total time has been charged for preparing fee applications and addressing fee issues. It applies these guidelines on a cumulative basis. Through the conclusion of the eighth quarterly fee period the Firm has charged approximately $375,996.00 for fees billed related to the Firm’s fee applications and the fee applications of its fellow professionals on a cumulative basis (approximately $257,207.50 of which were on account of the Firm’s fee applications). This amounts to approximately 1.3% of total fees, and includes approximately $58,985.00 not previously considered by the Bankruptcy Court on an interim basis. Subject to the agreed reductions set forth herein, Rucki Fee Review considers these fees to be reasonable, necessary and appropriate.",/docket/16854880/10927/boy-scouts-of-america/
Boy Scouts of America,223795619,"duplication,rates",False,False,"$973.75,$973.30,$969.91,$918.51,$923.62,$950.77,$720.40,$872.59","5. Rucki Fee Review considers the staffing breakdown during the eighth quarterly fee period (percentage of hours billed by partners, counsel, associates and paraprofessionals respectively) to be acceptable subject to the agreed reductions set forth herein. The Firm’s blended hourly rate was $973.75 during the eighth quarterly fee period (which compares to $973.30 during the first quarterly fee period, $969.91 during the second quarterly fee period, $918.51 during the third quarterly fee period, $923.62 during the fourth quarterly fee period, $950.77 during the fifth quarterly fee period, $720.40 during the sixth quarterly fee period, and $872.59 during the seventh quarterly fee period). This average billable rate is equivalent to a counsel or junior partner at the Firm’s standard hourly rates (which standard hourly rates were subject to an annual periodic adjustment in January 2022, and which increased rates Rucki Fee Review considers reasonable). Subject to the agreed reductions set forth herein, Rucki Fee Review considers the Firm’s staffing acceptable, which is informed by the fact that the billing rates of the Firm’s counsel and many but not all partners are less than that of senior associates at many firms with comparable chapter 11 experience, allowing for a heavier utilization of counsel and partners by the Firm. Although Rucki Fee Review considers the Firm’s staffing to be generally appropriate separate and apart from its fee sharing, Rucki Fee Review notes that the Firm’s staffing rates are made further appropriate by the fact that the Firm has agreed to donate 10% of the Firm’s fees to any fund established for the benefit of survivors in these chapter 11 cases, which as to some estate constituents (but not all) is akin to a 10% reduction off the Firm’s hourly rates.",/docket/16854880/10927/boy-scouts-of-america/
Boy Scouts of America,223795619,"transitory_timekeepers,duplication",False,False,,"6. Further to the Firm’s staffing, Rucki Fee Review notes that the Firm utilized 55 professionals or paraprofessionals to perform its work during the eighth quarterly fee period (which compares to 28 during the first quarterly fee period, 38 during the second quarterly fee period, 40 during the third quarterly fee period, 33 during the fourth quarterly fee period, 44 during the fifth quarterly fee period, 55 during the sixth quarterly fee period, and 46 during the seventh quarterly fee period), eight of whom billed fewer than 15 hours during the eighth quarterly fee period. Of these 55 persons, 18 were non- attorneys/paraprofessionals, including four of the eight billing fewer than 15 hours during the eighth quarterly fee period. Rucki Fee Review gives additional scrutiny to time entries of those billing fewer than 15 hours in a quarter to address if the utilization of such particular persons was necessary for the case, but after review and subject to the agreed reductions set forth herein does not object to the utilization of these persons.",/docket/16854880/10927/boy-scouts-of-america/
Boy Scouts of America,223795619,"duplication,budget_staffing_plan",False,False,,"7. Rucki Fee Review notes that it is customary in cases before the Bankruptcy Court for a “reasonable effort” to comply with the Attorney Large Case Guidelines to include preparation of a budget and staffing plan for each applicable law firm agreed to by the client (debtor or committee). Here, the Firm did prepare a prospective budget and staffing plan for eighth quarterly fee period, which is a factor Rucki Fee Review considers in evaluating the staffing and total fees on this matter. The Firm was under its budget for the eighth quarterly fee period by approximately 2.5%. Subject to the agreed reductions set forth herein, Rucki Fee Review considers the Firm’s work to be well-coordinated within the Firm and with its fellow professionals for the eighth quarterly fee period.",/docket/16854880/10927/boy-scouts-of-america/
Boy Scouts of America,223795619,block_billing,True,False,,"8. Local Rule 2016-2 provides in section (d) that all fee applications shall include complete and detailed activity descriptions; each activity description shall include the type of activity, each activity description shall include the participants to the activity; each activity description shall include the subject matter and shall be sufficiently detailed to allow the bankruptcy court to determine whether all the time, or any portion thereof, is actual, reasonable, and necessary and shall include a time allotment billed in tenths of an hour and not be “lumped” with other entries. Notwithstanding the Local Rule, and consistent with the practice of certain of the Bankruptcy Court’s Judges, Rucki Fee Review does not object to “lumping” where a single timekeeper bills less than 0.5 hours during an entire day in the aggregate (not multiple lumped 0.5 entries).",/docket/16854880/10927/boy-scouts-of-america/
Boy Scouts of America,223795619,"vague,block_billing",True,False,"$35,000.00","9. Rucki Fee Review identified a number of entries that it considers lumped or otherwise not fully compliant with the Local Rules for reasons such as not identifying the counterparties to e-mail discussions, which is not an uncommon practice. After conferral with the Firm, the Firm has agreed to a reduction of $35,000.00 on account of these entries in compromise of Rucki Fee Review’s request. For its remaining future fee applications, as with all other firms, Rucki Fee Review has requested the Firm minimize the number of entries that employ phrasing such as “attention to” and “coordinate” which sometimes are vague as to what work was performed (i.e., drafting, reviewing, conferencing, etc.). Rucki Fee Review further requested that preparation time be separately billed from other activity, such as attending calls or hearings, and that the work done to prepare be specified wherever preparation time exceeds 2.0 hours in the aggregate for a given hearing or other event. Likewise, Rucki Fee Review requested the Firm ensure all e-mail correspondence and conferences identify the counterparties to the same.",/docket/16854880/10927/boy-scouts-of-america/
Boy Scouts of America,223795619,overhead_clerical,True,False,"$2,592.50","10. Administrative tasks that are generally not compensable by a non-chapter 11 client or are secretarial in nature are not compensable in chapter 11. Rucki Fee Review identified certain work it considers administrative in nature, and the Firm agreed to a fee reduction of $2,592.50 on account of these fees in compromise of Rucki Fee Review’s request.",/docket/16854880/10927/boy-scouts-of-america/
Boy Scouts of America,154299440,multiple_attendees,True,False,"$31,298.00","4. Although it examines the matter on a case-by-case basis based on the facts and circumstances of each case and each applicant’s role within a case (such as a firm responsible for coordinating filing and scheduling of and hearing on multiple professionals’ fee applications) regardless of whether any given threshold is exceeded, Rucki Fee Review generally does not consider time spent on fee issues to be presumptively unreasonable where less than 7% of total time has been charged for preparing fee applications and addressing fee issues. It applies these guidelines on a cumulative basis. Through the conclusion of the second quarterly fee period the Firm has charged approximately 57.9 hours and $31,298.00 for fees billed related to the Firm’s fee applications on a cumulative basis. This amounts to approximately 1.8% of total fees and subject to the agreed reductions set forth herein, Rucki Fee Review considers theses fees to be reasonable, necessary and appropriate.",/docket/16854880/1819/boy-scouts-of-america/
Boy Scouts of America,154299440,"duplication,rates",False,False,"$748.03,$748.91","5. Rucki Fee Review considers the staffing breakdown during the first quarterly fee period (percentage of hours billed by managing directors, directors, senior vice presidents, vice presidents, and associates, respectively) to be appropriate, as reflected in the Firm’s blended hourly rate of $748.03, which is equivalent to a director (the Firm’s second highest personnel tier) at the Firm’s hourly rates. Rucki Fee Review also considers the staffing breakdown to be appropriate for the second quarterly fee period, as reflected in the Firm’s blended hourly rate of $748.91 for the second quarterly fee period.",/docket/16854880/1819/boy-scouts-of-america/
Boy Scouts of America,154299440,"transitory_timekeepers,duplication",False,False,"$1,380.00","6. Further to the Firm’s staffing, Rucki Fee Review notes that the Firm utilized 14 professionals to perform its work during the first quarterly fee period, five of whom billed fewer than 15 hours during the first quarterly fee period. During the second quarterly fee period, the Firm utilized 14 professionals to perform its work during the second quarterly fee period, four of whom billed fewer than 15 hours during the second quarterly fee period. Rucki Fee Review gives additional scrutiny to time entries of those billing fewer than 15 hours in a quarter to address if the utilization of such particular persons was necessary for the case, and after review requested the waiver of 1.2 hours of fees totaling $1,380.00 for the work of one of these professionals, who participated in conferences with other members of the Firm. The Firm agreed to this in compromise of Rucki Fee Review’s request. Subject to this and the other agreed reductions set forth herein, Rucki Fee Review also considers the Firm’s work (which included separate operational and forensic investigation personnel) more broadly to be well-coordinated both within the Firm and with its fellow professionals.",/docket/16854880/1819/boy-scouts-of-america/
Boy Scouts of America,154299440,block_billing,True,False,,"7. Local Rule 2016-2 provides in section (d) that all fee applications shall include complete and detailed activity descriptions; each activity description shall include the type of activity, each activity description shall include the participants to the activity; each activity description shall include the subject matter and shall be sufficiently detailed to allow the bankruptcy court to determine whether all the time, or any portion thereof, is actual, reasonable, and necessary and shall include a time allotment billed in tenths of an hour and not be “lumped” with other entries. Notwithstanding the Local Rule, and consistent with the practice of certain of the Bankruptcy Court’s Judges, Rucki Fee Review does not object to “lumping” where a single timekeeper bills less than 0.5 hours during an entire day in the aggregate (not multiple lumped 0.5 entries).",/docket/16854880/1819/boy-scouts-of-america/
Boy Scouts of America,154299440,"vague,block_billing",True,False,"$1,237.70","8. Rucki Fee Review identified a small number of entries that it considers lumped or otherwise not fully compliant with the Local Rules for reasons such as not identifying the counterparties to e-mail discussions, which is not an uncommon practice. After conferral with the Firm, the Firm has agreed to a reduction of $1,237.70 on account of these entries in compromise of Rucki Fee Review’s request. For future fee applications, as with all other firms Rucki Fee Review has requested the Firm minimize the number of entries that employ phrasing such as “attention to” and “coordinate” which sometimes are vague as to what work was performed (i.e., drafting, reviewing, conferencing, etc.). Rucki Fee Review further requested that preparation time be separately billed from other activity, such as attending calls or hearings, and that the work done to prepare be specified wherever preparation time exceeds 2.0 hours in the aggregate for a given hearing or other event. Likewise, Rucki Fee Review requested the Firm ensure all e-mail correspondence and conferences identify the counterparties to the same.",/docket/16854880/1819/boy-scouts-of-america/
Boy Scouts of America,154299440,overhead_clerical,True,False,"$4,082.00","9. Administrative tasks that are generally not compensable by a non-chapter 11 client or that are secretarial in nature are not compensable in chapter 11. Rucki Fee Review identified certain entries it considered administrative or potentially administrative in whole or in part. After conferral with the Firm, the Firm has agreed to a reduction of $4,082.00 in compromise of Rucki Fee Review’s request with respect to these entries.",/docket/16854880/1819/boy-scouts-of-america/
Boy Scouts of America,154447006,billing_activities,True,False,"$21,745.00,$64,129.23,$21,745.00,$47,146.73,$16,982.50,$85,874.23","4. As discussed further below, the Firm voluntarily reduced its requested fees by $21,745.00 during the first quarterly fee period and by $64,129.23 during the second quarterly fee period. These reductions consisted of $21,745.00 from the Firm’s April monthly fee application, $47,146.73 from the Firm’s May monthly fee application, and $16,982.50 from the Firm’s combined June/July monthly fee application. Significantly, the fee detail contained in the Firm’s fee applications still contained the support for these $85,874.23 in voluntary fee reductions (i.e., the reductions were applied after finalizing the invoices attached to the Firm’s fee applications).",/docket/16854880/1838/boy-scouts-of-america/
Boy Scouts of America,154447006,multiple_attendees,True,False,"$22,027.50","5. Although it examines the matter on a case-by-case basis based on the facts and circumstances of each case and each applicant’s role within a case (such as a firm responsible for coordinating filing and scheduling of and hearing on multiple professionals’ fee applications) regardless of whether any given threshold is exceeded, Rucki Fee Review generally does not consider time spent on fee issues to be presumptively unreasonable where less than 7% of total time has been charged for preparing fee applications and addressing fee issues. It applies these guidelines on a cumulative basis. Through the conclusion of the second quarterly fee period the Firm has charged approximately 49.0 hours and $22,027.50 for fees billed related to the Firm’s fee applications on a cumulative basis. This amounts to less than 1% of total fees and subject to its agreed reductions set forth herein Rucki Fee Review considers theses fees to be reasonable, necessary and appropriate.",/docket/16854880/1838/boy-scouts-of-america/
Boy Scouts of America,154447006,"duplication,rates",False,False,"$660.41,$683.87","6. Rucki Fee Review considers the staffing breakdown during the first quarterly fee period (percentage of hours billed by managing directors, senior directors, directors, managers, senior associates, associates, consultants, analysts and paraprofessionals, respectively) to be appropriate, as reflected in the Firm’s blended hourly rate of $660.41 (before application of voluntary reductions), which is equivalent to a senior director (the Firm’s second highest personnel tier) at the Firm’s hourly rates. Rucki Fee Review also considers the staffing breakdown to be appropriate for the second quarterly fee period, as reflected in the Firm’s blended hourly rate of $683.87 (before the application of voluntary reductions) for the second quarterly fee period.",/docket/16854880/1838/boy-scouts-of-america/
Boy Scouts of America,154447006,"transitory_timekeepers,duplication",False,False,,"7. Further to the Firm’s staffing, Rucki Fee Review notes that the Firm utilized 17 professionals to perform its work during the first quarterly fee period, four of whom billed fewer than 15 hours during the first quarterly fee period. During the second quarterly fee period, the Firm utilized 14 professionals to perform its work during the second quarterly fee period, six of whom billed fewer than 15 hours during the second quarterly fee period, with the core team decreasing in size after the completion of the debtors’ schedules and statements. Rucki Fee Review gives additional scrutiny to time entries of those billing fewer than 15 hours in a quarter to address if the utilization of such particular persons was necessary for the case, but after review considers the utilization of these persons be appropriate. Subject to the agreed reductions set forth herein, Rucki Fee Review also considers the Firm’s work to be well-coordinated within the Firm and with its fellow professionals.",/docket/16854880/1838/boy-scouts-of-america/
Boy Scouts of America,154447006,block_billing,True,False,,"8. Local Rule 2016-2 provides in section (d) that all fee applications shall include complete and detailed activity descriptions; each activity description shall include the type of activity, each activity description shall include the participants to the activity; each activity description shall include the subject matter and shall be sufficiently detailed to allow the bankruptcy court to determine whether all the time, or any portion thereof, is actual, reasonable, and necessary and shall include a time allotment billed in tenths of an hour and not be “lumped” with other entries. Notwithstanding the Local Rule, and consistent with the practice of certain of the Bankruptcy Court’s Judges, Rucki Fee Review does not object to “lumping” where a single timekeeper bills less than 0.5 hours during an entire day in the aggregate (not multiple lumped 0.5 entries).",/docket/16854880/1838/boy-scouts-of-america/
Boy Scouts of America,154447006,"vague,block_billing",True,False,"$14,275.00","9. Rucki Fee Review identified a number of entries that it considers lumped or otherwise not fully compliant with the Local Rules for reasons such as not identifying the counterparties to e-mail discussions, which is not an uncommon practice. After conferral with the Firm, the Firm has agreed to a reduction of $14,275.00 on account of these entries in compromise of Rucki Fee Review’s request. For future fee applications, as with all other firms Rucki Fee Review has requested the Firm minimize the number of entries that employ phrasing such as “attention to” and “coordinate” which sometimes are vague as to what work was performed (i.e., drafting, reviewing, conferencing, etc.). Rucki Fee Review further requested that preparation time be separately billed from other activity, such as attending calls or hearings, and that the work done to prepare be specified wherever preparation time exceeds 2.0 hours in the aggregate for a given hearing or other event. Likewise, Rucki Fee Review requested the Firm ensure all e-mail correspondence and conferences identify the counterparties to the same.",/docket/16854880/1838/boy-scouts-of-america/
Boy Scouts of America,154447006,overhead_clerical,True,False,"$8,657.50","10. Administrative tasks that are generally not compensable by a non-chapter 11 client or that are secretarial in nature are not compensable in chapter 11. Rucki Fee Review identified certain entries it considered administrative or potentially administrative in whole or in part. After conferral with the Firm, the Firm has agreed to a reduction of $8,657.50 in compromise of Rucki Fee Review’s request with respect to these entries.",/docket/16854880/1838/boy-scouts-of-america/
Boy Scouts of America,154447006,billing_activities,True,False,"$21,745.00,$64,129.23,$21,745.00,$47,146.73,$16,982.50,$85,874.23","18. As noted above, Rucki Fee Review recognizes the Firm voluntarily reduced its requested fees by $21,745.00 during the first quarterly fee period and by $64,129.23 during the second quarterly fee period. These reductions consisted of $21,745.00 from the Firm’s April monthly fee application, $47,146.73 from the Firm’s May monthly fee application, and $16,982.50 from the Firm’s combined June/July monthly fee application. Significantly, the fee detail contained in the Firm’s fee applications still contained the support for these $85,874.23 in voluntary fee reductions (i.e., the reductions were applied after finalizing the invoices attached to the Firm’s fee applications). Because Rucki Fee Review and all other parties in interest were able to review the original fee detail supporting these voluntary reductions and the agreed reductions set forth herein are based on the fee entries prior to these reductions, Rucki Fee Review will credit these voluntary reductions against the agreed fee reductions set forth herein.",/docket/16854880/1838/boy-scouts-of-america/
Boy Scouts of America,160535457,multiple_attendees,True,False,"$2,814.00,$2,051.00","4. Although it examines the matter on a case-by-case basis based on the facts and circumstances of each case and each applicant’s role within a case (such as a firm responsible for coordinating filing and scheduling of and hearing on multiple professionals’ fee applications) regardless of whether any given threshold is exceeded, Rucki Fee Review generally does not consider time spent on fee issues to be presumptively unreasonable where less than 7% of total time has been charged for preparing fee applications and addressing fee issues. It applies these guidelines on a cumulative basis. Through the conclusion of the Firm’s second quarterly fee period the Firm has charged approximately $2,814.00 for fees billed related to the Firm’s fee applications and related fee issues on a cumulative basis, including $2,051.00 not previously considered by the bankruptcy court on an interim basis. These cumulative fees amount to slightly less than 1% of total cumulative fees and subject to the agreed reductions set forth herein, Rucki Fee Review considers theses fees to be reasonable, necessary and appropriate.",/docket/16854880/2162/boy-scouts-of-america/
Boy Scouts of America,160535457,"duplication,rates",False,False,$330.45,"5. Rucki Fee Review considers the staffing breakdown during the second quarterly fee period (percentage of hours billed by partners, counsel, associates and paraprofessionals respectively) to be appropriate, as reflected in the Firm’s blended hourly rate of $330.45, which is equivalent to a junior associate at the Firm’s hourly rates.",/docket/16854880/2162/boy-scouts-of-america/
Boy Scouts of America,160535457,"transitory_timekeepers,duplication",False,False,,"6. Further to the Firm’s staffing, Rucki Fee Review notes that the Firm utilized nine professionals or paraprofessionals to perform its work during the second quarterly fee period (up from six during the Firm’s first quarterly fee period, owing to extra paraprofessionals who assisted with document review), three of whom billed fewer than 15 hours during the second quarterly fee period. Rucki Fee Review gives additional scrutiny to time entries of those billing fewer than 15 hours in a quarter to address if the utilization of such particular persons was necessary for the case, but after review considers the utilization of these three persons be appropriate.",/docket/16854880/2162/boy-scouts-of-america/
Boy Scouts of America,160535457,"duplication,budget_staffing_plan",False,False,,"7. Rucki Fee Review notes that it is customary in cases before the Bankruptcy Court for a “reasonable effort” to comply with the Attorney Large Case Guidelines to include preparation of a budget and staffing plan for each applicable law firm agreed to by the client (debtor or committee). Here, the Firm did prepare a prospective budget and staffing plan, which is a factor Rucki Fee Review considers in evaluating the staffing and total fees on this matter, and the Firm was under its budget by approximately 19%. Subject to the agreed reductions set forth herein, Rucki Fee Review considers the Firm’s work to be well- coordinated within the Firm and with its fellow professionals.",/docket/16854880/2162/boy-scouts-of-america/
Boy Scouts of America,160535457,block_billing,True,False,,"8. Local Rule 2016-2 provides in section (d) that all fee applications shall include complete and detailed activity descriptions; each activity description shall include the type of activity, each activity description shall include the participants to the activity; each activity description shall include the subject matter and shall be sufficiently detailed to allow the bankruptcy court to determine whether all the time, or any portion thereof, is actual, reasonable, and necessary and shall include a time allotment billed in tenths of an hour and not be “lumped” with other entries. Notwithstanding the Local Rule, and consistent with the practice of certain of the Bankruptcy Court’s Judges, Rucki Fee Review does not object to “lumping” where a single timekeeper bills less than 0.5 hours during an entire day in the aggregate (not multiple lumped 0.5 entries).",/docket/16854880/2162/boy-scouts-of-america/
Boy Scouts of America,160535457,"vague,block_billing",True,False,,"9. Rucki Fee Review identified a de minimis amount of entries that it considers lumped or otherwise not fully compliant with the Local Rules for reasons such as not identifying the counterparties to e-mail discussions, which is not an uncommon practice. After conferral with the Firm, no reduction is recommended on account of these entries. For future fee applications, as with all other firms, Rucki Fee Review has requested the Firm minimize the number of entries that employ phrasing such as “attention to” and “coordinate” which sometimes are vague as to what work was performed (i.e., drafting, reviewing, conferencing, etc.). Rucki Fee Review further requested that preparation time be separately billed from other activity, such as attending calls or hearings, and that the work done to prepare be specified wherever preparation time exceeds 2.0 hours in the aggregate for a given hearing or other event. Likewise, Rucki Fee Review requested the Firm ensure all e-mail correspondence and conferences identify the counterparties to the same.",/docket/16854880/2162/boy-scouts-of-america/
Boy Scouts of America,154453311,multiple_attendees,True,False,"$116,937.00,$12,000.00","5. Although it examines the matter on a case-by-case basis based on the facts and circumstances of each case and each applicant’s role within a case (such as a firm responsible for coordinating filing and scheduling of and hearing on multiple professionals’ fee applications) regardless of whether any given threshold is exceeded, Rucki Fee Review generally does not consider time spent on fee issues to be presumptively unreasonable where less than 7% of total time has been charged for preparing fee applications and addressing fee issues. It applies these guidelines on a cumulative basis. Through the conclusion of the second quarterly fee period the Firm has charged approximately 187.8 hours and $116,937.00 for fees billed related to the Firm’s fee applications on a cumulative basis. This amounts to approximately 4.85% of total fees. Although this is not in excess of 7% and thus not presumptively unreasonable, Rucki Fee Review still requested a reduction on account of certain of these fees, and the Firm agreed to a reduction of $12,000.00 in compromise of Rucki Fee Review’s request.",/docket/16854880/1839/boy-scouts-of-america/
Boy Scouts of America,154453311,"duplication,rates",False,False,"$955.95,$895.23","6. Rucki Fee Review considers the staffing breakdown during the first quarterly fee period (percentage of hours billed by partners, counsel, associates and paraprofessionals respectively) to be appropriate, as reflected in the Firm’s blended hourly rate of $955.95, which is equivalent to a senior associate at the Firm’s hourly rates. Rucki Fee Review also considers the staffing breakdown to be appropriate for the second quarterly fee period, as reflected in the Firm’s blended hourly rate of $895.23 for the second quarterly fee period.",/docket/16854880/1839/boy-scouts-of-america/
Boy Scouts of America,154453311,"transitory_timekeepers,duplication",False,False,,"7. Further to the Firm’s staffing, Rucki Fee Review notes that the Firm utilized 17 professionals or paraprofessionals to perform its work during the first quarterly fee period, four of whom billed fewer than 15 hours during the first quarterly fee period. During the second quarterly fee period, the Firm utilized 20 professionals or paraprofessionals to perform its work during the second quarterly fee period, four of whom billed fewer than 15 hours during the second quarterly fee period. Rucki Fee Review gives additional scrutiny to time entries of those billing fewer than 15 hours in a quarter to address if the utilization of such particular persons was necessary for the case, but after review considers the utilization of these persons to be appropriate.",/docket/16854880/1839/boy-scouts-of-america/
Boy Scouts of America,154453311,"duplication,budget_staffing_plan",False,False,,"8. Rucki Fee Review notes that it is customary in cases before the Bankruptcy Court for a “reasonable effort” to comply with the Attorney Large Case Guidelines to include preparation of a budget and staffing plan for each applicable law firm agreed to by the client (debtor or committee). Here, the Firm prepared a prospective budget and staffing plan for both the first quarterly fee period and the second quarterly fee period, which is a factor Rucki Fee Review considers in evaluating the staffing and total fees on this matter. The Firm was under its budget for the first quarterly fee period by approximately 13%, and was under its budget for the second quarterly fee period by approximately 25%. Subject to the agreed reductions set forth herein, Rucki Fee Review considers the Firm’s work to be well- coordinated within the Firm and with its fellow professionals.",/docket/16854880/1839/boy-scouts-of-america/
Boy Scouts of America,154453311,block_billing,True,False,,"9. Local Rule 2016-2 provides in section (d) that all fee applications shall include complete and detailed activity descriptions; each activity description shall include the type of activity, each activity description shall include the participants to the activity; each activity description shall include the subject matter and shall be sufficiently detailed to allow the bankruptcy court to determine whether all the time, or any portion thereof, is actual, reasonable, and necessary and shall include a time allotment billed in tenths of an hour and not be “lumped” with other entries. Notwithstanding the Local Rule, and consistent with the practice of certain of the Bankruptcy Court’s Judges, Rucki Fee Review does not object to “lumping” where a single timekeeper bills less than 0.5 hours during an entire day in the aggregate (not multiple lumped 0.5 entries).",/docket/16854880/1839/boy-scouts-of-america/
Boy Scouts of America,154453311,"vague,block_billing",True,False,,"10. Rucki Fee Review identified a de minimis amount of entries that it considers lumped or otherwise not fully compliant with the Local Rules for reasons such as not identifying the counterparties to e-mail discussions, which is not an uncommon practice. After conferral with the Firm, no reduction is recommended on account of these entries. For future fee applications, as with all other firms Rucki Fee Review has requested the Firm minimize the number of entries that employ phrasing such as “attention to” and “coordinate” which sometimes are vague as to what work was performed (i.e., drafting, reviewing, conferencing, etc.). Rucki Fee Review further requested that preparation time be separately billed from other activity, such as attending calls or hearings, and that the work done to prepare be specified wherever preparation time exceeds 2.0 hours in the aggregate for a given hearing or other event. Likewise, Rucki Fee Review requested the Firm ensure all e-mail correspondence and conferences identify the counterparties to the same.",/docket/16854880/1839/boy-scouts-of-america/
Boy Scouts of America,154453311,overhead_clerical,True,False,"$2,000.00","11. Administrative tasks that are generally not compensable by a non-chapter 11 client or that are secretarial in nature are not compensable in chapter 11. Rucki Fee Review identified certain entries it considered administrative or potentially administrative in whole or in part. After conferral with the Firm, the Firm has agreed to a reduction of $2,000.00 in compromise of Rucki Fee Review’s request with respect to these entries.",/docket/16854880/1839/boy-scouts-of-america/
Boy Scouts of America,160458321,multiple_attendees,True,False,"$31,732.00,$2,493.00,$9,295.00","4. Although it examines the matter on a case-by-case basis based on the facts and circumstances of each case and each applicant’s role within a case (such as a firm responsible for coordinating filing and scheduling of and hearing on multiple professionals’ fee applications) regardless of whether any given threshold is exceeded, Rucki Fee Review generally does not consider time spent on fee issues to be presumptively unreasonable where less than 7% of total time has been charged for preparing fee applications and addressing fee issues. It applies these guidelines on a cumulative basis. Through the conclusion of the third quarterly fee period Rucki Fee Review calculates the Firm has charged approximately $31,732.00 for fees billed related to the Firm’s fee applications on a cumulative basis, net of $2,493.00 in fee reductions in this category previously requested by Rucki Fee Review in connection with prior quarterly fee periods and agreed to by the Firm in compromise of Rucki Fee Review’s request.2 This amounts to approximately 4.7% of the Firm’s total fees, and includes $9,295.00 not previously considered by the bankruptcy court on an interim basis. Subject to the agreed reductions set forth herein, Rucki Fee Review considers these fees to be reasonable, necessary and appropriate.",/docket/16854880/2152/boy-scouts-of-america/
Boy Scouts of America,160458321,"duplication,rates",False,False,"$413.25,$453.34,$503.23","5. Rucki Fee Review considers the staffing breakdown during the third quarterly fee period (percentage of hours billed by partners, managers and consultants, respectively) to be appropriate, as reflected in the Firm’s blended hourly rate of $413.25, which is between a manager’s rate and Consultant II’s rate (the Firm’s middle personnel tiers) at the Firm’s current hourly rates. This is reduced from $453.34 for the first quarterly fee period and $503.23 for the second quarterly fee period, as more junior personnel were utilized as the Firm’s claim processing work increased.",/docket/16854880/2152/boy-scouts-of-america/
Boy Scouts of America,160458321,"transitory_timekeepers,duplication",False,False,,"6. Further to the Firm’s staffing, Rucki Fee Review notes that the Firm utilized ten professionals to perform its work during the third quarterly fee period (up from six during the first quarterly fee period and four during the second quarterly fee period). Rucki Fee Review gives additional scrutiny to time entries of those billing fewer than 15 hours in a quarter to address if the utilization of such particular persons was necessary for the case, but here none billed fewer than 15 hours. Subject to the agreed reductions set forth herein, 2 This number is lower than that reflected in the Firm’s “Fee Request Preparation” billing category to date because that category also included most, but not all, of the Firm’s work on its retention application in prior quarterly fee periods. Rucki Fee Review also considers the Firm’s work to be well-coordinated within the Firm and with its fellow professionals on an overall basis.",/docket/16854880/2152/boy-scouts-of-america/
Boy Scouts of America,160458321,block_billing,True,False,,"7. Local Rule 2016-2 provides in section (d) that all fee applications shall include complete and detailed activity descriptions; each activity description shall include the type of activity, each activity description shall include the participants to the activity; each activity description shall include the subject matter and shall be sufficiently detailed to allow the bankruptcy court to determine whether all the time, or any portion thereof, is actual, reasonable, and necessary and shall include a time allotment billed in tenths of an hour and not be “lumped” with other entries. Notwithstanding the Local Rule, and consistent with the practice of certain of the Bankruptcy Court’s Judges, Rucki Fee Review does not object to “lumping” where a single timekeeper bills less than 0.5 hours during an entire day in the aggregate (not multiple lumped 0.5 entries).",/docket/16854880/2152/boy-scouts-of-america/
Boy Scouts of America,160458321,"vague,block_billing",True,False,"$1,500.00","8. Rucki Fee Review identified a small number of entries that it considers lumped or otherwise not fully compliant with the Local Rules for reasons such as not identifying the counterparties to e-mail discussions, which is not an uncommon practice. After conferral with the Firm, the Firm has agreed to a reduction of $1,500.00 on account of these entries in compromise of Rucki Fee Review’s request. For its remaining future fee applications, as with all other firms Rucki Fee Review has requested the Firm minimize the number of entries that employ phrasing such as “attention to” and “coordinate” which sometimes are vague as to what work was performed (i.e., drafting, reviewing, conferencing, etc.). Rucki Fee Review further requested that preparation time be separately billed from other activity, such as attending calls or hearings, and that the work done to prepare be specified wherever preparation time exceeds 2.0 hours in the aggregate for a given hearing or other event. Likewise, Rucki Fee Review requested the Firm ensure all e-mail correspondence and conferences identify the counterparties to the same.",/docket/16854880/2152/boy-scouts-of-america/
Boy Scouts of America,160458323,multiple_attendees,True,False,"$14,462.00,$6,847.50","4. Although it examines the matter on a case-by-case basis based on the facts and circumstances of each case and each applicant’s role within a case (such as a firm responsible for coordinating filing and scheduling of and hearing on multiple professionals’ fee applications) regardless of whether any given threshold is exceeded, Rucki Fee Review generally does not consider time spent on fee issues to be presumptively unreasonable where less than 7% of total time has been charged for preparing fee applications and addressing fee issues. It applies these guidelines on a cumulative basis. Through the conclusion of the third quarterly fee period Rucki Fee Review calculates that the Firm has charged approximately $14,462.00 for fees billed related to the Firm’s fee applications and the fee applications of other FCR professionals or related fee issues on a cumulative basis. This amounts to approximately 2.3% of total fees, and includes $6,847.50 in such fees not previously considered by the bankruptcy court on an interim basis. Subject to the agreed reductions set forth herein for certain specific entries Rucki Fee Review considers administrative in nature, Rucki Fee Review considers theses fees to be reasonable, necessary and appropriate.",/docket/16854880/2151/boy-scouts-of-america/
Boy Scouts of America,160458323,"duplication,rates",False,True,"$683.78,$631.90,$677.97","5. Rucki Fee Review considers the staffing breakdown during the third quarterly fee period (percentage of hours billed by partners, counsel, associates and paraprofessionals respectively) to be appropriate, as reflected in the Firm’s blended hourly rate of $683.78 (up slightly from $631.90 during the second quarterly fee period and roughly equivalent to the blended rate of $677.97 during the first quarterly fee period), which is equivalent to a counsel at the Firm’s hourly rates. The Firm’s limited role in this matter and the work required to date make a heavier utilization of senior personnel appropriate. Moreover, the billing rates of the Firm’s counsel and certain partners are less than that of associates at many firms with comparable chapter 11 experience, allowing for a heavier utilization of counsel and partners.",/docket/16854880/2151/boy-scouts-of-america/
Boy Scouts of America,160458323,"transitory_timekeepers,duplication",False,False,,"6. Further to the Firm’s staffing, Rucki Fee Review notes that the Firm utilized nine professionals or paraprofessionals to perform its work during the third quarterly fee period (a decrease from 19 during the second quarterly fee period and 12 during the first quarterly fee period), one of whom billed fewer than 15 hours during the third quarterly fee period. Rucki Fee Review gives additional scrutiny to time entries of those billing fewer than 15 hours in a quarter to address if the utilization of such particular persons was necessary for the case, but after review considers the utilization of this one person, who did additional work in prior fee periods, not to be objectionable.",/docket/16854880/2151/boy-scouts-of-america/
Boy Scouts of America,160458323,"duplication,budget_staffing_plan",False,False,,"7. Rucki Fee Review notes that it is customary in cases before the Bankruptcy Court for a “reasonable effort” to comply with the Attorney Large Case Guidelines to include preparation of a budget and staffing plan for each applicable law firm agreed to by the client (in this case, the FCR). Here, the Firm did prepare a prospective budget and staffing plan for the third quarterly fee period, which is a factor Rucki Fee Review considers in evaluating the staffing and total fees on this matter. The Firm was under its budget by approximately 67%. Subject to the agreed reductions set forth herein, Rucki Fee Review considers the Firm’s work to be well-coordinated within the Firm and with its fellow professionals.",/docket/16854880/2151/boy-scouts-of-america/
Boy Scouts of America,160458323,block_billing,True,False,,"8. Local Rule 2016-2 provides in section (d) that all fee applications shall include complete and detailed activity descriptions; each activity description shall include the type of activity, each activity description shall include the participants to the activity; each activity description shall include the subject matter and shall be sufficiently detailed to allow the bankruptcy court to determine whether all the time, or any portion thereof, is actual, reasonable, and necessary and shall include a time allotment billed in tenths of an hour and not be “lumped” with other entries. Notwithstanding the Local Rule, and consistent with the practice of certain of the Bankruptcy Court’s Judges, Rucki Fee Review does not object to “lumping” where a single timekeeper bills less than 0.5 hours during an entire day in the aggregate (not multiple lumped 0.5 entries).",/docket/16854880/2151/boy-scouts-of-america/
Boy Scouts of America,160458323,"vague,block_billing",True,False,"$1,000.00","9. Rucki Fee Review identified a small number of entries that it considers lumped or otherwise not fully compliant with the Local Rules for reasons such as not identifying the counterparties to e-mail discussions, which is not an uncommon practice. After conferral with the Firm, the Firm has agreed to a reduction of $1,000.00 on account of these entries in compromise of Rucki Fee Review’s request. For its remaining future fee applications, as with all other firms Rucki Fee Review has requested the Firm minimize the number of entries that employ phrasing such as “attention to” and “coordinate” which sometimes are vague as to what work was performed (i.e., drafting, reviewing, conferencing, etc.). Rucki Fee Review further requested that preparation time be separately billed from other activity, such as attending calls or hearings, and that the work done to prepare be specified wherever preparation time exceeds 2.0 hours in the aggregate for a given hearing or other event. Likewise, Rucki Fee Review requested the Firm ensure all e-mail correspondence and conferences identify the counterparties to the same.",/docket/16854880/2151/boy-scouts-of-america/
Boy Scouts of America,160458323,overhead_clerical,True,True,"$1,071.00","10. Administrative tasks that are generally not compensable by a non-chapter 11 client or that should be performed by secretarial staff are not compensable in chapter 11. Rucki Fee Review identified certain fees for work it considered administrative in nature. After conferral with the Firm, the Firm has agreed to a reduction of $1,071.00 in compromise of Rucki Fee Review’s request with respect to these fees.",/docket/16854880/2151/boy-scouts-of-america/
Boy Scouts of America,160458323,duplication,False,True,"$0.20,$0.10,$182.60","13. With respect to the Firm’s expense reimbursement requests, Rucki Fee Review identified certain black and white printing/duplication charges that were inadvertently billed at $0.20 per page, rather than the $0.10 per page permitted by the Local Rules. In the aggregate, this requires a reduction of $182.60 to comply with the Local Rules, and the Firm has agreed to this reduction. Other than with respect to this amount, Rucki Fee Review notes that the Firm’s expense reimbursement requests comply with the limitations of the Local Rules and Rucki Fee Review considers them to be reasonable, necessary and appropriate for reimbursement.",/docket/16854880/2151/boy-scouts-of-america/
Boy Scouts of America,160458331,multiple_attendees,True,False,"$52,768.50,$24,421.50,$7,604.00","4. Although it examines the matter on a case-by-case basis based on the facts and circumstances of each case and each applicant’s role within a case (such as a firm responsible for coordinating filing and scheduling of and hearing on multiple professionals’ fee applications) regardless of whether any given threshold is exceeded, Rucki Fee Review generally does not consider time spent on fee issues to be presumptively unreasonable where less than 7% of total time has been charged for preparing fee applications and addressing fee issues. It applies these guidelines on a cumulative basis. Through the conclusion of the third quarterly fee period the Firm has charged approximately $52,768.50 (including $24,421.50 in invoiced fees not previously considered by the bankruptcy court on an interim basis) for fees billed related to the Firm’s fee applications on a cumulative basis. This amounts to approximately 3.8% of total fees. Significantly, Rucki Fee Review notes that the Firm’s invoice for August contained an additional $7,604.00 in fees for work performed on account of fee applications, but the Firm voluntarily waived its fees for preparing fee applications in this amount and thus this is not included in the foregoing metrics. But for this voluntary reduction, Rucki Fee Review would have requested a reduction on account of the work performed on account of the Firm’s fee applications, but it considers the Firm’s voluntary reduction (which it credits against all fees in this category during the third quarterly fee period) sufficient to address these issues. After accounting for this voluntary fee reduction, Rucki Fee Review considers theses fees to be reasonable, necessary and appropriate.",/docket/16854880/2146/boy-scouts-of-america/
Boy Scouts of America,160458331,"duplication,rates",False,False,"$673.50,$664.82","5. Rucki Fee Review considers the staffing breakdown during the third quarterly fee period (percentage of hours billed by partners, counsel, associates and paraprofessionals respectively) to be appropriate, as reflected in the Firm’s blended hourly rate of $673.50 ($664.82 after giving effect to the Firm’s voluntary reductions), which is equivalent to a senior associate at the Firm’s current hourly rates. This blended rate reflects the fact the Firm made a periodic rate increase during the third quarterly fee period, which increased rates Rucki Fee Review considers reasonable.",/docket/16854880/2146/boy-scouts-of-america/
Boy Scouts of America,160458331,"transitory_timekeepers,duplication",False,False,,"6. Further to the Firm’s staffing, Rucki Fee Review notes that the Firm utilized nine professionals or paraprofessionals to perform its work during the third quarterly fee period (down from ten during the second quarterly fee period and the same as the nine professionals/paraprofessionals utilized during the first quarterly fee period), two of whom billed fewer than 15 hours during the third quarterly fee period. Rucki Fee Review gives additional scrutiny to time entries of those billing fewer than 15 hours in a quarter to address if the utilization of such particular persons was necessary for the case, but after review considers the utilization of these persons, both paraprofessionals, to be appropriate.",/docket/16854880/2146/boy-scouts-of-america/
Boy Scouts of America,160458331,"duplication,budget_staffing_plan",False,False,,"7. Rucki Fee Review notes that it is customary in cases before the Bankruptcy Court for a “reasonable effort” to comply with the Attorney Large Case Guidelines to include preparation of a budget and staffing plan for each applicable law firm agreed to by the client (debtor or committee). Here, the Firm did not prepare a prospective budget and staffing plan for the third quarterly fee period, which is a factor Rucki Fee Review considers in evaluating the staffing and total fees on this matter. The Firm did provide a budget and staffing plan for these entire chapter 11 cases, however, and the Firm’s fees for the third quarterly fee period amounts to approximately 24.8% of the fees budgeted for the entirety of the Firm’s work in these chapter 11 cases (after billing 13.2% and 20.3%, respectively, during the first two quarterly fee periods). Subject to the agreed reductions set forth herein, Rucki Fee Review considers the Firm’s work to be well-coordinated within the Firm and with its fellow professionals, but has requested that the Firm begin preparing prospective budgets and staffing plans on a quarterly basis.",/docket/16854880/2146/boy-scouts-of-america/
Boy Scouts of America,160458331,block_billing,True,False,,"8. Local Rule 2016-2 provides in section (d) that all fee applications shall include complete and detailed activity descriptions; each activity description shall include the type of activity, each activity description shall include the participants to the activity; each activity description shall include the subject matter and shall be sufficiently detailed to allow the bankruptcy court to determine whether all the time, or any portion thereof, is actual, reasonable, and necessary and shall include a time allotment billed in tenths of an hour and not be “lumped” with other entries. Notwithstanding the Local Rule, and consistent with the practice of certain of the Bankruptcy Court’s Judges, Rucki Fee Review does not object to “lumping” where a single timekeeper bills less than 0.5 hours during an entire day in the aggregate (not multiple lumped 0.5 entries).",/docket/16854880/2146/boy-scouts-of-america/
Boy Scouts of America,160458331,"vague,block_billing",True,False,"$8,000.00","9. Rucki Fee Review identified a number of entries that it considers lumped or otherwise not fully compliant with the Local Rules for reasons such as not identifying the counterparties to e-mail discussions, which is not an uncommon practice. After conferral with the Firm, the Firm has agreed to a reduction of $8,000.00 on account of these entries in compromise of Rucki Fee Review’s request. For its future fee applications, as with all other firms, Rucki Fee Review has requested the Firm minimize the number of entries that employ phrasing such as “attention to” and “coordinate” which sometimes are vague as to what work was performed (i.e., drafting, reviewing, conferencing, etc.). Rucki Fee Review further requested that preparation time be separately billed from other activity, such as attending calls or hearings, and that the work done to prepare be specified wherever preparation time exceeds 2.0 hours in the aggregate for a given hearing or other event. Likewise, Rucki Fee Review requested the Firm ensure all e-mail correspondence and conferences identify the counterparties to the same.",/docket/16854880/2146/boy-scouts-of-america/
Boy Scouts of America,160458331,overhead_clerical,True,False,"$1,917.50","10. Administrative tasks that are generally not compensable by a non-chapter 11 client or that are secretarial in nature are not compensable in chapter 11. Rucki Fee Review has identified certain work it considers administrative in whole or in part. After conferral with the Firm, the Firm has agreed to a fee reduction of $1,917.50 on account of this work in compromise of Rucki Fee Review’s request with respect to these entries.",/docket/16854880/2146/boy-scouts-of-america/
Boy Scouts of America,160458319,multiple_attendees,True,False,"$2,267.00,$1,603.00","4. Although it examines the matter on a case-by-case basis based on the facts and circumstances of each case and each applicant’s role within a case (such as a firm responsible for coordinating filing and scheduling of and hearing on multiple professionals’ fee applications) regardless of whether any given threshold is exceeded, Rucki Fee Review generally does not consider time spent on fee issues to be presumptively unreasonable where less than 7% of total time has been charged for preparing fee applications and addressing fee issues. It applies these guidelines on a cumulative basis. Through the conclusion of the third quarterly fee period the Firm has charged approximately $2,267.00 for fees billed related to the Firm’s fee applications on a cumulative basis. This amounts to less than 1% of the Firm’s total fees, and includes $1,603.00 not previously considered by the bankruptcy court on an interim basis. Subject to the agreed reductions set forth herein for certain of this work it considers administrative in nature, Rucki Fee Review considers these fees to be reasonable, necessary and appropriate.",/docket/16854880/2154/boy-scouts-of-america/
Boy Scouts of America,160458319,"duplication,rates",False,False,$319.63,"5. Rucki Fee Review considers the staffing breakdown during the third quarterly fee period (percentage of hours billed by presidents, vice presidents, senior managers, managers, senior consultants and consultants, respectively) to be appropriate, as reflected in the Firm’s blended hourly rate of $319.63, which is between a consultant and senior consultant’s rate (the Firm’s two lowest personnel tiers) at the Firm’s current hourly rates.",/docket/16854880/2154/boy-scouts-of-america/
Boy Scouts of America,160458319,"transitory_timekeepers,duplication,internal_conferences",True,False,,"6. Further to the Firm’s staffing, Rucki Fee Review notes that the Firm utilized thirteen professionals to perform its work during the third quarterly fee period (after billing only 26.7 hours and 20.4 hours, respectively, during the first quarterly fee period and the second quarterly fee period), four of whom billed fewer than 15 hours during the third quarterly fee period. Rucki Fee Review gives additional scrutiny to time entries of those billing fewer than 15 hours in a quarter to address if the utilization of such particular persons was necessary for the case, but after discussion with the Firm considers the utilization of each of these persons to be appropriate. Subject to the agreed reductions set forth herein, Rucki Fee Review also considers the Firm’s work to be well-coordinated within the Firm and with its fellow professionals on an overall basis. The Firm was engaged in significant insurance archeology efforts during the third quarterly fee period, resulting in the increase in the Firm’s work relative to the first two quarterly fee periods. Because this began in the third quarterly fee period and was a significant undertaking, Rucki Fee Review considers the time spent by the Firm on internal conferences and communications to be acceptable, but expects this number will decrease in future periods.",/docket/16854880/2154/boy-scouts-of-america/
Boy Scouts of America,160458319,block_billing,True,False,,"7. Local Rule 2016-2 provides in section (d) that all fee applications shall include complete and detailed activity descriptions; each activity description shall include the type of activity, each activity description shall include the participants to the activity; each activity description shall include the subject matter and shall be sufficiently detailed to allow the bankruptcy court to determine whether all the time, or any portion thereof, is actual, reasonable, and necessary and shall include a time allotment billed in tenths of an hour and not be “lumped” with other entries. Notwithstanding the Local Rule, and consistent with the practice of certain of the Bankruptcy Court’s Judges, Rucki Fee Review does not object to “lumping” where a single timekeeper bills less than 0.5 hours during an entire day in the aggregate (not multiple lumped 0.5 entries).",/docket/16854880/2154/boy-scouts-of-america/
Boy Scouts of America,160458319,"vague,block_billing",True,False,,"8. Rucki Fee Review identified a de minimis amount of entries that it considers lumped or otherwise not fully compliant with the Local Rules for reasons such as not identifying the counterparties to e-mail discussions, which is not an uncommon practice. After conferral with the Firm, no reduction is recommended on account of these entries. For future fee applications, as with all other firms, Rucki Fee Review has requested the Firm minimize the number of entries that employ phrasing such as “attention to” and “coordinate” which sometimes are vague as to what work was performed (i.e., drafting, reviewing, conferencing, etc.). Rucki Fee Review further requested that preparation time be separately billed from other activity, such as attending calls or hearings, and that the work done to prepare be specified wherever preparation time exceeds 2.0 hours in the aggregate for a given hearing or other event. Likewise, Rucki Fee Review requested the Firm ensure all e-mail correspondence and conferences identify the counterparties to the same.",/docket/16854880/2154/boy-scouts-of-america/
Boy Scouts of America,160458319,overhead_clerical,True,False,$299.00,"10. Administrative tasks that are generally not compensable by a non-chapter 11 client or are secretarial in nature are not compensable in chapter 11. Rucki Fee Review identified certain work it considers non-compensable administrative activity, and after conferral with the Firm regarding the same, the Firm has agreed to a fee reduction of $299.00 in compromise of Rucki Fee Review’s request with respect to these entries.",/docket/16854880/2154/boy-scouts-of-america/
Boy Scouts of America,160458320,multiple_attendees,True,False,"$28,770.00","5. Although it examines the matter on a case-by-case basis based on the facts and circumstances of each case and each applicant’s role within a case (such as a firm responsible for coordinating filing and scheduling of and hearing on multiple professionals’ fee applications) regardless of whether any given threshold is exceeded, Rucki Fee Review generally does not consider time spent on fee issues to be presumptively unreasonable where less than 7% of total time has been charged for preparing fee applications and addressing fee issues. It applies these guidelines on a cumulative basis. Through the conclusion of the third quarterly fee period the Firm has charged approximately $28,770.00 for fees billed related to the Firm’s fee applications on a cumulative basis. This amounts to less than 1% of total fees and subject to the agreed reductions set forth herein Rucki Fee Review considers theses fees to be reasonable, necessary and appropriate.",/docket/16854880/2153/boy-scouts-of-america/
Boy Scouts of America,160458320,"duplication,rates",False,False,"$670.86,$660.41,$683.87","6. Rucki Fee Review considers the staffing breakdown during the third quarterly fee period (percentage of hours billed by managing directors, senior directors, directors, managers, senior associates, associates, consultants, analysts and paraprofessionals, respectively) to be appropriate, as reflected in the Firm’s blended hourly rate of $670.86 before the application of voluntary reductions (roughly the same as the $660.41 billed during the first quarterly fee period and $683.87 during the second quarterly fee period), which is equivalent to a director or senior director (the Firm’s second and third highest personnel tiers) at the Firm’s hourly rates, or in one instance among team members a managing director.",/docket/16854880/2153/boy-scouts-of-america/
Boy Scouts of America,160458320,"transitory_timekeepers,duplication",False,False,,"7. Further to the Firm’s staffing, Rucki Fee Review notes that the Firm utilized 15 professionals to perform its work during the third quarterly fee period (decreased from 17 during the first quarterly fee period and increased from 14 during the second quarterly fee period), six of whom billed fewer than 15 hours during the third quarterly fee period. Rucki Fee Review gives additional scrutiny to time entries of those billing fewer than 15 hours in a quarter to address if the utilization of such particular persons was necessary for the case, but after review considers the utilization of these persons be appropriate. Subject to the agreed reductions set forth herein, Rucki Fee Review also considers the Firm’s work to be well-coordinated within the Firm and with its fellow professionals.",/docket/16854880/2153/boy-scouts-of-america/
Boy Scouts of America,160458320,block_billing,True,False,,"8. Local Rule 2016-2 provides in section (d) that all fee applications shall include complete and detailed activity descriptions; each activity description shall include the type of activity, each activity description shall include the participants to the activity; each activity description shall include the subject matter and shall be sufficiently detailed to allow the bankruptcy court to determine whether all the time, or any portion thereof, is actual, reasonable, and necessary and shall include a time allotment billed in tenths of an hour and not be “lumped” with other entries. Notwithstanding the Local Rule, and consistent with the practice of certain of the Bankruptcy Court’s Judges, Rucki Fee Review does not object to “lumping” where a single timekeeper bills less than 0.5 hours during an entire day in the aggregate (not multiple lumped 0.5 entries).",/docket/16854880/2153/boy-scouts-of-america/
Boy Scouts of America,160458320,"vague,block_billing",True,False,"$5,000.00","9. Rucki Fee Review identified a number of entries that it considers lumped or otherwise not fully compliant with the Local Rules for reasons such as not identifying the counterparties to e-mail discussions, which is not an uncommon practice. After conferral with the Firm, the Firm has agreed to a reduction of $5,000.00 on account of these entries in compromise of Rucki Fee Review’s request. For its remaining future fee applications, as with all other firms Rucki Fee Review has requested the Firm minimize the number of entries that employ phrasing such as “attention to” and “coordinate” which sometimes are vague as to what work was performed (i.e., drafting, reviewing, conferencing, etc.). Rucki Fee Review further requested that preparation time be separately billed from other activity, such as attending calls or hearings, and that the work done to prepare be specified wherever preparation time exceeds 2.0 hours in the aggregate for a given hearing or other event. Likewise, Rucki Fee Review requested the Firm ensure all e-mail correspondence and conferences identify the counterparties to the same.",/docket/16854880/2153/boy-scouts-of-america/
Boy Scouts of America,160458328,multiple_attendees,True,False,"$56,964.00,$25,666.00","4. Although it examines the matter on a case-by-case basis based on the facts and circumstances of each case and each applicant’s role within a case (such as a firm responsible for coordinating filing and scheduling of and hearing on multiple professionals’ fee applications) regardless of whether any given threshold is exceeded, Rucki Fee Review generally does not consider time spent on fee issues to be presumptively unreasonable where less than 7% of total time has been charged for preparing fee applications and addressing fee issues. It applies these guidelines on a cumulative basis. Through the conclusion of the third quarterly fee period the Firm has charged approximately $56,964.00 for fees billed related to the Firm’s fee applications on a cumulative basis. This amounts to approximately 2.2% of total fees and includes $25,666.00 not previously considered by the bankruptcy court on an interim basis. Subject to the agreed reductions set forth herein for certain entries that appear to be administrative in nature, Rucki Fee Review considers these fees to be reasonable, necessary and appropriate.",/docket/16854880/2148/boy-scouts-of-america/
Boy Scouts of America,160458328,"duplication,rates",False,False,"$744.51,$748.91,$748.03","5. Rucki Fee Review considers the staffing breakdown during the third quarterly fee period (percentage of hours billed by managing directors, directors, senior vice presidents, vice presidents, and associates, respectively) to be appropriate, as reflected in the Firm’s blended hourly rate of $744.51, which is equivalent to a director (the Firm’s second highest personnel tier) at the Firm’s hourly rates and is similar to the blended rate of $748.91 for the second quarterly fee period and $748.03 for the first quarterly fee period.",/docket/16854880/2148/boy-scouts-of-america/
Boy Scouts of America,160458328,"transitory_timekeepers,duplication",False,False,,"6. Further to the Firm’s staffing, Rucki Fee Review notes that the Firm utilized twelve professionals to perform its work during the third quarterly fee period (down from fourteen during each of the first two quarterly fee periods), three of whom billed fewer than 15 hours during the third quarterly fee period. Rucki Fee Review gives additional scrutiny to time entries of those billing fewer than 15 hours in a quarter to address if the utilization of such particular persons was necessary for the case, but after review considers the utilization of these persons (each of whom has a limited role relating to fee and retention matters) to be appropriate, subject to the agreed reductions set forth herein. With respect to the Firm’s broader staffing, Rucki Fee Review notes that the twelve persons utilized by the Firm consist of five operational personnel, three forensic investigation personnel, and four personnel working on fee and retention issues (once again, three of whom billed between 0.2 and 2.1 hours). Subject to the agreed reductions set forth herein, Rucki Fee Review considers the Firm’s work to be well-coordinated within the Firm and with its fellow professionals who have filed fee applications for the third quarterly fee period.",/docket/16854880/2148/boy-scouts-of-america/
Boy Scouts of America,160458328,block_billing,True,False,,"7. Local Rule 2016-2 provides in section (d) that all fee applications shall include complete and detailed activity descriptions; each activity description shall include the type of activity, each activity description shall include the participants to the activity; each activity description shall include the subject matter and shall be sufficiently detailed to allow the bankruptcy court to determine whether all the time, or any portion thereof, is actual, reasonable, and necessary and shall include a time allotment billed in tenths of an hour and not be “lumped” with other entries. Notwithstanding the Local Rule, and consistent with the practice of certain of the Bankruptcy Court’s Judges, Rucki Fee Review does not object to “lumping” where a single timekeeper bills less than 0.5 hours during an entire day in the aggregate (not multiple lumped 0.5 entries).",/docket/16854880/2148/boy-scouts-of-america/
Boy Scouts of America,160458328,"vague,block_billing",True,False,,"8. Rucki Fee Review identified a de minimis amount of entries that it considers lumped or otherwise not fully compliant with the Local Rules for reasons such as not identifying the counterparties to e-mail discussions, which is not an uncommon practice. After conferral with the Firm, no reduction is recommended on account of these entries. For future fee applications, as with all other firms, Rucki Fee Review has requested the Firm minimize the number of entries that employ phrasing such as “attention to” and “coordinate” which sometimes are vague as to what work was performed (i.e., drafting, reviewing, conferencing, etc.). Rucki Fee Review further requested that preparation time be separately billed from other activity, such as attending calls or hearings, and that the work done to prepare be specified wherever preparation time exceeds 2.0 hours in the aggregate for a given hearing or other event. Likewise, Rucki Fee Review requested the Firm ensure all e-mail correspondence and conferences identify the counterparties to the same.",/docket/16854880/2148/boy-scouts-of-america/
Boy Scouts of America,160458328,overhead_clerical,True,False,"$3,212.25","9. Administrative tasks that are generally not compensable by a non-chapter 11 client or that are secretarial in nature are not compensable in chapter 11. Rucki Fee Review identified certain work it considers non-compensable administrative activity in whole or in part., and after conferral with the Firm regarding the same, the Firm has agreed to a fee reduction of $3,212.25 in compromise of Rucki Fee Review’s request with respect to these entries.",/docket/16854880/2148/boy-scouts-of-america/
Boy Scouts of America,160458326,multiple_attendees,True,False,"$3,186.00","5. Although it examines the matter on a case-by-case basis based on the facts and circumstances of each case and each applicant’s role within a case (such as a firm responsible for coordinating filing and scheduling of and hearing on multiple professionals’ fee applications) regardless of whether any given threshold is exceeded, Rucki Fee Review generally does not consider time spent on fee issues to be presumptively unreasonable where less than 7% of total time has been charged for preparing fee applications and addressing fee issues. It applies these guidelines on a cumulative basis. Through the conclusion of the Firm’s first quarterly fee period the Firm has charged approximately 3.6 hours and $3,186.00 for fees billed related to the Firm’s fee applications or the fee applications of other debtor professionals. Rucki Fee Review does not consider these fees objectionable for the first quarterly fee period, but notes that the Firm’s first fee application was not finalized and filed until after the conclusion of the first quarterly fee period, so the time spent on the Firm’s first fee application and subsequent fee applications will be re- analyzed at the conclusion of the subsequent fee period.",/docket/16854880/2149/boy-scouts-of-america/
Boy Scouts of America,160458326,"duplication,rates",False,False,$998.55,"6. Rucki Fee Review considers the staffing breakdown during the first quarterly fee period (percentage of hours billed by partners, counsel, associates and paraprofessionals respectively) to be appropriate. The Firm’s blended hourly rate of $998.55 is equivalent to a counsel at the Firm’s hourly rates, but Rucki Fee Review notes that this rate was artificially elevated by the fact the Firm did not bill any paraprofessional time during the transition from Sidley Austin to the Firm during the Firm’s first quarterly fee period. Rucki Fee Review also notes that, based on its agreement with the debtors, the Firm agreed that subject to customary periodic adjustments the billing rates of its personnel would not exceed the rates of such attorneys who were previously at the Firm’s predecessor as restructuring counsel to the debtors, Sidley Austin LLP (“Sidley Austin”), and the Firm’s rates complied with this arrangement during the Firm’s first quarterly fee period.",/docket/16854880/2149/boy-scouts-of-america/
Boy Scouts of America,160458326,"transitory_timekeepers,duplication",False,False,,"7. Further to the Firm’s staffing, Rucki Fee Review notes that the Firm utilized 13 professionals to perform its work during the first quarterly fee period, four of whom billed fewer than 15 hours during the first quarterly fee period (excluding one professional who billed fewer than 15 hours with the Firm, but over 15 hours when including time billed at Sidley Austin during the Firm’s first quarterly fee period). Rucki Fee Review gives additional scrutiny to time entries of those billing fewer than 15 hours in a quarter to address if the utilization of such particular persons was necessary for the case, but after review considers the utilization of these persons not to be objectionable.",/docket/16854880/2149/boy-scouts-of-america/
Boy Scouts of America,160458326,"duplication,budget_staffing_plan",False,False,,"8. Rucki Fee Review notes that it is customary in cases before the Bankruptcy Court for a “reasonable effort” to comply with the Attorney Large Case Guidelines to include preparation of a budget and staffing plan for each applicable law firm agreed to by the client (debtor or committee). Here, the Firm did prepare a prospective budget and staffing plan for the Firm, which is a factor Rucki Fee Review considers in evaluating the staffing and total fees on this matter. The Firm was under its budget for the Firm’s first quarterly fee period by approximately 40%. Moreover, when examining the combined fees of the Firm and its predecessor as restructuring counsel to the debtors, Sidley Austin, for the period August 1-October 31, 2020, the combined fees of both firms were slightly under the budget developed at the beginning of this three-month period (approximately 3%). Subject to the agreed reductions set forth herein, Rucki Fee Review considers the Firm’s work to be well- coordinated within the Firm and with its fellow professionals, including Sidley Austin.",/docket/16854880/2149/boy-scouts-of-america/
Boy Scouts of America,160458326,block_billing,True,False,,"9. Local Rule 2016-2 provides in section (d) that all fee applications shall include complete and detailed activity descriptions; each activity description shall include the type of activity, each activity description shall include the participants to the activity; each activity description shall include the subject matter and shall be sufficiently detailed to allow the bankruptcy court to determine whether all the time, or any portion thereof, is actual, reasonable, and necessary and shall include a time allotment billed in tenths of an hour and not be “lumped” with other entries. Notwithstanding the Local Rule, and consistent with the practice of certain of the Bankruptcy Court’s Judges, Rucki Fee Review does not object to “lumping” where a single timekeeper bills less than 0.5 hours during an entire day in the aggregate (not multiple lumped 0.5 entries).",/docket/16854880/2149/boy-scouts-of-america/
Boy Scouts of America,160458326,"vague,block_billing",True,False,"$11,713.00","10. Rucki Fee Review identified a number of entries that it considers lumped or otherwise not fully compliant with the Local Rules for reasons such as not identifying the counterparties to e-mail discussions, which is not an uncommon practice. After conferral with the Firm, the Firm has agreed to a reduction of $11,713.00 on account of these entries in compromise of Rucki Fee Review’s request. For its remaining future fee applications, as with all other firms Rucki Fee Review has requested the Firm minimize the number of entries that employ phrasing such as “attention to” and “coordinate” which sometimes are vague as to what work was performed (i.e., drafting, reviewing, conferencing, etc.). Rucki Fee Review further requested that preparation time be separately billed from other activity, such as attending calls or hearings, and that the work done to prepare be specified wherever preparation time exceeds 2.0 hours in the aggregate for a given hearing or other event. Likewise, Rucki Fee Review requested the Firm ensure all e-mail correspondence and conferences identify the counterparties to the same.",/docket/16854880/2149/boy-scouts-of-america/
Boy Scouts of America,160458326,overhead_clerical,True,False,$189.00,"11. Administrative tasks that are generally not compensable by a non-chapter 11 client or are secretarial in nature are not compensable in chapter 11. Rucki Fee Review identified certain entries it considered administrative in nature. After conferral with the Firm, the Firm has agreed to a reduction of $189.00 in compromise of Rucki Fee Review’s request with respect to these entries.",/docket/16854880/2149/boy-scouts-of-america/
Boy Scouts of America,160458318,multiple_attendees,True,False,"$130,064.50,$60,467.50","4. Although it examines the matter on a case-by-case basis based on the facts and circumstances of each case and each applicant’s role within a case (such as a firm responsible for coordinating filing and scheduling of and hearing on multiple professionals’ fee applications) regardless of whether any given threshold is exceeded, Rucki Fee Review generally does not consider time spent on fee issues to be presumptively unreasonable where less than 7% of total time has been charged for preparing fee applications and addressing fee issues. It applies these guidelines on a cumulative basis. Through the conclusion of the third quarterly fee period the Firm has charged approximately $130,064.50 for fees billed related to the Firm’s fee applications and the fee applications of its fellow professionals on a cumulative basis. This amounts to approximately 2.5% of total fees, and includes approximately $60,467.50 not previously considered by the bankruptcy court on an interim basis. Though the Firm utilized senior personnel to prepare the fee applications of the Firm, Rucki Fee Review considers these fees to be reasonable, necessary and appropriate, subject to the agreed reductions set forth herein.",/docket/16854880/2155/boy-scouts-of-america/
Boy Scouts of America,160458318,"duplication,rates",False,False,"$918.51,$973.30","5. Rucki Fee Review considers the staffing breakdown during the third quarterly fee period (percentage of hours billed by partners, counsel, associates and paraprofessionals respectively) to be acceptable, as reflected in the Firm’s blended hourly rate of $918.51 (down from $973.30 during the first quarterly fee period and 969.91 for the second quarterly fee period). Although this is equivalent to a counsel or lower-billing partner at the Firm’s standard hourly rates, the billing rates of the Firm’s counsel and many partners are less than that of senior associates at many firms with comparable chapter 11 experience, allowing for a heavier utilization of counsel and partners by the Firm. Although Rucki Fee Review considers the Firm’s staffing to be appropriate separate and apart from its fee sharing, Rucki Fee Review notes that the Firm’s staffing rates are made further appropriate by the fact that the Firm has agreed to donate 10% of the Firm’s fees to any fund established for the benefit of survivors in these chapter 11 cases, which as to some estate constituents (but not all) is akin to a 10% reduction off the Firm’s hourly rates.",/docket/16854880/2155/boy-scouts-of-america/
Boy Scouts of America,160458318,"transitory_timekeepers,duplication",False,False,$82.50,"6. Further to the Firm’s staffing, Rucki Fee Review notes that the Firm utilized 40 professionals or paraprofessionals to perform its work during the third quarterly fee period (up from 28 during the first quarterly fee period and 38 during the second quarterly fee period), 21 of whom billed fewer than 15 hours during the third quarterly fee period. Rucki Fee Review gives additional scrutiny to time entries of those billing fewer than 15 hours in a quarter to address if the utilization of such particular persons was necessary for the case, but after review and subject to the agreed reductions set forth herein does not object to the utilization of these persons other than to request the waiver of 0.1 hours and $82.50 billed by one professional, which fees the Firm agreed to waive in compromise of Rucki Fee Review’s request.",/docket/16854880/2155/boy-scouts-of-america/
Boy Scouts of America,160458318,"duplication,budget_staffing_plan",False,False,,"7. Rucki Fee Review notes that it is customary in cases before the Bankruptcy Court for a “reasonable effort” to comply with the Attorney Large Case Guidelines to include preparation of a budget and staffing plan for each applicable law firm agreed to by the client (debtor or committee). Here, the Firm did prepare a prospective budget and staffing plan for third quarterly fee period, which is a factor Rucki Fee Review considers in evaluating the staffing and total fees on this matter. The Firm was under its budget for the third quarterly fee period by approximately 8%. Subject to the agreed reductions set forth herein, Rucki Fee Review considers the Firm’s work to be well-coordinated within the Firm and with its fellow professionals who have filed fee applications for the third quarterly fee period.",/docket/16854880/2155/boy-scouts-of-america/
Boy Scouts of America,160458318,block_billing,True,False,,"8. Local Rule 2016-2 provides in section (d) that all fee applications shall include complete and detailed activity descriptions; each activity description shall include the type of activity, each activity description shall include the participants to the activity; each activity description shall include the subject matter and shall be sufficiently detailed to allow the bankruptcy court to determine whether all the time, or any portion thereof, is actual, reasonable, and necessary and shall include a time allotment billed in tenths of an hour and not be “lumped” with other entries. Notwithstanding the Local Rule, and consistent with the practice of certain of the Bankruptcy Court’s Judges, Rucki Fee Review does not object to “lumping” where a single timekeeper bills less than 0.5 hours during an entire day in the aggregate (not multiple lumped 0.5 entries).",/docket/16854880/2155/boy-scouts-of-america/
Boy Scouts of America,160458318,"vague,block_billing",True,False,"$2,000.00","9. Rucki Fee Review identified a number of entries that it considers lumped or otherwise not fully compliant with the Local Rules for reasons such as not identifying the counterparties to e-mail discussions, which is not an uncommon practice. After conferral with the Firm, the Firm has agreed to a reduction of $2,000.00 on account of these entries in compromise of Rucki Fee Review’s request. For its remaining future fee applications, as with all other firms Rucki Fee Review has requested the Firm minimize the number of entries that employ phrasing such as “attention to” and “coordinate” which sometimes are vague as to what work was performed (i.e., drafting, reviewing, conferencing, etc.). Rucki Fee Review further requested that preparation time be separately billed from other activity, such as attending calls or hearings, and that the work done to prepare be specified wherever preparation time exceeds 2.0 hours in the aggregate for a given hearing or other event. Likewise, Rucki Fee Review requested the Firm ensure all e-mail correspondence and conferences identify the counterparties to the same.",/docket/16854880/2155/boy-scouts-of-america/
Boy Scouts of America,160458318,overhead_clerical,True,False,"$5,252.00","10. Administrative tasks that are generally not compensable by a non-chapter 11 client or that are secretarial in nature are not compensable in chapter 11. Rucki Fee Review identified certain entries it considers non-compensable administrative activity. After conferral with the Firm, the Firm has agreed to a reduction of $5,252.00 in compromise of Rucki Fee Review’s request with respect to these fees.",/docket/16854880/2155/boy-scouts-of-america/
Boy Scouts of America,160458316,multiple_attendees,True,False,"$26,001.00","4. Although it examines the matter on a case-by-case basis based on the facts and circumstances of each case and each applicant’s role within a case (such as a firm responsible for coordinating filing and scheduling of and hearing on multiple professionals’ fee applications) regardless of whether any given threshold is exceeded, Rucki Fee Review generally does not consider time spent on fee issues to be presumptively unreasonable where less than 7% of total time has been charged for preparing fee applications and addressing fee issues. It applies these guidelines on a cumulative basis. Through the conclusion of the second quarterly fee period, the Firm has billed 41.4 hours and $26,001.00 for fees related to the Firm’s fee applications on a cumulative basis, all of which was billed during the second quarterly fee period. This amounts to approximately 1.5% of total fees on a cumulative basis. Subject to the agreed reductions set forth herein for certain of this work that it considers administrative in nature, Rucki Fee Review considers these fees to be reasonable, necessary and appropriate.",/docket/16854880/2156/boy-scouts-of-america/
Boy Scouts of America,160458316,"duplication,rates",False,False,"$517.63,$598.89","5. Rucki Fee Review considers the staffing breakdown during the second quarterly fee period (percentage of hours billed by managing directors, directors, associate directors, senior associates, associates, and case assistants, respectively) to be appropriate, as reflected in the Firm’s blended hourly rate of $517.63 (decreased from $598.89 during the first quarterly fee period), which is between a senior managing consultant and an associate director (the Firm’s third-highest and fourth-highest personnel tiers) at the Firm’s hourly rates.",/docket/16854880/2156/boy-scouts-of-america/
Boy Scouts of America,160458316,"transitory_timekeepers,duplication",False,False,,"6. Further to the Firm’s staffing, Rucki Fee Review notes that the Firm utilized 13 professionals to perform its work during the second quarterly fee period (down from 14 during the first quarterly fee period), four of whom billed fewer than 15 hours during the second quarterly fee period. Rucki Fee Review gives additional scrutiny to time entries of those billing fewer than 15 hours in a quarter to address if the utilization of such particular persons was necessary for the case, but after review considers the utilization of these persons be appropriate. More broadly, subject to the agreed reductions set forth herein, Rucki Fee Review considers the Firm’s work to be well-coordinated within the Firm and with its fellow professionals.",/docket/16854880/2156/boy-scouts-of-america/
Boy Scouts of America,160458316,block_billing,True,False,,"7. Local Rule 2016-2 provides in section (d) that all fee applications shall include complete and detailed activity descriptions; each activity description shall include the type of activity, each activity description shall include the participants to the activity; each activity description shall include the subject matter and shall be sufficiently detailed to allow the bankruptcy court to determine whether all the time, or any portion thereof, is actual, reasonable, and necessary and shall include a time allotment billed in tenths of an hour and not be “lumped” with other entries. Notwithstanding the Local Rule, and consistent with the practice of certain of the Bankruptcy Court’s Judges, Rucki Fee Review does not object to “lumping” where a single timekeeper bills less than 0.5 hours during an entire day in the aggregate (not multiple lumped 0.5 entries).",/docket/16854880/2156/boy-scouts-of-america/
Boy Scouts of America,160458316,"vague,block_billing",True,False,"$10,000.00","8. Rucki Fee Review identified a number of entries that it considers lumped or otherwise not fully compliant with the Local Rules for reasons such as not identifying the counterparties to e-mail discussions, which is not an uncommon practice. After conferral with the Firm, the Firm has agreed to a reduction of $10,000.00 on account of these entries in compromise of Rucki Fee Review’s request. For its remaining future fee applications, as with all other firms Rucki Fee Review has requested the Firm minimize the number of entries that employ phrasing such as “attention to” and “coordinate” which sometimes are vague as to what work was performed (i.e., drafting, reviewing, conferencing, etc.). Rucki Fee Review further requested that preparation time be separately billed from other activity, such as attending calls or hearings, and that the work done to prepare be specified wherever preparation time exceeds 2.0 hours in the aggregate for a given hearing or other event. Likewise, Rucki Fee Review requested the Firm ensure all e-mail correspondence and conferences identify the counterparties to the same.",/docket/16854880/2156/boy-scouts-of-america/
Boy Scouts of America,160458316,overhead_clerical,True,False,"$1,918.00","9. Administrative tasks that are generally not compensable by a non-chapter 11 client or are secretarial in nature are not compensable in chapter 11. Rucki Fee Review identified certain work it considers non-compensable administrative activity in whole or in part., and after conferral with the Firm regarding the same, the Firm has agreed to a fee reduction of $1,918.00 in compromise of Rucki Fee Review’s request with respect to these entries.",/docket/16854880/2156/boy-scouts-of-america/
Boy Scouts of America,215502610,multiple_attendees,True,False,"$3,424.75,$267,828.50,$184,338.00,$51,610.50","4. Although it examines the matter on a case-by-case basis based on the facts and circumstances of each case and each applicant’s role within a case (such as a firm responsible for coordinating filing and scheduling of and hearing on multiple professionals’ 2 As discussed further below, this amount reflects a reduction of $3,424.75 agreed to with the Office of the U.S. Trustee in connection with the Firm’s May 2021 monthly fee application prior to the filing of the Sixth Quarterly Fee Application. fee applications) regardless of whether any given threshold is exceeded, Rucki Fee Review generally does not consider time spent on fee issues to be presumptively unreasonable where less than 7% of total time has been charged for preparing fee applications and addressing fee issues. It applies these guidelines on a cumulative basis. Through the conclusion of the sixth quarterly fee period the Firm has charged approximately $267,828.50 for fees billed related to the Firm’s fee applications and the fee applications of its fellow professionals on a cumulative basis (approximately $184,338.00 of which were on account of the Firm’s fee applications). This amounts to approximately 1.8% of total fees, and includes approximately $51,610.50 not previously considered by the Bankruptcy Court on an interim basis. Subject to the agreed reductions set forth herein, Rucki Fee Review considers these fees to be reasonable, necessary and appropriate.",/docket/16854880/10607/boy-scouts-of-america/
Boy Scouts of America,215502610,"duplication,rates",False,False,"$720.40,$973.30,$969.91,$918.51,$923.62,$950.77","5. Rucki Fee Review considers the staffing breakdown during the sixth quarterly fee period (percentage of hours billed by partners, counsel, associates and paraprofessionals respectively) to be acceptable. The Firm’s blended hourly rate was $720.40 during the sixth quarterly fee period (which is decreased from $973.30 during the first quarterly fee period, $969.91 for the second quarterly fee period, $918.51 for the third quarterly fee period, $923.62 for the fourth quarterly fee period, and $950.77 during the fifth quarterly fee period). This average billable rate is significantly lower than prior quarters do the usage of a substantial number of non-attorneys in connection with a claim review project, and is equivalent to a counsel at the Firm’s standard hourly rates. Subject to the agreed reductions set forth herein, Rucki Fee Review also considers the Firm’s staffing acceptable separate from this claim review work, which is informed by the fact that the billing rates of the Firm’s counsel and many partners are less than that of senior associates at many firms with comparable chapter 11 experience, allowing for a heavier utilization of counsel and partners by the Firm. Although Rucki Fee Review considers the Firm’s staffing to be appropriate separate and apart from its fee sharing, Rucki Fee Review notes that the Firm’s staffing rates are made further appropriate by the fact that the Firm has agreed to donate 10% of the Firm’s fees to any fund established for the benefit of survivors in these chapter 11 cases, which as to some estate constituents (but not all) is akin to a 10% reduction off the Firm’s hourly rates.",/docket/16854880/10607/boy-scouts-of-america/
Boy Scouts of America,215502610,"transitory_timekeepers,duplication",False,False,"$647.50,$215.00","6. Further to the Firm’s staffing, Rucki Fee Review notes that the Firm utilized 55 professionals or paraprofessionals to perform its work during the sixth quarterly fee period (increased from 28 during the first quarterly fee period, 38 during the second quarterly fee period, 40 during the third quarterly fee period, 33 during the fourth quarterly fee period, and 44 during the fifth quarterly fee period), 16 of whom billed fewer than 15 hours during the sixth quarterly fee period. Of these 55 persons, 32 were non- attorneys/paraprofessionals (the majority of whom worked on the aforementioned claim review project), including nine of the 16 billing fewer than 15 hours during the sixth quarterly fee period. Rucki Fee Review gives additional scrutiny to time entries of those billing fewer than 15 hours in a quarter to address if the utilization of such particular persons was necessary for the case, but after review and subject to the agreed reductions set forth herein does not object to the utilization of these persons other than to request the waiver of the 0.7 hours and $647.50 in fees billed by one professional and the 0.2 hours and $215.00 in fees billed by another professional, which fees the Firm agreed to waive in compromise of Rucki Fee Review’s request.",/docket/16854880/10607/boy-scouts-of-america/
Boy Scouts of America,215502610,"duplication,budget_staffing_plan",False,False,,"7. Rucki Fee Review notes that it is customary in cases before the Bankruptcy Court for a “reasonable effort” to comply with the Attorney Large Case Guidelines to include preparation of a budget and staffing plan for each applicable law firm agreed to by the client (debtor or committee). Here, the Firm did prepare a prospective budget and staffing plan for sixth quarterly fee period, which is a factor Rucki Fee Review considers in evaluating the staffing and total fees on this matter. The Firm was under its budget for the sixth quarterly fee period by approximately 10.6%. Subject to the agreed reductions set forth herein, Rucki Fee Review considers the Firm’s work to be well-coordinated within the Firm and with its fellow professionals.",/docket/16854880/10607/boy-scouts-of-america/
Boy Scouts of America,215502610,block_billing,True,False,,"8. Local Rule 2016-2 provides in section (d) that all fee applications shall include complete and detailed activity descriptions; each activity description shall include the type of activity, each activity description shall include the participants to the activity; each activity description shall include the subject matter and shall be sufficiently detailed to allow the bankruptcy court to determine whether all the time, or any portion thereof, is actual, reasonable, and necessary and shall include a time allotment billed in tenths of an hour and not be “lumped” with other entries. Notwithstanding the Local Rule, and consistent with the practice of certain of the Bankruptcy Court’s Judges, Rucki Fee Review does not object to “lumping” where a single timekeeper bills less than 0.5 hours during an entire day in the aggregate (not multiple lumped 0.5 entries).",/docket/16854880/10607/boy-scouts-of-america/
Boy Scouts of America,215502610,"vague,block_billing",True,False,"$10,000.00","9. Rucki Fee Review identified certain entries that it considers lumped or otherwise not fully compliant with the Local Rules for reasons such as not identifying the counterparties to e- mail discussions, which is not an uncommon practice. After conferral with the Firm, the Firm has agreed to a reduction of $10,000.00 on account of these entries in compromise of Rucki Fee Review’s request. For its remaining future fee applications, as with all other firms, Rucki Fee Review has requested the Firm minimize the number of entries that employ phrasing such as “attention to” and “coordinate” which sometimes are vague as to what work was performed (i.e., drafting, reviewing, conferencing, etc.). Rucki Fee Review further requested that preparation time be separately billed from other activity, such as attending calls or hearings, and that the work done to prepare be specified wherever preparation time exceeds 2.0 hours in the aggregate for a given hearing or other event. Likewise, Rucki Fee Review requested the Firm ensure all e-mail correspondence and conferences identify the counterparties to the same.",/docket/16854880/10607/boy-scouts-of-america/
Boy Scouts of America,215502610,overhead_clerical,True,False,$619.50,"10. Administrative tasks that are generally not compensable by a non-chapter 11 client or are secretarial in nature are not compensable in chapter 11. Rucki Fee Review identified certain work it considers administrative in nature, and the Firm agreed to a fee reduction of $619.50 on account of these fees in compromise of Rucki Fee Review’s request.",/docket/16854880/10607/boy-scouts-of-america/
Boy Scouts of America,215515190,"multiple_attendees,nonworking_travel",True,False,"$1,753.13,$317,011.00,$212,275.50,$49,182.50","4. Although it examines the matter on a case-by-case basis based on the facts and circumstances of each case and each applicant’s role within a case (such as a firm 2 This amount reflects a reduction of $1,753.13 on account of certain non-working travel inadvertently billed at full rate and full time in the Firm’s October 2021 monthly fee application. responsible for coordinating filing and scheduling of and hearing on multiple professionals’ fee applications) regardless of whether any given threshold is exceeded, Rucki Fee Review generally does not consider time spent on fee issues to be presumptively unreasonable where less than 7% of total time has been charged for preparing fee applications and addressing fee issues. It applies these guidelines on a cumulative basis. Through the conclusion of the seventh quarterly fee period the Firm has charged approximately $317,011.00 for fees billed related to the Firm’s fee applications and the fee applications of its fellow professionals on a cumulative basis (approximately $212,275.50 of which were on account of the Firm’s fee applications). This amounts to approximately 1.7% of total fees, and includes approximately $49,182.50 not previously considered by the Bankruptcy Court on an interim basis. Subject to the agreed reductions set forth herein, Rucki Fee Review considers these fees to be reasonable, necessary and appropriate.",/docket/16854880/10620/boy-scouts-of-america/
Boy Scouts of America,215515190,"duplication,rates",False,False,"$872.59,$973.30,$969.91,$918.51,$923.62,$950.77,$720.40","5. Rucki Fee Review considers the staffing breakdown during the seventh quarterly fee period (percentage of hours billed by partners, counsel, associates and paraprofessionals respectively) to be acceptable. The Firm’s blended hourly rate was $872.59 during the seventh quarterly fee period (which compares to $973.30 during the first quarterly fee period, $969.91 during the second quarterly fee period, $918.51 during the third quarterly fee period, $923.62 during the fourth quarterly fee period, $950.77 during the fifth quarterly fee period, and $720.40 during the sixth quarterly fee period). This average billable rate is lower than all but one prior quarter primarily due to the usage of more junior personnel in connection with discovery work, and is equivalent to a counsel or junior partner at the Firm’s standard hourly rates. Subject to the agreed reductions set forth herein, Rucki Fee Review considers the Firm’s staffing to be acceptable, which is informed by the fact that the billing rates of the Firm’s counsel and many partners are less than that of senior associates at many firms with comparable chapter 11 experience, allowing for a heavier utilization of counsel and partners by the Firm. Although Rucki Fee Review considers the Firm’s staffing to be appropriate separate and apart from its fee sharing, Rucki Fee Review notes that the Firm’s staffing rates are made further appropriate by the fact that the Firm has agreed to donate 10% of the Firm’s fees to any fund established for the benefit of survivors in these chapter 11 cases, which as to some estate constituents (but not all) is akin to a 10% reduction off the Firm’s hourly rates.",/docket/16854880/10620/boy-scouts-of-america/
Boy Scouts of America,215515190,"transitory_timekeepers,duplication",False,False,$127.50,"6. Further to the Firm’s staffing, Rucki Fee Review notes that the Firm utilized 46 professionals or paraprofessionals to perform its work during the seventh quarterly fee period (increased from 28 during the first quarterly fee period, 38 during the second quarterly fee period, 40 during the third quarterly fee period, 33 during the fourth quarterly fee period, 44 during the fifth quarterly fee period, and 55 during the sixth quarterly fee period), 16 of whom billed fewer than 15 hours during the seventh quarterly fee period. Of these 46 persons, 17 were non-attorneys/paraprofessionals, including eight of the 16 billing fewer than 15 hours during the seventh quarterly fee period. Rucki Fee Review gives additional scrutiny to time entries of those billing fewer than 15 hours in a quarter to address if the utilization of such particular persons was necessary for the case, but after review and subject to the agreed reductions set forth herein does not object to the utilization of these persons other than to request the waiver of the 0.3 hours and $127.50 in fees billed by one paraprofessional, which the Firm agreed to in compromise of Rucki Fee Review’s request.",/docket/16854880/10620/boy-scouts-of-america/
Boy Scouts of America,215515190,"duplication,budget_staffing_plan",False,False,,"7. Rucki Fee Review notes that it is customary in cases before the Bankruptcy Court for a “reasonable effort” to comply with the Attorney Large Case Guidelines to include preparation of a budget and staffing plan for each applicable law firm agreed to by the client (debtor or committee). Here, the Firm did prepare a prospective budget and staffing plan for seventh quarterly fee period, which is a factor Rucki Fee Review considers in evaluating the staffing and total fees on this matter. The Firm was under its budget for the seventh quarterly fee period by approximately 2%. Subject to the agreed reductions set forth herein, Rucki Fee Review considers the Firm’s work to be well-coordinated within the Firm and with its fellow professionals for the seventh quarterly fee period.",/docket/16854880/10620/boy-scouts-of-america/
Boy Scouts of America,215515190,block_billing,True,False,,"8. Local Rule 2016-2 provides in section (d) that all fee applications shall include complete and detailed activity descriptions; each activity description shall include the type of activity, each activity description shall include the participants to the activity; each activity description shall include the subject matter and shall be sufficiently detailed to allow the bankruptcy court to determine whether all the time, or any portion thereof, is actual, reasonable, and necessary and shall include a time allotment billed in tenths of an hour and not be “lumped” with other entries. Notwithstanding the Local Rule, and consistent with the practice of certain of the Bankruptcy Court’s Judges, Rucki Fee Review does not object to “lumping” where a single timekeeper bills less than 0.5 hours during an entire day in the aggregate (not multiple lumped 0.5 entries).",/docket/16854880/10620/boy-scouts-of-america/
Boy Scouts of America,215515190,"vague,block_billing",True,False,"$14,700.00","9. Rucki Fee Review identified certain entries that it considers lumped or otherwise not fully compliant with the Local Rules for reasons such as not identifying the counterparties to e- mail discussions, which is not an uncommon practice. After conferral with the Firm, the Firm has agreed to a reduction of $14,700.00 on account of these entries in compromise of Rucki Fee Review’s request. For its remaining future fee applications, as with all other firms, Rucki Fee Review has requested the Firm minimize the number of entries that employ phrasing such as “attention to” and “coordinate” which sometimes are vague as to what work was performed (i.e., drafting, reviewing, conferencing, etc.). Rucki Fee Review further requested that preparation time be separately billed from other activity, such as attending calls or hearings, and that the work done to prepare be specified wherever preparation time exceeds 2.0 hours in the aggregate for a given hearing or other event. Likewise, Rucki Fee Review requested the Firm ensure all e-mail correspondence and conferences identify the counterparties to the same.",/docket/16854880/10620/boy-scouts-of-america/
Boy Scouts of America,215515190,overhead_clerical,True,False,$911.50,"10. Administrative tasks that are generally not compensable by a non-chapter 11 client or are secretarial in nature are not compensable in chapter 11. Rucki Fee Review identified certain work it considers administrative in nature, and the Firm agreed to a fee reduction of $911.50 on account of these fees in compromise of Rucki Fee Review’s request.",/docket/16854880/10620/boy-scouts-of-america/
Voyager Digital Holdings Inc.,347377784,billing_activities,True,True,,"6. On August 4, 2022, the Bankruptcy Court entered the Order (I) Establishing Procedures For Interim Compensation And Reimbursement Of Expenses For Retained Professionals And (II) Granting Related Relief (Doc 236) (“Interim Compensation Order”). The Interim Compensation Order sets forth Compensation Procedures (as defined therein) which permit Retained Professionals to be partially paid on an interim and monthly basis. In summary, under the Compensation Procedures, each Retained Professional is authorized to file and serve a detailed monthly fee statement (“Monthly Fee Statement”) on or after the 20th day following the month for which compensation is sought. The Monthly Fee Statement must contain a list of individuals who provided services, including title, billing rate, and aggregate hours spent by each timekeeper and include contemporaneous time records maintained in increments of 1/10 of an hour. The Monthly Fee Statement must also provide a reasonably detailed breakdown of disbursements incurred in accordance with applicable local rules and guidelines. (Interim Compensation Order ¶ 2. a. – c.)",/docket/63571949/1425/voyager-digital-holdings-inc/
Voyager Digital Holdings Inc.,347377784,billing_activities,True,False,,"15. At the outset of her appointment, the Fee Examiner requested that all Retained Professionals transmit to NCRS their time records for their respective Interim Fee Application in LEDES or excel format which NCRS in turn downloaded into its proprietary software for review and analysis.",/docket/63571949/1425/voyager-digital-holdings-inc/
Voyager Digital Holdings Inc.,347377784,duplication,False,False,,"21. The Bankruptcy Court expressed concern at the February 2023 Fee Hearing that the approach of a prospective fee examiner might be to obtain a preset percentage reduction of fees. The Fee Examiner assures the Bankruptcy Court that obtaining a specific percentage reduction of fees was neither a goal of the Fee Examiner nor a method employed by the Fee Examiner. As outlined in detail below, a comprehensive and tailored process was employed by the Fee Examiner to review and assess each Interim Fee Application and there was no preset goal to achieve a specific level of reductions or to achieve any reductions. Certain areas of examination are objective and if reductions are warranted, they are easy to quantify. 2 Certain areas of examination (including determinations of reasonableness and staffing) are subjective and as to those areas the Fee Examiner exercised her best judgment. In so doing, the Fee Examiner was 2 The Fee Examiner endeavored to be consistent in her positions on issues in her review of the Interim Fee Applications. The application of certain objective findings resulted in nominal reductions of fees and/or expenses for certain Retained Professionals and, for consistency, such nominal reductions were requested. mindful of the practical judgments that professionals make on an ongoing basis and often under time constraints. The Fee Examiner also considered the complexity of the Debtors’ cases and the unexpected trajectory of these cases as well as the specific and sometimes unique issues in these cases. The Fee Examiner’s recommendations were also informed by the consultation process following issuance of the Preliminary Reports.",/docket/63571949/1425/voyager-digital-holdings-inc/
Voyager Digital Holdings Inc.,347377784,"billing_activities,duplication",True,False,,"22. With respect to each Interim Fee Application, the Fee Examiner (or the Fee Reviewer) reviewed: (a) the retention application; (b) the declaration of disinterestedness; (c) the Order approving retention of the Retained Professional; (d) supplemental declarations of disinterestedness or disclosures; (e) any notice of rate change; and (f) the interim fee application including the narrative and all exhibits. Thereafter, the Fee Examiner (or Fee Reviewer) reviewed and analyzed time records in NCRS’ proprietary software which allows for the review by multiple methods including, without limitation: by timekeeper; by date; by project category; searches by a targeted word or words; by Court hearing; by time spent in a day; for mathematical errors; etc. The software also allows NCRS to produce reports that allow for efficient review by the Fee Examiner for, inter alia, duplicate time entries, mathematical discrepancies, billing rate and date changes, etc. As the Fee Examiner navigated the review, she cross referenced other Interim Fee Applications and reviewed specific filings in the Bankruptcy Court. The NCRS software also allows the Fee Examiner to extrapolate time entries and prepare charts based on specific searches.",/docket/63571949/1425/voyager-digital-holdings-inc/
Voyager Digital Holdings Inc.,347377784,"vague,block_billing,billing_activities,nonworking_travel,transitory_timekeepers,duplication,rates,budget_staffing_plan",True,False,,"24. The Fee Examiner’s review encompassed many specific areas including, but not limited to: a. Rates charged and the proper implementation of any rate increases; b. Budgeted versus actual fees; c. Whether work performed fell within the scope of retention under the applicable retention order; d. Necessity of services performed and benefit to the estate; e. Overlap and duplication among firms and within a firm; f. Excessive time spent on a particular task or filing; g. Appropriateness of staffing; h. Use of transitory timekeepers; i. Timekeepers who billed a high number of hours in a day; j. Level of attendance at Bankruptcy Court hearings, at meetings, and on calls; k. Time spent on the preparation of monthly fee statements and fee applications; l. Time spent on non-compensable tasks such as those not ordinarily billed to clients outside of bankruptcy (e.g., conflict checks, preparation of engagement letters, revising time records); m. Billing rates for non-working travel time; n. Vague time entries; o. Repetitive time entries; p. Block billing; q. Duplicate time entries; and r. Mathematical errors.",/docket/63571949/1425/voyager-digital-holdings-inc/
Voyager Digital Holdings Inc.,347377784,"duplication,expenses",False,False,,"25. The Fee Examiner also reviewed all expenses for which reimbursement was sought and for certain expenses requested backup documentation. Expenses were also reviewed for a multitude of issues including, but not limited to: a. Whether the amount charged was within the caps for out-of-town meals, lodging, and overtime meals; b. Ensuring that airfare was billed at coach rates; c. To determine whether the expense was non-compensable overhead; d. To confirm that there was no markup on expenses charged; e. Whether a timekeeper’s overtime meal or overtime transportation was warranted based on the hours worked that day by the timekeeper; f. Duplicate expenses; and g. Whether the expense was erroneously billed to these cases.",/docket/63571949/1425/voyager-digital-holdings-inc/
Voyager Digital Holdings Inc.,347377784,"vague,billing_activities,transitory_timekeepers",True,False,,"31. The Fee Examiner’s Preliminary Report to Kirkland addressed the following issues: implementation of rate change; transitory timekeepers; non-compensable work; vague time entries; level of attendance at Court hearings; time spent on reviewing and revising invoices; potentially excessive associate time; time spent addressing objections to fee applications; and miscellaneous time entries that did not appear compensable or appeared excessive. The Fee Examiner also requested further information (a) as to the division of the regulatory work between Kirkland and the Debtors’ special regulatory counsel, Paul Hastings LLP and (b) the reasonableness of what appeared to be excessive time spent preparing certain Bankruptcy Court filings.",/docket/63571949/1425/voyager-digital-holdings-inc/
Voyager Digital Holdings Inc.,347377784,billing_activities,True,False,"$6,450.72,$1,333,197.50,$1,143,583.40,$9,651.89,$8,143.16,$931.64,$949.12","33. The Fee Examiner reviewed the expenses requested by Kirkland in its Second Fee Application and requested certain backup documentation and verification. In providing this information, Kirkland identified an invoice that was erroneously billed to these cases. In addition, based on objections of the Fee Examiner, Kirkland agreed to reduce its request for certain overtime meals, transportation invoices and research charges. In the aggregate, Kirkland has agreed to reduce its expenses by $6,450.72. With that reduction, the Fee Examiner has no objection to the balance of expenses requested by Kirkland in its Second Application. Firm: Paul Hastings LLP (“Paul Hastings”) Role: Special Regulatory Counsel to Debtors Periods Covered: July 5, 2022 – October 31, 2022 (“First Application”) November 1, 2022 – February 28, 2023 (“Second Application”) Fees Requested: $1,333,197.50 (First Application) $1,143,583.40 (Second Application) Expenses Requested: $9,651.89 (First Application) $8,143.16 (Second Application) Blended Hourly Rate for Attorneys: $931.64 (First Application) $949.12 (Second Application)",/docket/63571949/1425/voyager-digital-holdings-inc/
Voyager Digital Holdings Inc.,347377784,rates,False,False,,"36. During the almost four-month period covered by the First Application, Paul Hastings billed 1,434.4 hours utilizing 25 attorneys (six partners, four counsel, 14 associates, and one other attorney) and two paraprofessionals. During the four-month period covered by the Second Application, Paul Hastings billed 1,235.4 hours utilizing 31 attorneys (eight partners, seven counsel, 15 associates, and one other attorney) and four paraprofessionals. Paul Hastings discloses that when it was retained by the Debtors in the pre-petition period (in 2021), Paul Hastings reduced its hourly rates by twenty percent (20%). Paul Hastings continued that discount in the Debtors’ chapter 11 cases.",/docket/63571949/1425/voyager-digital-holdings-inc/
Voyager Digital Holdings Inc.,347377784,"vague,billing_activities,transitory_timekeepers,rates",True,False,,37. The Fee Examiner’s Preliminary Report to Paul Hastings addressed the following issues: implementation of rate increases; a small computation error; transitory timekeepers; potential non-compensable work; work that appeared to be outside the scope of Paul Hastings’ retention as regulatory counsel; and vague and repetitive entries. The Fee Examiner also noted issues relating to work performed under the category of Retention/Fee Application including: non-compensable work relating to conflict checks and invoices; potentially excessive work relating to preparation of Paul Hastings’ retention application; work relating to that portion of Paul Hastings retention application that dealt with the Celsius matter; and work relating to addressing and defending against the U.S. Trustee’s partial objection to Paul Hastings’ retention.,/docket/63571949/1425/voyager-digital-holdings-inc/
Voyager Digital Holdings Inc.,347377784,"vague,transitory_timekeepers",True,False,,42. The Fee Examiner’s Preliminary Report to Quinn noted issues based on: computation errors; a transitory timekeeper; a limited number of vague time entries; potentially excessive time spent preparing the fee application; time spent addressing objections to Quinn’s First Fee Application; and time billed that might possibly be outside the scope of Quinn’s retention.,/docket/63571949/1425/voyager-digital-holdings-inc/
Voyager Digital Holdings Inc.,347377784,"vague,rates",True,False,,46. The Fee Examiner’s Preliminary Report to Katten identified issues based on: implementation of rate increases; certain potentially non-compensable work; and vague time entries.,/docket/63571949/1425/voyager-digital-holdings-inc/
Voyager Digital Holdings Inc.,347377784,rates,False,False,,50. The Fee Examiner’s Preliminary Report to ArentFox identified three issues: implementation of rate increases; non-compensable work; and a computation error.,/docket/63571949/1425/voyager-digital-holdings-inc/
Voyager Digital Holdings Inc.,347377784,"transitory_timekeepers,duplication,rates",False,False,,58. The Fee Examiner’s Preliminary Report to Berkeley noted issues based on: implementation of rate increases; potentially excessive and non-compensable time relating to preparation of fee statements; transitory timekeepers; potential duplication/overlap of services with the Debtors’ investment banker; and level of attendance at meetings or on calls.,/docket/63571949/1425/voyager-digital-holdings-inc/
Voyager Digital Holdings Inc.,347377784,"transitory_timekeepers,duplication",False,False,,63. The Fee Examiner’s Preliminary Report to Deloitte Tax noted issues based on: transitory timekeepers; potential non-compensable work; and staffing levels at meetings and on calls.,/docket/63571949/1425/voyager-digital-holdings-inc/
Voyager Digital Holdings Inc.,347377784,"transitory_timekeepers,rates",False,False,"$1,300,$1,490.00,$2,090.50","66. McDermott serves as counsel to the Creditors’ Committee. This is McDermott’s Second Application and it covers a period of four months. During the period covered by the Second Application, McDermott billed 6,166.2 hours utilizing 43 professionals (12 partners, three counsel, four staff attorneys, and 24 associates), one law clerk and 12 paraprofessionals. The Fee Examiner notes that McDermott discounted its standard hourly rates by 10% for these cases. In addition to this 10% discount, McDermott agreed to a maximum hourly rate of $1,300 and, upon a rate change on notice (effective in January 2023), a maximum hourly rate of $1,490.00. McDermott discloses in its Second Application that it also voluntarily reduced its fees by $2,090.50 for three hours billed by transitory timekeepers.",/docket/63571949/1425/voyager-digital-holdings-inc/
Voyager Digital Holdings Inc.,347377784,"nonworking_travel,duplication,rates",True,False,,67. The Fee Examiner’s Preliminary Report to McDermott raised issues concerning: implementation of rate increases; duplicate entries; computation errors; non-compensable time; level of time spent on preparation of monthly fee statements; and rates charged for non-working travel. The Fee Examiner also questioned the time spent on certain Bankruptcy Court filings and time billed by one attorney.,/docket/63571949/1425/voyager-digital-holdings-inc/
Voyager Digital Holdings Inc.,347377784,"billing_activities,rates",True,False,,72. The Fee Examiner’s Preliminary Report to Harney noted limited issues relating to time spent on invoices and implementation of rate increases.,/docket/63571949/1425/voyager-digital-holdings-inc/
Voyager Digital Holdings Inc.,347377784,rates,False,False,,"75. Cassels is Canadian counsel to the Creditors’ Committee. This is Cassels’ Second Application and it covers a period of four months. During the period covered by the Second Application, Cassels billed 102.9 hours utilizing three attorneys (two partners and one associate). Cassels discounted its hourly rates by 10%.",/docket/63571949/1425/voyager-digital-holdings-inc/
Voyager Digital Holdings Inc.,347377784,rates,False,False,,76. The Fee Examiner’s Preliminary Report to Cassels noted one small issue relating to implementation of rate increases and one issue relating to an expense.,/docket/63571949/1425/voyager-digital-holdings-inc/
Voyager Digital Holdings Inc.,347377784,"transitory_timekeepers,budget_staffing_plan",False,False,"$5,688.05,$4,092.05,$1,596.00","78. FTI is Financial Advisor to the Creditors’ Committee. This is FTI’s Second Application and it covers a period of four months. During the period covered by the Second Application, FTI billed 2,902 hours utilizing 38 professionals (eight senior managing directors, four managing directors, six senior directors, seven directors, four senior consultants, eight consultants, and one manager). FTI discloses in its Second Application that it voluntarily reduced its fees by $5,688.05 for time spent reviewing time entries and preparing fee budget analyses ($4,092.05) and for the time of two transitory timekeepers ($1,596.00).",/docket/63571949/1425/voyager-digital-holdings-inc/
Voyager Digital Holdings Inc.,347377784,"vague,billing_activities,transitory_timekeepers,rates",True,False,,"79. The Fee Examiner’s Preliminary Report to FTI raised issues concerning: implementation of rate increases; transitory timekeepers; non-compensable and potentially excessive time spent on invoices; other non-compensable time; vague time entries; and potentially excessive time preparing and reviewing emails. The Fee Examiner also questioned whether certain work was within the scope of FTI’s retention following the retention of M3 Advisory Partners, LP.",/docket/63571949/1425/voyager-digital-holdings-inc/
Voyager Digital Holdings Inc.,347377784,duplication,False,False,,"80. Following a review of the Preliminary Report, FTI provided the Fee Examiner with a detailed response in which FTI agreed with certain reductions recommended by the Fee Examiner and proposed a resolution on one issue which was acceptable to the Fee Examiner. FTI also provided the Fee Examiner with a detailed explanation on the potential overlap of work with M3 Advisory Partners identified by the Fee Examiner which ultimately led to a negotiated reduction on that issue.",/docket/63571949/1425/voyager-digital-holdings-inc/
Voyager Digital Holdings Inc.,347377784,"vague,transitory_timekeepers,duplication",True,False,,"85. The Fee Examiner’s Preliminary Report to M3 addressed the use of a transitory timekeeper and time entries that were vague. In addition, the Fee Examiner also sought an explanation as to certain work performed by M3 and whether it overlapped with work performed by FTI.",/docket/63571949/1425/voyager-digital-holdings-inc/
Voyager Digital Holdings Inc.,347377784,"vague,billing_activities",True,False,,"86. Following a review of the Preliminary Report, M3 supplemented vague time records to the satisfaction of the Fee Examiner, agreed to a reduction based on time billed by one professional, and at a meeting with the Fee Examiner adequately explained why certain work M3 performed was within the scope of its retention.",/docket/63571949/1425/voyager-digital-holdings-inc/
Voyager Digital Holdings Inc.,347377784,duplication,False,False,,90. The Fee Examiner’s Preliminary Report to Epiq noted time entries that might reflect duplication of services of several timekeepers.,/docket/63571949/1425/voyager-digital-holdings-inc/
Voyager Digital Holdings Inc.,370185863,billing_activities,True,False,,"7. On August 4, 2022, the Bankruptcy Court entered the Order (I) Establishing Procedures For Interim Compensation And Reimbursement Of Expenses For Retained Professionals And (II) Granting Related Relief (Doc 236) (“Interim Compensation Order”). The Interim Compensation Order sets forth Compensation Procedures (as defined therein) which permit Retained Professionals to be partially paid on an interim and monthly basis. In summary, under the Compensation Procedures, each Retained Professional is authorized to file and serve a detailed monthly fee statement (“Monthly Fee Statement”) on or after the 20th day following the month for which compensation is sought. The Monthly Fee Statement contains a list of individuals who provided services, including title, billing rate, and aggregate hours spent by each timekeeper and includes contemporaneous time records maintained in increments of 1/10 of an hour. The Monthly Fee Statement also provides a reasonably detailed breakdown of disbursements incurred in accordance with applicable local rules and guidelines. (Interim Compensation Order ¶ 2. a. – c.)",/docket/63571949/1568/voyager-digital-holdings-inc/
Voyager Digital Holdings Inc.,370185863,billing_activities,True,False,,"17. At the outset of her appointment, the Fee Examiner requested that all Retained Professionals transmit to NCRS their time records in LEDES or excel format which NCRS in turn downloads into its proprietary software for review and analysis. The Retained Professionals each submitted their time records to NCRS in LEDES or excel format for the Final Interim Period.",/docket/63571949/1568/voyager-digital-holdings-inc/
Voyager Digital Holdings Inc.,370185863,duplication,False,False,,"19. As outlined in detail below, a comprehensive and tailored process was employed by the Fee Examiner to review and assess each Fee Application. There was no preset goal to achieve a specific level of reductions or to achieve any reductions. Certain areas of examination are objective and if reductions are warranted, they are easy to quantify. 2 Certain areas of examination (including determinations of reasonableness and staffing) are subjective and as to those areas the Fee Examiner exercised her best judgment. In so doing, the Fee Examiner was mindful of the practical judgments that professionals make on an ongoing basis and often under time constraints. The Fee Examiner also considered the complexity of the Debtors’ cases and the unexpected trajectory of these cases as well as the specific and sometimes unique issues in these cases. The Fee Examiner’s recommendations were also informed by the consultation process following issuance of the Preliminary Reports.",/docket/63571949/1568/voyager-digital-holdings-inc/
Voyager Digital Holdings Inc.,370185863,"billing_activities,duplication",True,False,,"20. The Fee Examiner (or the Fee Reviewer) had previously reviewed with respect to each Retained Professional: (a) the retention application; (b) the declaration of disinterestedness; (c) the Order approving retention of the Retained Professional; (d) supplemental declarations of disinterestedness or disclosures; and (e) any notice of rate change. In connection with the review of the Fee Applications, these documents were consulted as needed. The Fee Examiner (or the Fee Reviewer) reviewed each Fee Application including the narrative and all exhibits. Thereafter, the Fee Examiner (or Fee Reviewer) reviewed and analyzed time records in NCRS’ proprietary software which allows for the review by multiple methods including, without limitation: by timekeeper; by date; by project category; searches by a targeted word or words; by Court hearing; by time spent in a day; for mathematical errors; etc. The software also allows 2 The Fee Examiner endeavored to be consistent in her positions on issues in her review of the Fee Applications. The application of certain objective findings resulted in nominal reductions of fees and/or expenses for certain Retained Professionals and, for consistency, such nominal reductions were requested. NCRS to produce reports that allow for efficient review by the Fee Examiner for, inter alia, duplicate time entries, mathematical discrepancies, billing rates and date changes, etc. As the Fee Examiner navigated the review, she cross referenced among Fee Applications and, as needed, reviewed specific filings. The NCRS software also allows the Fee Examiner to extrapolate time entries and prepare charts based on specific searches.",/docket/63571949/1568/voyager-digital-holdings-inc/
Voyager Digital Holdings Inc.,370185863,"vague,block_billing,billing_activities,nonworking_travel,transitory_timekeepers,duplication,rates,budget_staffing_plan",True,False,,"22. The Fee Examiner’s review of fees for the Final Interim Period encompassed many specific areas including, but not limited to: a. Rates charged and the proper implementation of any rate increases; b. Budgeted fees versus actual fees; c. Whether work performed fell within the scope of retention under the applicable retention order; d. Necessity of services performed and benefit to the estate; e. Overlap and duplication among firms and within a firm; f. Excessive time spent on a particular task or filing; g. Appropriateness of staffing; h. Use of transitory timekeepers; i. Timekeepers who billed a high number of hours in a day; j. Level of attendance at Bankruptcy Court hearings, at meetings, and on calls; k. Time spent on the preparation of monthly fee statements and fee applications; l. Time spent on non-compensable tasks such as those not ordinarily billed to clients outside of bankruptcy (e.g., conflict checks, preparation of engagement letters, revising time records); m. Billing rates for non-working travel time; n. Vague time entries; o. Repetitive time entries; p. Block billing; q. Duplicate time entries; and r. Mathematical errors.",/docket/63571949/1568/voyager-digital-holdings-inc/
Voyager Digital Holdings Inc.,370185863,"duplication,expenses",False,False,,"23. The Fee Examiner also reviewed all expenses for which reimbursement was sought in the Fina Interim Period and for certain expenses requested backup documentation. Expenses were also reviewed for a multitude of issues including, but not limited to: a. Whether the amount charged was within the caps for out-of-town meals, lodging, and overtime meals; b. Ensuring that airfare was billed at coach rates; c. To determine whether the expense was non-compensable overhead; d. To confirm that there was no markup on expenses charged; e. Whether a timekeeper’s overtime meal or overtime transportation was warranted based on the hours worked that day by the timekeeper; f. Duplicate expenses; and g. Whether the expense was erroneously billed to these cases.",/docket/63571949/1568/voyager-digital-holdings-inc/
Voyager Digital Holdings Inc.,370185863,"vague,billing_activities,nonworking_travel,transitory_timekeepers",True,False,,"32. The Fee Examiner’s Preliminary Report to Kirkland addressed the following issues: transitory timekeepers; a small mathematical error; certain non-compensable work; non- working travel time; vague time entries; level of attendance at Court hearings; and time spent on reviewing and revising invoices. The Fee Examiner also requested further information as to the division of the regulatory work between Kirkland and the Debtors’ special regulatory counsel, Paul Hastings LLP, during the Final Interim Period.",/docket/63571949/1568/voyager-digital-holdings-inc/
Voyager Digital Holdings Inc.,370185863,billing_activities,True,False,"$14,112.50,$1,716.18,$15,828.68","34. The Fee Examiner reviewed the expenses requested by Kirkland for the Final Interim Period. During its reconciliation process, Kirkland identified four invoices totaling $14,112.50 that were erroneously charged to these cases, and which will be withdrawn from the expense request. The Fee Examiner also reviewed backup documentation for certain invoices and, following discussion, Kirkland agreed to reduce expenses by $1,716.18. Accordingly, in the aggregate, Kirkland has agreed to reduce its expenses by $15,828.68.",/docket/63571949/1568/voyager-digital-holdings-inc/
Voyager Digital Holdings Inc.,370185863,rates,False,True,,"37. As a Retained Professional, and no longer an ordinary course professional, Paul Hastings is required to file fee applications. The Final Interim Period covered in the Fee Application is from March 1, 2023 through May 19, 2023. During the Final Interim Period, Paul Hastings billed 371.4 hours utilizing 41 attorneys (ten partners, seven counsel, 22 associates, and two other attorneys) and nine paraprofessionals. Paul Hastings discloses that when it was retained by the Debtors in the pre-petition period (in 2021), Paul Hastings reduced its hourly rates by twenty percent (20%). Paul Hastings continued that discount in the Debtors’ Chapter 11 cases.",/docket/63571949/1568/voyager-digital-holdings-inc/
Voyager Digital Holdings Inc.,370185863,duplication,False,False,,38. The Fee Examiner’s Preliminary Report to Paul Hastings addressed the following issues: certain non-compensable work; work relating to addressing and defending against the U.S. Trustee’s partial objection to Paul Hastings’ retention; and staffing at Court hearings.,/docket/63571949/1568/voyager-digital-holdings-inc/
Voyager Digital Holdings Inc.,370185863,duplication,False,False,,47. The Fee Examiner’s Preliminary Report to Katten identified issues based on: mathematical errors; certain potentially non-compensable work; staffing at the confirmation hearing; and time spent on preparation of fee statements.,/docket/63571949/1568/voyager-digital-holdings-inc/
Voyager Digital Holdings Inc.,370185863,billing_activities,True,False,,57. The Fee Examiner’s Preliminary Report to Potter identified a limited number of time entries for non-compensable work relating to preparation of invoices.,/docket/63571949/1568/voyager-digital-holdings-inc/
Voyager Digital Holdings Inc.,370185863,duplication,False,False,,62. The Fee Examiner’s Preliminary Report to Berkeley noted certain non-compensable time including relating to preparation of fee statements and Berkeley’s staffing at Court hearings. The Fee Examiner also requested further information to determine whether rebalancing work performed by Berkeley overlapped with work performed by the Debtors’ investment banker.,/docket/63571949/1568/voyager-digital-holdings-inc/
Voyager Digital Holdings Inc.,370185863,duplication,False,False,$100.00,"64. The Fee Examiner reviewed the expenses requested by Berkeley and requested certain supporting documentation. In providing that documentation, Berkeley reduced its request for expenses by $100.00 based on a duplicate charge. With that reduction, the Fee Examiner has no objection to reimbursement of the balance of expenses requested by Berkeley for the Final Interim Period.",/docket/63571949/1568/voyager-digital-holdings-inc/
Voyager Digital Holdings Inc.,370185863,"transitory_timekeepers,duplication",False,False,,"67. The Fee Examiner’s Preliminary Report to Deloitte Tax noted issues based on transitory timekeepers, non-compensable work, and a small duplicate entry.",/docket/63571949/1568/voyager-digital-holdings-inc/
Voyager Digital Holdings Inc.,370185863,vague,True,False,,"72. The Fee Examiner’s Preliminary Report to Grant Thornton addressed whether billings were in accordance with the Statement of Work, vague time entries, and non- compensable time.",/docket/63571949/1568/voyager-digital-holdings-inc/
Voyager Digital Holdings Inc.,370185863,rates,False,False,"$120,000.00,$128,000.00,$120,000.00","73. Following review of the Preliminary Report, Grant Thornton and the Fee Examiner met and discussed the issues raised in the Preliminary Report. As explained to the Fee Examiner, Grant Thornton had been engaged by the Debtors prior to the bankruptcy filings. At that time, Grant Thornton discussed with Debtors’ management that Grant Thornton’s fees would be approximately $120,000.00. The Statement of Work provided for a 50% discount on standard hourly rates for much (but not all) of the work Grant Thornton was retained to perform. Grant Thornton demonstrated to the Fee Examiner that discounted fees, in accordance with the Statement of Work, amounted to approximately $128,000.00, but Grant Thornton further voluntarily discounted its fees to $120,000.00. The issues identified by the Fee Examiner in the Preliminary Report fell within the discount voluntarily provided by Grant Thornton. Accordingly, the Fee Examiner has no objection to the fees requested by Grant Thornton. Grant Thornton did not seek reimbursement of expenses.",/docket/63571949/1568/voyager-digital-holdings-inc/
Voyager Digital Holdings Inc.,370185863,rates,False,False,"$1,300.00,$1,490.00","75. McDermott serves as counsel to the Creditors’ Committee. The Final Interim Period covered by the Fee Application is from March 1, 2023 through May 31, 2023. During the Final Interim Period, McDermott billed 5,332.60 hours utilizing 67 professionals (26 partners, three counsel, four staff attorneys, and 34 associates), one law clerk and 14 paraprofessionals. The Fee Examiner notes that McDermott discounted its standard hourly rates by 10% for these cases. In addition to this 10% discount, McDermott agreed to a maximum hourly rate of $1,300.00 and, upon a rate change on notice (effective in January 2023), a maximum hourly rate of $1,490.00.",/docket/63571949/1568/voyager-digital-holdings-inc/
Voyager Digital Holdings Inc.,370185863,"nonworking_travel,transitory_timekeepers,duplication",True,False,,76. The Fee Examiner’s Preliminary Report to McDermott raised issues concerning: mathematical errors; hourly rate of a non-admitted attorney; time spent preparing fee statements; time spent working on fee applications of other Creditors’ Committee professionals; rates for non-working travel time; staffing at the confirmation hearing and another hearing; work billed by transitory timekeepers and a staff attorney; and miscellaneous non-compensable time entries.,/docket/63571949/1568/voyager-digital-holdings-inc/
Voyager Digital Holdings Inc.,370185863,billing_activities,True,False,,83. The Fee Examiner’s Preliminary Report to Harney noted limited issues relating to non-compensable time in connection with invoices and payment.,/docket/63571949/1568/voyager-digital-holdings-inc/
Voyager Digital Holdings Inc.,370185863,rates,False,False,,"86. Cassels is Canadian counsel to the Creditors’ Committee. The Final Interim Period covered by the Fee Application is from March 1, 2023 through May 18, 2023. During the Final Interim Period, Cassels billed 145.60 hours utilizing five attorneys three partners and two associates) and one law student. Cassels discounted its hourly rates by 10%.",/docket/63571949/1568/voyager-digital-holdings-inc/
Voyager Digital Holdings Inc.,370185863,billing_activities,True,False,"$3,358.39","88. Cassels also seeks as part of its final fee award $3,358.39 (USD) of fees incurred after the effective date of the Plan and before Cassels filed its Fee Application. The Fee Examiner requested and reviewed the time records in support of these fees which related to preparation of Cassels monthly fee statements and its Fee Application. The Fee Examiner has no objection to these fees.",/docket/63571949/1568/voyager-digital-holdings-inc/
Voyager Digital Holdings Inc.,370185863,"vague,transitory_timekeepers,duplication,rates",True,False,,92. The Fee Examiner’s Preliminary Report to FTI raised issues concerning: implementation of rate increase for one timekeeper; transitory timekeepers; non-compensable and potentially excessive time spent on fee statements; other non-compensable time; vague time entries; and staffing.,/docket/63571949/1568/voyager-digital-holdings-inc/
Voyager Digital Holdings Inc.,370185863,duplication,False,False,,98. The Fee Examiner’s Preliminary Report to M3 addressed: time spent on preparation of a monthly fee statement and fee application; staffing at the confirmation hearing; and certain potentially non-compensable time.,/docket/63571949/1568/voyager-digital-holdings-inc/
Voyager Digital Holdings Inc.,370185863,"duplication,rates",False,False,,"103. The Fee Examiner’s Preliminary Report to Epiq requested information on certain rate increases, identified non-compensable time, and identified one small duplicate time entry.",/docket/63571949/1568/voyager-digital-holdings-inc/
